simbolo,vencimiento,lado,ventana,fecha_medicion,dte,spot,atm_iv,em,w,banda_lo,banda_hi,pct_lado,xmed,xvalle,argmax,borde,delta_borde,k_delta_max,ata,spot_venc,cerro_mas_alla,toco
SPY,2013-02-16,PUT,2013-2017,2013-01-02,45,146.06,0.13195,6.767,1.692,140.31,142.0,23.82,927.464,,145.0,140.31,0.2257,139.5,delta,152.11,0,0
SPY,2013-02-16,CALL,2013-2017,2013-01-02,45,146.06,0.13195,6.767,1.692,149.0,150.69,64.97,343.607,,150.0,150.69,0.2226,151.15,delta,152.11,1,1
SPY,2013-03-16,PUT,2013-2017,2013-01-30,45,150.07,0.13194,6.953,1.738,144.26,146.0,21.38,3052.847,,145.0,144.26,0.2335,142.95,delta,155.83,0,0
SPY,2013-03-16,CALL,2013-2017,2013-01-30,45,150.07,0.13194,6.953,1.738,155.0,156.74,46.63,1174.125,,155.0,156.74,0.119,154.83,banda,155.83,0,1
SPY,2013-04-20,PUT,2013-2017,2013-03-06,45,154.5,0.11244,6.099,1.525,149.48,151.0,23.58,1455.614,,150.0,149.48,0.2576,147.95,delta,155.48,0,0
SPY,2013-04-20,CALL,2013-2017,2013-03-06,45,154.5,0.11244,6.099,1.525,158.0,159.52,44.89,976.058,,159.0,159.52,0.1426,158.46,banda,155.48,0,1
SPY,2013-05-18,PUT,2013-2017,2013-04-03,45,155.23,0.12707,6.926,1.731,151.27,153.0,25.98,1386.504,,153.0,151.27,0.2922,148.26,delta,166.94,0,0
SPY,2013-05-18,CALL,2013-2017,2013-04-03,45,155.23,0.12707,6.926,1.731,157.0,158.73,32.67,345.111,,163.0,158.73,0.2805,160.15,delta,166.94,1,1
SPY,2013-06-22,PUT,2013-2017,2013-05-08,45,163.34,0.12219,7.008,1.752,154.25,156.0,22.13,1894.923,,155.0,154.25,0.1453,156.42,banda,159.07,0,0
SPY,2013-06-22,CALL,2013-2017,2013-05-08,45,163.34,0.12219,7.008,1.752,165.0,166.75,74.0,467.939,,166.0,166.75,0.2912,168.0,delta,159.07,0,1
SPY,2013-07-20,PUT,2013-2017,2013-06-05,45,161.27,0.15634,8.853,2.213,156.79,159.0,34.66,101.988,,158.0,156.79,0.3184,152.39,delta,169.17,0,1
SPY,2013-07-20,CALL,2013-2017,2013-06-05,45,161.27,0.15634,8.853,2.213,163.0,165.21,42.72,10.399,,165.0,165.21,0.3067,167.39,delta,169.17,1,1
SPY,2013-08-17,PUT,2013-2017,2013-07-03,45,161.28,0.15634,8.853,2.213,154.79,157.0,37.11,189.435,0.355,155.0,154.79,0.2395,153.21,delta,165.83,0,0
SPY,2013-08-17,CALL,2013-2017,2013-07-03,45,161.28,0.15634,8.853,2.213,165.0,167.21,42.88,8.724,,166.0,167.21,0.2258,167.9,delta,165.83,0,1
SPY,2013-09-21,PUT,2013-2017,2013-08-07,45,169.18,0.12707,7.548,1.887,164.11,166.0,24.62,6649.886,,165.0,164.11,0.273,162.02,delta,170.72,0,1
SPY,2013-09-21,CALL,2013-2017,2013-08-07,45,169.18,0.12707,7.548,1.887,171.0,172.89,34.58,42.826,,175.0,172.89,0.2812,174.35,delta,170.72,0,1
SPY,2013-10-19,PUT,2013-2017,2013-09-04,45,165.75,0.14659,8.531,2.133,159.87,162.0,36.85,267.099,0.389,160.0,159.87,0.2734,157.07,delta,174.39,0,0
SPY,2013-10-19,CALL,2013-2017,2013-09-04,45,165.75,0.14659,8.531,2.133,169.0,171.13,58.54,81.093,,170.0,171.13,0.2159,171.52,delta,174.39,1,1
SPY,2013-11-16,PUT,2013-2017,2013-10-02,45,169.18,0.14658,8.707,2.177,164.82,167.0,34.86,204.937,0.75,165.0,164.82,0.3207,160.49,delta,180.05,0,1
SPY,2013-11-16,CALL,2013-2017,2013-10-02,45,169.18,0.14658,8.707,2.177,172.0,174.18,49.65,43.799,,172.0,174.18,0.253,175.05,delta,180.05,1,1
SPY,2013-12-21,PUT,2013-2017,2013-11-06,45,177.17,0.12219,7.602,1.9,169.1,171.0,21.31,1220.292,,170.0,169.1,0.1828,169.66,banda,181.56,0,0
SPY,2013-12-21,CALL,2013-2017,2013-11-06,45,177.17,0.12219,7.602,1.9,179.0,180.9,37.93,159.672,,180.0,180.9,0.2889,182.23,delta,181.56,1,1
SPY,2014-01-18,PUT,2013-2017,2013-12-04,45,179.73,0.11732,7.403,1.851,174.15,176.0,20.37,360.84,,175.0,174.15,0.2672,171.65,delta,183.64,0,0
SPY,2014-01-18,CALL,2013-2017,2013-12-04,45,179.73,0.11732,7.403,1.851,182.0,183.85,35.39,45.169,,183.0,183.85,0.2502,184.86,delta,183.64,0,1
SPY,2014-02-22,PUT,2013-2017,2014-01-08,45,183.52,0.10756,6.931,1.733,179.27,181.0,32.62,1496.675,,180.0,179.27,0.2846,176.41,delta,183.89,0,1
SPY,2014-02-22,CALL,2013-2017,2014-01-08,45,183.52,0.10756,6.931,1.733,187.0,188.73,38.27,33.571,,187.0,188.73,0.2073,188.84,delta,183.89,0,0
SPY,2014-03-22,PUT,2013-2017,2014-02-05,45,175.17,0.17097,10.516,2.629,169.37,172.0,33.68,401.63,,170.0,169.37,0.3033,164.65,delta,186.2,0,0
SPY,2014-03-22,CALL,2013-2017,2014-02-05,45,175.17,0.17097,10.516,2.629,178.0,180.63,29.65,6.939,0.547,180.0,180.63,0.2677,182.36,delta,186.2,1,1
SPY,2014-04-19,PUT,2013-2017,2014-03-05,45,187.75,0.11732,7.734,1.933,179.07,181.0,21.03,862.81,,180.0,179.07,0.1923,179.6,banda,186.39,0,0
SPY,2014-04-19,CALL,2013-2017,2014-03-05,45,187.75,0.11732,7.734,1.933,189.0,190.93,67.43,18.832,,190.0,190.93,0.3101,193.06,delta,186.39,0,0
SPY,2014-05-17,PUT,2013-2017,2014-04-02,45,188.88,0.11244,7.457,1.864,184.14,186.0,19.7,808.517,,180.0,184.14,0.2829,181.37,delta,188.05,0,1
SPY,2014-05-17,CALL,2013-2017,2014-04-02,45,188.88,0.11244,7.457,1.864,190.0,191.86,36.62,11.668,,190.0,191.86,0.3397,194.28,delta,188.05,0,0
SPY,2014-06-21,PUT,2013-2017,2014-05-07,45,187.88,0.12219,8.061,2.015,182.98,185.0,28.42,3224.461,,180.0,182.98,0.2888,179.85,delta,195.94,0,0
SPY,2014-06-21,CALL,2013-2017,2014-05-07,45,187.88,0.12219,8.061,2.015,193.0,195.02,51.61,10.167,,194.0,195.02,0.1308,193.51,banda,195.94,1,1
SPY,2014-07-19,PUT,2013-2017,2014-06-04,45,193.19,0.10755,7.296,1.824,186.18,188.0,19.27,487.102,,191.0,186.18,0.2207,185.51,delta,197.71,0,0
SPY,2014-07-19,CALL,2013-2017,2014-06-04,45,193.19,0.10755,7.296,1.824,195.0,196.82,48.82,43.04,0.488,195.0,196.82,0.2682,198.11,delta,197.71,1,1
SPY,2014-08-16,PUT,2013-2017,2014-07-02,45,197.23,0.09292,6.435,1.609,191.39,193.0,23.79,395.801,,192.0,191.39,0.2281,190.42,delta,195.72,0,1
SPY,2014-08-16,CALL,2013-2017,2014-07-02,45,197.23,0.09292,6.435,1.609,199.0,200.61,69.08,207.278,,200.0,200.61,0.2923,202.43,delta,195.72,0,0
SPY,2014-09-20,PUT,2013-2017,2014-08-06,45,192.07,0.14659,9.886,2.471,187.53,190.0,32.42,82.868,,190.0,187.53,0.3336,181.97,delta,200.7,0,0
SPY,2014-09-20,CALL,2013-2017,2014-08-06,45,192.07,0.14659,9.886,2.471,198.0,200.47,44.45,39.506,,198.0,200.47,0.1202,198.46,banda,200.7,1,1
SPY,2014-10-18,PUT,2013-2017,2014-09-03,45,200.5,0.10755,7.572,1.893,193.11,195.0,21.44,191.68,0.52,195.0,193.11,0.2298,192.02,delta,188.47,1,1
SPY,2014-10-18,CALL,2013-2017,2014-09-03,45,200.5,0.10755,7.572,1.893,205.0,206.89,88.65,140.591,,205.0,206.89,0.1646,205.85,banda,188.47,0,0
SPY,2014-11-22,PUT,2013-2017,2014-10-08,45,196.64,0.13195,9.11,2.278,192.72,195.0,34.98,47.071,,195.0,192.72,0.3361,187.3,delta,206.68,0,1
SPY,2014-11-22,CALL,2013-2017,2014-10-08,45,196.64,0.13195,9.11,2.278,199.0,201.28,41.37,63.334,0.428,200.0,201.28,0.2854,202.91,delta,206.68,1,1
SPY,2014-12-20,PUT,2013-2017,2014-11-05,45,202.34,0.13194,9.374,2.344,194.66,197.0,23.66,37.158,,195.0,194.66,0.242,192.45,delta,206.52,0,0
SPY,2014-12-20,CALL,2013-2017,2014-11-05,45,202.34,0.13194,9.374,2.344,204.0,206.34,56.2,183.838,0.106,205.0,206.34,0.3182,208.74,delta,206.52,1,1
SPY,2015-01-17,PUT,2013-2017,2014-12-03,45,207.89,0.11244,8.207,2.052,197.95,200.0,26.26,199.756,0.433,200.0,197.95,0.185,198.56,banda,201.63,0,1
SPY,2015-01-17,CALL,2013-2017,2014-12-03,45,207.89,0.11244,8.207,2.052,210.0,212.05,64.18,78.03,,212.0,212.05,0.2551,213.2,delta,201.63,0,1
SPY,2015-02-20,PUT,2013-2017,2015-01-06,45,199.82,0.17585,12.338,3.084,192.92,196.0,43.48,580.675,,196.0,192.92,0.303,187.35,delta,211.24,0,0
SPY,2015-02-20,CALL,2013-2017,2015-01-06,45,199.82,0.17585,12.338,3.084,207.0,210.08,38.97,5.079,,210.0,210.08,0.1458,208.66,banda,211.24,1,1
SPY,2015-03-20,PUT,2013-2017,2015-02-03,45,204.84,0.15146,10.894,2.723,199.28,202.0,25.48,37.095,,200.0,199.28,0.3256,193.07,delta,210.41,0,0
SPY,2015-03-20,CALL,2013-2017,2015-02-03,45,204.84,0.15146,10.894,2.723,208.0,210.72,28.19,6.84,,210.0,210.72,0.2491,211.96,delta,210.41,0,1
SPY,2015-04-17,PUT,2013-2017,2015-03-03,45,211.12,0.12219,9.058,2.264,204.74,207.0,26.94,294.572,0.426,205.0,204.74,0.2833,201.11,delta,207.95,0,1
SPY,2015-04-17,CALL,2013-2017,2015-03-03,45,211.12,0.12219,9.058,2.264,213.0,215.26,41.19,48.169,,215.0,215.26,0.2831,216.69,delta,207.95,0,0
SPY,2015-05-15,PUT,2013-2017,2015-03-31,45,206.43,0.14658,10.624,2.656,198.34,201.0,29.95,134.685,,200.0,198.34,0.2504,196.1,delta,212.44,0,0
SPY,2015-05-15,CALL,2013-2017,2015-03-31,45,206.43,0.14658,10.624,2.656,210.0,212.66,41.3,28.299,,210.0,212.66,0.239,213.6,delta,212.44,0,0
SPY,2015-06-19,PUT,2013-2017,2015-05-05,45,208.9,0.14171,10.394,2.599,204.4,207.0,31.11,85.057,,205.0,204.4,0.3389,198.46,delta,210.81,0,0
SPY,2015-06-19,CALL,2013-2017,2015-05-05,45,208.9,0.14171,10.394,2.599,213.0,215.6,39.73,9.493,,215.0,215.6,0.2059,215.7,delta,210.81,0,0
SPY,2015-07-17,PUT,2013-2017,2015-06-02,45,211.36,0.12219,9.068,2.267,206.73,209.0,31.46,297.151,0.405,200.0,206.73,0.3307,201.33,delta,212.47,0,1
SPY,2015-07-17,CALL,2013-2017,2015-06-02,45,211.36,0.12219,9.068,2.267,217.0,219.27,34.25,3.318,,218.0,219.27,0.1084,216.84,banda,212.47,0,0
SPY,2015-08-21,PUT,2013-2017,2015-07-07,45,208.01,0.1417,10.349,2.587,203.41,206.0,32.62,102.253,,205.0,203.41,0.3401,197.19,delta,197.63,1,1
SPY,2015-08-21,CALL,2013-2017,2015-07-07,45,208.01,0.1417,10.349,2.587,210.0,212.59,28.38,5.771,,210.0,212.59,0.3151,215.25,delta,197.63,0,1
SPY,2015-09-18,PUT,2013-2017,2015-08-04,45,209.32,0.12707,9.339,2.335,203.67,206.0,27.7,204.358,,205.0,203.67,0.2968,199.85,delta,195.36,1,1
SPY,2015-09-18,CALL,2013-2017,2015-08-04,45,209.32,0.12707,9.339,2.335,213.0,215.33,38.54,24.853,,215.0,215.33,0.1899,215.18,banda,195.36,0,0
SPY,2015-10-16,PUT,2013-2017,2015-09-01,45,191.77,0.25877,17.425,4.356,181.64,186.0,33.03,82.35,,185.0,181.64,0.2903,174.41,delta,203.27,0,0
SPY,2015-10-16,CALL,2013-2017,2015-09-01,45,191.77,0.25877,17.425,4.356,204.0,208.36,32.24,12.948,,200.0,208.36,0.1017,203.61,banda,203.27,0,0
SPY,2015-11-20,PUT,2013-2017,2015-10-06,45,197.79,0.17585,12.213,3.053,186.95,190.0,27.08,229.488,,190.0,186.95,0.2203,185.87,delta,209.31,0,0
SPY,2015-11-20,CALL,2013-2017,2015-10-06,45,197.79,0.17585,12.213,3.053,204.0,207.05,37.26,247.79,,200.0,207.05,0.1854,206.55,banda,209.31,1,1
SPY,2016-01-15,PUT,2013-2017,2015-12-01,45,210.68,0.13195,9.761,2.44,202.56,205.0,20.73,207.95,,205.0,202.56,0.251,200.15,delta,187.81,1,1
SPY,2016-01-15,CALL,2013-2017,2015-12-01,45,210.68,0.13195,9.761,2.44,213.0,215.44,45.87,3.86,,215.0,215.44,0.254,216.71,delta,187.81,0,0
SPY,2016-02-19,PUT,2013-2017,2016-01-05,45,201.36,0.17585,12.433,3.108,194.89,198.0,36.98,1635.7,0.273,198.0,194.89,0.2996,189.84,delta,192.0,1,1
SPY,2016-02-19,CALL,2013-2017,2016-01-05,45,201.36,0.17585,12.433,3.108,205.0,208.11,43.74,57.934,,207.0,208.11,0.2649,209.81,delta,192.0,0,0
SPY,2016-03-18,PUT,2013-2017,2016-02-02,45,190.16,0.20999,14.021,3.505,184.49,188.0,34.16,127.638,0.212,185.0,184.49,0.3418,176.95,delta,204.38,0,1
SPY,2016-03-18,CALL,2013-2017,2016-02-02,45,190.16,0.20999,14.021,3.505,199.0,202.51,38.05,67.448,,200.0,202.51,0.1259,199.86,banda,204.38,1,1
SPY,2016-04-15,PUT,2013-2017,2016-03-01,45,198.11,0.16121,11.214,2.804,189.2,192.0,24.03,204.768,,190.0,189.2,0.2507,186.55,delta,207.78,0,0
SPY,2016-04-15,CALL,2013-2017,2016-03-01,45,198.11,0.16121,11.214,2.804,200.0,202.8,49.45,362.554,,202.0,202.8,0.3184,205.69,delta,207.78,1,1
SPY,2016-05-20,PUT,2013-2017,2016-04-05,45,204.19,0.1417,10.159,2.54,199.46,202.0,32.43,435.526,0.302,200.0,199.46,0.3264,194.05,delta,205.49,0,0
SPY,2016-05-20,CALL,2013-2017,2016-04-05,45,204.19,0.1417,10.159,2.54,210.0,212.54,42.09,16.424,,211.0,212.54,0.1509,211.36,banda,205.49,0,0
SPY,2016-06-17,PUT,2013-2017,2016-05-03,45,206.16,0.15146,10.964,2.741,193.26,196.0,22.18,723.41,0.456,194.0,193.26,0.1685,195.39,banda,206.52,0,0
SPY,2016-06-17,CALL,2013-2017,2016-05-03,45,206.16,0.15146,10.964,2.741,210.0,212.74,34.15,164.754,,210.0,212.74,0.2226,213.24,delta,206.52,0,0
SPY,2016-07-15,PUT,2013-2017,2016-05-31,45,209.84,0.11732,8.644,2.161,199.84,202.0,22.03,103.28,,205.0,199.84,0.1979,199.93,banda,215.83,0,1
SPY,2016-07-15,CALL,2013-2017,2016-05-31,45,209.84,0.11732,8.644,2.161,215.0,217.16,45.71,8.244,,215.0,217.16,0.126,215.53,banda,215.83,0,0
SPY,2016-08-19,PUT,2013-2017,2016-07-05,45,208.41,0.13683,10.013,2.503,203.5,206.0,24.86,307.317,,205.0,203.5,0.3192,198.13,delta,218.54,0,0
SPY,2016-08-19,CALL,2013-2017,2016-07-05,45,208.41,0.13683,10.013,2.503,210.0,212.5,35.57,4.487,0.426,210.0,212.5,0.3374,215.44,delta,218.54,1,1
SPY,2016-09-16,PUT,2013-2017,2016-08-02,45,215.55,0.12219,9.248,2.312,209.69,212.0,25.28,68.666,0.305,212.0,209.69,0.2898,205.89,delta,213.37,0,0
SPY,2016-09-16,CALL,2013-2017,2016-08-02,45,215.55,0.12219,9.248,2.312,218.0,220.31,41.19,1847.79,,220.0,220.31,0.2621,221.79,delta,213.37,0,0
SPY,2016-10-21,PUT,2013-2017,2016-09-06,45,219.03,0.10268,7.897,1.974,214.03,216.0,23.26,1058.875,0.391,215.0,214.03,0.2972,209.84,delta,213.98,1,1
SPY,2016-10-21,CALL,2013-2017,2016-09-06,45,219.03,0.10268,7.897,1.974,231.0,232.97,23.95,223.464,0.176,232.0,232.97,0.0187,224.01,banda,213.98,0,0
SPY,2016-11-18,PUT,2013-2017,2016-10-04,45,214.68,0.13195,9.946,2.487,209.51,212.0,38.67,385.353,0.439,212.0,209.51,0.3158,204.05,delta,218.5,0,1
SPY,2016-11-18,CALL,2013-2017,2016-10-04,45,214.68,0.13195,9.946,2.487,218.0,220.49,43.97,29.033,,220.0,220.49,0.2498,221.56,delta,218.5,0,0
SPY,2016-12-16,PUT,2013-2017,2016-11-01,45,211.01,0.16609,12.306,3.077,199.92,203.0,29.48,91.636,,200.0,199.92,0.2197,198.43,delta,225.04,0,0
SPY,2016-12-16,CALL,2013-2017,2016-11-01,45,211.01,0.16609,12.306,3.077,215.0,218.08,30.81,22.867,,215.0,218.08,0.2314,219.05,delta,225.04,1,1
SPY,2017-01-20,PUT,2013-2017,2016-12-06,45,221.7,0.10268,7.993,1.998,213.0,215.0,15.72,31.234,,215.0,213.0,0.2006,212.95,delta,226.74,0,0
SPY,2017-01-20,CALL,2013-2017,2016-12-06,45,221.7,0.10268,7.993,1.998,224.0,226.0,43.83,134.389,,225.0,226.0,0.2381,226.77,delta,226.74,1,1
SPY,2017-02-17,PUT,2013-2017,2017-01-03,45,225.24,0.11244,8.893,2.223,217.78,220.0,28.68,132.571,,223.0,217.78,0.2364,215.86,delta,235.09,0,0
SPY,2017-02-17,CALL,2013-2017,2017-01-03,45,225.24,0.11244,8.893,2.223,227.0,229.22,44.23,7.374,,227.0,229.22,0.3282,231.83,delta,235.09,1,1
SPY,2017-03-17,PUT,2013-2017,2017-01-31,45,227.53,0.10756,8.593,2.148,222.85,225.0,22.64,63.974,0.849,225.0,222.85,0.3134,218.61,delta,237.03,0,0
SPY,2017-03-17,CALL,2013-2017,2017-01-31,45,227.53,0.10756,8.593,2.148,234.0,236.15,38.33,82.256,,230.0,236.15,0.1088,233.67,banda,237.03,1,1
SPY,2017-04-21,PUT,2013-2017,2017-03-07,45,237.0,0.09781,8.139,2.035,227.97,230.0,29.96,252.618,0.918,230.0,227.97,0.1896,228.36,banda,234.59,0,0
SPY,2017-04-21,CALL,2013-2017,2017-03-07,45,237.0,0.09781,8.139,2.035,240.0,242.03,45.71,44.083,,242.0,242.03,0.2204,242.49,delta,234.59,0,0
SPY,2017-05-19,PUT,2013-2017,2017-04-04,45,235.48,0.10268,8.49,2.122,229.88,232.0,28.21,325.823,0.693,230.0,229.88,0.2714,226.97,delta,238.31,0,0
SPY,2017-05-19,CALL,2013-2017,2017-04-04,45,235.48,0.10268,8.49,2.122,240.0,242.12,49.33,4852.837,,242.0,242.12,0.1844,241.73,banda,238.31,0,0
SPY,2017-06-16,PUT,2013-2017,2017-05-02,45,238.77,0.09292,7.791,1.948,215.05,217.0,18.37,246.157,0.067,230.0,215.05,0.0528,230.37,banda,242.64,0,0
SPY,2017-06-16,CALL,2013-2017,2017-05-02,45,238.77,0.09292,7.791,1.948,240.0,241.95,29.8,38.684,,240.0,241.95,0.3448,244.38,delta,242.64,1,1
SPY,2017-07-21,PUT,2013-2017,2017-06-06,45,243.21,0.08804,7.519,1.88,237.12,239.0,17.82,210.373,,235.0,237.12,0.2598,235.06,delta,246.88,0,0
SPY,2017-07-21,CALL,2013-2017,2017-06-06,45,243.21,0.08804,7.519,1.88,247.0,248.88,39.34,24.411,,245.0,248.88,0.1705,248.52,banda,246.88,0,0
SPY,2017-08-18,PUT,2013-2017,2017-07-03,46,242.21,0.09292,7.99,1.997,238.0,240.0,22.9,2682.56,0.529,235.0,238.0,0.3101,233.43,delta,242.71,0,0
SPY,2017-08-18,CALL,2013-2017,2017-07-03,46,242.21,0.09292,7.99,1.997,244.0,246.0,63.37,356.634,,245.0,246.0,0.3223,248.03,delta,242.71,0,1
SPY,2017-09-15,PUT,2013-2017,2017-08-01,45,247.32,0.08317,7.222,1.806,243.19,245.0,15.91,196.613,0.656,245.0,243.19,0.3002,239.3,delta,249.19,0,1
SPY,2017-09-15,CALL,2013-2017,2017-08-01,45,247.32,0.08317,7.222,1.806,249.0,250.81,58.29,75.848,,250.0,250.81,0.2913,252.46,delta,249.19,0,0
SPY,2017-10-20,PUT,2013-2017,2017-09-05,45,246.06,0.09781,8.45,2.113,239.89,242.0,30.53,503.951,0.232,240.0,239.89,0.2751,235.96,delta,257.11,0,0
SPY,2017-10-20,CALL,2013-2017,2017-09-05,45,246.06,0.09781,8.45,2.113,248.0,250.11,50.51,17.602,,249.0,250.11,0.2862,251.51,delta,257.11,1,1
SPY,2017-11-17,PUT,2013-2017,2017-10-03,45,252.86,0.07829,6.951,1.738,248.26,250.0,27.95,344.784,0.366,250.0,248.26,0.2813,245.4,delta,257.86,0,0
SPY,2017-11-17,CALL,2013-2017,2017-10-03,45,252.86,0.07829,6.951,1.738,254.0,255.74,32.18,14.388,,255.0,255.74,0.3558,258.1,delta,257.86,1,1
SPY,2017-12-15,PUT,2013-2017,2017-10-31,45,257.15,0.08804,7.95,1.987,253.01,255.0,19.05,112.077,0.352,250.0,253.01,0.3212,247.91,delta,266.51,0,0
SPY,2017-12-15,CALL,2013-2017,2017-10-31,45,257.15,0.08804,7.95,1.987,259.0,260.99,33.75,25.827,,260.0,260.99,0.3048,262.68,delta,266.51,1,1
SPY,2018-01-19,PUT,2018-2025,2017-12-05,45,263.19,0.08804,8.136,2.034,254.97,257.0,23.26,57.407,,260.0,254.97,0.2299,253.75,delta,280.41,0,0
SPY,2018-01-19,CALL,2018-2025,2017-12-05,45,263.19,0.08804,8.136,2.034,268.0,270.03,49.39,28.508,,268.0,270.03,0.1417,268.66,banda,280.41,1,1
SPY,2018-02-16,PUT,2018-2025,2018-01-02,45,268.77,0.07829,7.388,1.847,263.15,265.0,17.67,499.932,,265.0,263.15,0.2572,260.64,delta,273.11,0,1
SPY,2018-02-16,CALL,2018-2025,2018-01-02,45,268.77,0.07829,7.388,1.847,272.0,273.85,32.94,7.972,,272.0,273.85,0.2277,274.44,delta,273.11,0,1
SPY,2018-03-16,PUT,2018-2025,2018-01-30,45,281.76,0.12707,12.571,3.143,274.86,278.0,24.92,52.222,,275.0,274.86,0.2995,268.83,delta,274.2,1,1
SPY,2018-03-16,CALL,2018-2025,2018-01-30,45,281.76,0.12707,12.571,3.143,285.0,288.14,40.59,69.57,,285.0,288.14,0.3075,291.14,delta,274.2,0,0
SPY,2018-04-20,PUT,2018-2025,2018-03-06,45,272.88,0.13683,13.11,3.277,266.72,270.0,24.44,426.164,0.669,270.0,266.72,0.3303,258.29,delta,266.61,1,1
SPY,2018-04-20,CALL,2018-2025,2018-03-06,45,272.88,0.13683,13.11,3.277,275.0,278.28,33.61,17.458,0.654,278.0,278.28,0.333,282.82,delta,266.61,0,1
SPY,2018-05-18,PUT,2018-2025,2018-04-03,45,260.77,0.18073,16.548,4.137,249.86,254.0,35.54,408.535,0.358,250.0,249.86,0.2608,244.97,delta,271.33,0,0
SPY,2018-05-18,CALL,2018-2025,2018-04-03,45,260.77,0.18073,16.548,4.137,276.0,280.14,25.54,41.769,,280.0,280.14,0.0849,273.67,banda,271.33,0,0
SPY,2018-06-15,PUT,2018-2025,2018-05-01,45,264.98,0.14171,13.184,3.296,259.7,263.0,28.97,102.724,0.366,260.0,259.7,0.3371,252.23,delta,277.13,0,1
SPY,2018-06-15,CALL,2018-2025,2018-05-01,45,264.98,0.14171,13.184,3.296,267.0,270.3,40.64,542.545,,270.0,270.3,0.3474,274.73,delta,277.13,1,1
SPY,2018-07-20,PUT,2018-2025,2018-06-05,45,275.1,0.10268,9.918,2.48,269.52,272.0,19.3,551.036,0.5,260.0,269.52,0.2986,264.69,delta,279.68,0,1
SPY,2018-07-20,CALL,2018-2025,2018-06-05,45,275.1,0.10268,9.918,2.48,279.0,281.48,38.42,2190.699,,280.0,281.48,0.2284,281.9,delta,279.68,0,0
SPY,2018-08-17,PUT,2018-2025,2018-07-03,45,270.9,0.12707,12.087,3.022,262.98,266.0,24.56,192.001,,265.0,262.98,0.2762,257.93,delta,285.06,0,0
SPY,2018-08-17,CALL,2018-2025,2018-07-03,45,270.9,0.12707,12.087,3.022,277.0,280.02,39.99,8.887,,277.0,280.02,0.1771,279.26,banda,285.06,1,1
SPY,2018-09-21,PUT,2018-2025,2018-08-07,45,285.58,0.09292,9.318,2.329,278.67,281.0,21.44,163.783,,280.0,278.67,0.248,276.35,delta,291.99,0,0
SPY,2018-09-21,CALL,2018-2025,2018-08-07,45,285.58,0.09292,9.318,2.329,290.0,292.33,35.23,2349.055,,290.0,292.33,0.2118,292.64,delta,291.99,0,1
SPY,2018-10-19,PUT,2018-2025,2018-09-04,45,289.81,0.09781,9.953,2.488,277.51,280.0,31.92,763.806,0.863,280.0,277.51,0.1802,278.93,banda,276.25,1,1
SPY,2018-10-19,CALL,2018-2025,2018-09-04,45,289.81,0.09781,9.953,2.488,298.0,300.49,32.02,50.049,,300.0,300.49,0.1114,296.97,banda,276.25,0,0
SPY,2018-11-16,PUT,2018-2025,2018-10-02,45,291.56,0.10268,10.512,2.628,282.37,285.0,30.83,377.67,,285.0,282.37,0.2201,280.7,delta,273.73,1,1
SPY,2018-11-16,CALL,2018-2025,2018-10-02,45,291.56,0.10268,10.512,2.628,298.0,300.63,35.97,48.826,,300.0,300.63,0.1734,299.76,banda,273.73,0,0
SPY,2018-12-21,PUT,2018-2025,2018-11-05,46,273.39,0.18561,18.014,4.503,258.5,263.0,22.65,74.274,,260.0,258.5,0.2186,256.83,delta,240.7,1,1
SPY,2018-12-21,CALL,2018-2025,2018-11-05,46,273.39,0.18561,18.014,4.503,277.0,281.5,30.56,34.628,,277.0,281.5,0.3263,286.37,delta,240.7,0,0
SPY,2019-01-18,PUT,2018-2025,2018-12-04,45,270.25,0.18561,17.612,4.403,259.6,264.0,29.44,69.287,,260.0,259.6,0.276,254.04,delta,266.46,0,1
SPY,2019-01-18,CALL,2018-2025,2018-12-04,45,270.25,0.18561,17.612,4.403,282.0,286.4,29.87,18.83,,285.0,286.4,0.1315,282.92,banda,266.46,0,0
SPY,2019-02-15,PUT,2018-2025,2018-12-31,46,249.92,0.22463,19.93,4.982,237.02,242.0,35.39,61.044,,240.0,237.02,0.256,232.4,delta,277.37,0,0
SPY,2019-02-15,CALL,2018-2025,2018-12-31,46,249.92,0.22463,19.93,4.982,256.0,260.98,27.33,3.01,,260.0,260.98,0.2976,265.97,delta,277.37,1,1
SPY,2019-03-15,PUT,2018-2025,2019-01-29,45,263.41,0.17585,16.264,4.066,254.93,259.0,29.1,105.427,,255.0,254.93,0.2938,248.31,delta,281.31,0,0
SPY,2019-03-15,CALL,2018-2025,2019-01-29,45,263.41,0.17585,16.264,4.066,269.0,273.07,33.55,9.829,,270.0,273.07,0.2614,275.45,delta,281.31,1,1
SPY,2019-04-18,PUT,2018-2025,2019-03-04,45,279.4,0.12219,11.987,2.997,269.0,272.0,21.83,167.491,,270.0,269.0,0.2265,266.9,delta,290.02,0,0
SPY,2019-04-18,CALL,2018-2025,2019-03-04,45,279.4,0.12219,11.987,2.997,284.0,287.0,45.13,9.968,,285.0,287.0,0.2111,287.33,delta,290.02,1,1
SPY,2019-05-17,PUT,2018-2025,2019-04-02,45,285.97,0.11732,11.78,2.945,279.06,282.0,17.06,404.465,0.639,280.0,279.06,0.2821,274.65,delta,285.84,0,0
SPY,2019-05-17,CALL,2018-2025,2019-04-02,45,285.97,0.11732,11.78,2.945,288.0,290.94,33.3,36.128,,290.0,290.94,0.3528,294.96,delta,285.84,0,1
SPY,2019-06-21,PUT,2018-2025,2019-05-07,45,287.93,0.17097,17.285,4.321,275.68,280.0,22.09,20.998,,280.0,275.68,0.2525,271.43,delta,294.0,0,1
SPY,2019-06-21,CALL,2018-2025,2019-05-07,45,287.93,0.17097,17.285,4.321,296.0,300.32,36.64,9.697,,300.0,300.32,0.1865,299.83,banda,294.0,0,0
SPY,2019-07-19,PUT,2018-2025,2019-06-04,45,280.53,0.15146,14.919,3.73,274.27,278.0,28.66,175.114,,275.0,274.27,0.3323,265.84,delta,297.17,0,0
SPY,2019-07-19,CALL,2018-2025,2019-06-04,45,280.53,0.15146,14.919,3.73,284.0,287.73,32.14,17.429,,285.0,287.73,0.3084,291.09,delta,297.17,1,1
SPY,2019-08-16,PUT,2018-2025,2019-07-02,45,296.43,0.11244,11.703,2.926,284.07,287.0,19.97,204.051,,285.0,284.07,0.1887,284.69,banda,288.85,0,1
SPY,2019-08-16,CALL,2018-2025,2019-07-02,45,296.43,0.11244,11.703,2.926,300.0,302.93,36.98,4.677,,300.0,302.93,0.29,305.76,delta,288.85,0,0
SPY,2019-09-20,PUT,2018-2025,2019-08-06,45,287.8,0.18073,18.263,4.566,279.43,284.0,27.02,60.634,,280.0,279.43,0.322,269.81,delta,298.28,0,0
SPY,2019-09-20,CALL,2018-2025,2019-08-06,45,287.8,0.18073,18.263,4.566,296.0,300.57,37.33,15.513,,300.0,300.57,0.185,300.18,banda,298.28,0,1
SPY,2019-10-18,PUT,2018-2025,2019-09-04,44,294.04,0.15146,15.463,3.866,279.13,283.0,19.04,66.459,,280.0,279.13,0.2162,277.26,delta,297.97,0,0
SPY,2019-10-18,CALL,2018-2025,2019-09-04,44,294.04,0.15146,15.463,3.866,300.0,303.87,33.93,4.531,,300.0,303.87,0.2056,303.98,delta,297.97,0,0
SPY,2019-11-15,PUT,2018-2025,2019-10-01,45,293.24,0.17097,17.604,4.401,285.6,290.0,31.99,90.048,,290.0,285.6,0.3218,276.26,delta,311.79,0,1
SPY,2019-11-15,CALL,2018-2025,2019-10-01,45,293.24,0.17097,17.604,4.401,300.0,304.4,38.34,7.771,,300.0,304.4,0.2243,305.01,delta,311.79,1,1
SPY,2019-12-20,PUT,2018-2025,2019-11-05,45,307.03,0.12219,13.173,3.293,294.71,298.0,16.84,29.644,0.397,290.0,294.71,0.216,292.99,delta,320.73,0,0
SPY,2019-12-20,CALL,2018-2025,2019-11-05,45,307.03,0.12219,13.173,3.293,310.0,313.29,51.42,14.215,0.369,310.0,313.29,0.3127,316.66,delta,320.73,1,1
SPY,2020-01-17,PUT,2018-2025,2019-12-03,45,309.55,0.1417,15.402,3.85,299.15,303.0,24.0,88.528,,302.0,299.15,0.2821,293.04,delta,331.95,0,0
SPY,2020-01-17,CALL,2018-2025,2019-12-03,45,309.55,0.1417,15.402,3.85,312.0,315.85,47.78,10.372,,315.0,315.85,0.3151,319.91,delta,331.95,1,1
SPY,2020-02-21,PUT,2018-2025,2020-01-07,45,322.73,0.12219,13.846,3.462,316.54,320.0,23.49,78.121,0.257,320.0,316.54,0.3255,308.79,delta,333.48,0,0
SPY,2020-02-21,CALL,2018-2025,2020-01-07,45,322.73,0.12219,13.846,3.462,329.0,332.46,45.41,5.925,,330.0,332.46,0.2019,332.54,delta,333.48,1,1
SPY,2020-03-20,PUT,2018-2025,2020-02-04,45,329.06,0.14658,16.936,4.234,310.77,315.0,21.38,19.773,,320.0,310.77,0.1794,312.35,banda,228.8,1,1
SPY,2020-03-20,CALL,2018-2025,2020-02-04,45,329.06,0.14658,16.936,4.234,332.0,336.23,43.58,11.688,,335.0,336.23,0.3279,341.05,delta,228.8,0,1
SPY,2020-04-17,PUT,2018-2025,2020-03-03,45,300.24,0.30268,31.908,7.977,283.02,291.0,39.69,107.429,,290.0,283.02,0.2911,270.25,delta,286.64,0,1
SPY,2020-04-17,CALL,2018-2025,2020-03-03,45,300.24,0.30268,31.908,7.977,318.0,325.98,30.25,2.916,,320.0,325.98,0.1342,321.48,banda,286.64,0,0
SPY,2020-05-15,PUT,2018-2025,2020-03-31,45,257.75,0.43926,39.753,9.938,215.06,225.0,18.22,3.645,0.872,250.0,215.06,0.1701,221.39,banda,286.28,0,0
SPY,2020-05-15,CALL,2018-2025,2020-03-31,45,257.75,0.43926,39.753,9.938,264.0,273.94,29.35,9.245,,280.0,273.94,0.3413,284.94,delta,286.28,1,1
SPY,2020-06-19,PUT,2018-2025,2020-05-05,45,286.19,0.30268,30.415,7.604,273.4,281.0,27.67,9.091,,280.0,273.4,0.3341,257.11,delta,308.64,0,1
SPY,2020-06-19,CALL,2018-2025,2020-05-05,45,286.19,0.30268,30.415,7.604,293.0,300.6,47.14,18.261,,300.0,300.6,0.2939,306.33,delta,308.64,1,1
SPY,2020-07-17,PUT,2018-2025,2020-06-02,45,308.08,0.21975,23.771,5.943,284.06,290.0,22.5,16.769,0.352,290.0,284.06,0.21,282.93,delta,321.72,0,0
SPY,2020-07-17,CALL,2018-2025,2020-06-02,45,308.08,0.21975,23.771,5.943,315.0,320.94,40.67,23.532,,320.0,320.94,0.2704,324.66,delta,321.72,1,1
SPY,2020-08-21,PUT,2018-2025,2020-07-07,45,313.78,0.24902,27.436,6.859,298.14,305.0,24.58,7.559,0.446,300.0,298.14,0.2931,286.79,delta,339.48,0,0
SPY,2020-08-21,CALL,2018-2025,2020-07-07,45,313.78,0.24902,27.436,6.859,329.0,335.86,34.98,6.171,,320.0,335.86,0.1632,333.37,banda,339.48,1,1
SPY,2020-09-18,PUT,2018-2025,2020-08-04,45,330.06,0.20024,23.206,5.802,309.2,315.0,23.62,21.338,,310.0,309.2,0.2294,305.49,delta,330.65,0,0
SPY,2020-09-18,CALL,2018-2025,2020-08-04,45,330.06,0.20024,23.206,5.802,335.0,340.8,41.05,17.697,0.272,340.0,340.8,0.3081,346.77,delta,330.65,0,1
SPY,2020-10-16,PUT,2018-2025,2020-09-01,45,352.6,0.20024,24.791,6.198,318.8,325.0,20.02,14.366,,320.0,318.8,0.1629,325.52,banda,347.29,0,0
SPY,2020-10-16,CALL,2018-2025,2020-09-01,45,352.6,0.20024,24.791,6.198,359.0,365.2,44.22,7.884,,365.0,365.2,0.2902,371.27,delta,347.29,0,0
SPY,2020-11-20,PUT,2018-2025,2020-10-06,45,334.93,0.26853,31.58,7.895,314.11,322.0,29.62,36.593,0.207,315.0,314.11,0.2634,305.36,delta,355.33,0,0
SPY,2020-11-20,CALL,2018-2025,2020-10-06,45,334.93,0.26853,31.58,7.895,343.0,350.89,47.64,9.905,,350.0,350.89,0.2959,358.24,delta,355.33,1,1
SPY,2020-12-18,PUT,2018-2025,2020-11-03,45,336.03,0.28804,33.985,8.496,319.5,328.0,22.26,14.613,0.251,320.0,319.5,0.317,302.63,delta,369.18,0,0
SPY,2020-12-18,CALL,2018-2025,2020-11-03,45,336.03,0.28804,33.985,8.496,357.0,365.5,45.1,23.914,,363.0,365.5,0.1354,359.69,banda,369.18,1,1
SPY,2021-01-15,PUT,2018-2025,2020-12-01,45,366.02,0.18561,23.854,5.963,339.04,345.0,19.26,18.631,,340.0,339.04,0.1866,341.39,banda,375.7,0,0
SPY,2021-01-15,CALL,2018-2025,2020-12-01,45,366.02,0.18561,23.854,5.963,370.0,375.96,47.02,22.736,,370.0,375.96,0.3288,383.36,delta,375.7,0,1
SPY,2021-02-19,PUT,2018-2025,2021-01-05,45,371.33,0.20024,26.108,6.527,359.47,366.0,23.48,8.938,,350.0,359.47,0.3284,344.57,delta,390.03,0,0
SPY,2021-02-19,CALL,2018-2025,2021-01-05,45,371.33,0.20024,26.108,6.527,379.0,385.53,70.4,33.932,0.114,380.0,385.53,0.2696,390.12,delta,390.03,1,1
SPY,2021-03-19,PUT,2018-2025,2021-02-02,45,381.55,0.21,28.134,7.033,359.97,367.0,24.97,58.344,,360.0,359.97,0.2528,352.25,delta,389.48,0,0
SPY,2021-03-19,CALL,2018-2025,2021-02-02,45,381.55,0.21,28.134,7.033,393.0,400.03,50.0,8.2,,397.0,400.03,0.2247,402.09,delta,389.48,0,0
SPY,2021-04-16,PUT,2018-2025,2021-03-02,45,386.54,0.19049,25.853,6.463,369.54,376.0,26.73,9.629,,370.0,369.54,0.288,357.76,delta,417.26,0,0
SPY,2021-04-16,CALL,2018-2025,2021-03-02,45,386.54,0.19049,25.853,6.463,405.0,411.46,55.2,14.868,,410.0,411.46,0.1258,404.84,banda,417.26,1,1
SPY,2021-05-21,PUT,2018-2025,2021-04-06,45,406.12,0.1417,20.206,5.052,384.95,390.0,29.46,41.156,,385.0,384.95,0.2024,383.76,delta,414.94,0,0
SPY,2021-05-21,CALL,2018-2025,2021-04-06,45,406.12,0.1417,20.206,5.052,410.0,415.05,33.84,3.277,,420.0,415.05,0.3283,421.48,delta,414.94,0,1
SPY,2021-06-18,PUT,2018-2025,2021-05-04,45,415.62,0.16121,23.527,5.882,389.12,395.0,21.4,18.881,,400.0,389.12,0.1952,389.66,banda,414.92,0,0
SPY,2021-06-18,CALL,2018-2025,2021-05-04,45,415.62,0.16121,23.527,5.882,425.0,430.88,39.75,6.825,,430.0,430.88,0.2256,432.27,delta,414.92,0,0
SPY,2021-07-16,PUT,2018-2025,2021-06-01,45,419.67,0.13683,20.162,5.04,409.96,415.0,25.61,36.504,0.325,400.0,409.96,0.3368,396.56,delta,431.34,0,0
SPY,2021-07-16,CALL,2018-2025,2021-06-01,45,419.67,0.13683,20.162,5.04,424.0,429.04,45.78,33.888,,425.0,429.04,0.2954,434.09,delta,431.34,1,1
SPY,2021-08-20,PUT,2018-2025,2021-07-06,45,432.93,0.12219,18.574,4.644,414.36,419.0,13.24,9.272,0.615,400.0,414.36,0.2229,411.29,delta,443.36,0,0
SPY,2021-08-20,CALL,2018-2025,2021-07-06,45,432.93,0.12219,18.574,4.644,436.0,440.64,62.63,212.247,,440.0,440.64,0.3251,446.62,delta,443.36,1,1
SPY,2021-09-17,PUT,2018-2025,2021-08-03,45,441.15,0.14171,21.95,5.487,419.51,425.0,20.17,28.291,,420.0,419.51,0.226,415.78,delta,441.4,0,0
SPY,2021-09-17,CALL,2018-2025,2021-08-03,45,441.15,0.14171,21.95,5.487,450.0,455.49,62.94,179.051,,450.0,455.49,0.1935,455.1,banda,441.4,0,0
SPY,2021-10-15,PUT,2018-2025,2021-08-31,45,451.56,0.12219,19.374,4.844,440.16,445.0,20.61,39.724,0.373,445.0,440.16,0.3151,427.83,delta,445.87,0,1
SPY,2021-10-15,CALL,2018-2025,2021-08-31,45,451.56,0.12219,19.374,4.844,456.0,460.84,40.65,18.56,0.344,460.0,460.84,0.2931,464.42,delta,445.87,0,0
SPY,2021-11-19,PUT,2018-2025,2021-10-05,45,433.1,0.18073,27.484,6.871,414.13,421.0,24.94,22.248,,415.0,414.13,0.2675,405.0,delta,468.89,0,0
SPY,2021-11-19,CALL,2018-2025,2021-10-05,45,433.1,0.18073,27.484,6.871,444.0,450.87,34.92,25.48,,460.0,450.87,0.2173,451.51,delta,468.89,1,1
SPY,2021-12-17,PUT,2018-2025,2021-11-02,45,461.9,0.13683,22.191,5.548,444.45,450.0,21.62,54.367,,445.0,444.45,0.2611,436.48,delta,459.87,0,0
SPY,2021-12-17,CALL,2018-2025,2021-11-02,45,461.9,0.13683,22.191,5.548,470.0,475.55,48.11,27.822,,475.0,475.55,0.2158,476.49,delta,459.87,0,0
SPY,2022-01-21,PUT,2018-2025,2021-12-07,45,468.28,0.16609,27.31,6.828,439.17,446.0,15.6,13.133,,450.0,439.17,0.2098,437.9,delta,437.98,1,1
SPY,2022-01-21,CALL,2018-2025,2021-12-07,45,468.28,0.16609,27.31,6.828,474.0,480.83,42.72,43.078,,480.0,480.83,0.2928,487.48,delta,437.98,0,0
SPY,2022-02-18,PUT,2018-2025,2022-01-04,45,477.55,0.13195,22.125,5.531,449.47,455.0,22.03,20.561,0.426,454.0,449.47,0.1845,452.46,banda,434.23,1,1
SPY,2022-02-18,CALL,2018-2025,2022-01-04,45,477.55,0.13195,22.125,5.531,485.0,490.53,45.66,30.835,,490.0,490.53,0.2556,494.12,delta,434.23,0,0
SPY,2022-03-18,PUT,2018-2025,2022-02-01,45,452.95,0.18561,29.519,7.38,433.62,441.0,19.51,10.566,0.659,440.0,433.62,0.2801,422.47,delta,444.52,0,1
SPY,2022-03-18,CALL,2018-2025,2022-02-01,45,452.95,0.18561,29.519,7.38,464.0,471.38,39.78,30.076,,470.0,471.38,0.2353,474.41,delta,444.52,0,0
SPY,2022-04-14,PUT,2018-2025,2022-02-28,45,436.63,0.23927,36.682,9.17,416.83,426.0,19.09,2.555,0.598,350.0,416.83,0.3049,400.06,delta,437.79,0,1
SPY,2022-04-14,CALL,2018-2025,2022-02-28,45,436.63,0.23927,36.682,9.17,459.0,468.17,30.51,10.604,,465.0,468.17,0.1433,461.81,banda,437.79,0,0
SPY,2022-05-20,PUT,2018-2025,2022-04-05,45,451.03,0.17585,27.849,6.962,428.04,435.0,21.36,5.868,,420.0,428.04,0.2433,421.9,delta,389.63,1,1
SPY,2022-05-20,CALL,2018-2025,2022-04-05,45,451.03,0.17585,27.849,6.962,460.0,466.96,35.98,120.453,,470.0,466.96,0.2681,471.09,delta,389.63,0,0
SPY,2022-06-17,PUT,2018-2025,2022-05-03,45,416.38,0.25877,37.832,9.458,390.54,400.0,28.3,28.141,,400.0,390.54,0.2518,381.62,delta,365.86,1,1
SPY,2022-06-17,CALL,2018-2025,2022-05-03,45,416.38,0.25877,37.832,9.458,442.0,451.46,23.49,11.954,,450.0,451.46,0.1211,443.59,banda,365.86,0,0
SPY,2022-07-15,PUT,2018-2025,2022-05-31,45,412.93,0.23439,33.983,8.496,391.5,400.0,29.74,8.005,,400.0,391.5,0.2727,380.6,delta,385.13,1,1
SPY,2022-07-15,CALL,2018-2025,2022-05-31,45,412.93,0.23439,33.983,8.496,428.0,436.5,32.41,13.598,,435.0,436.5,0.2174,438.27,delta,385.13,0,0
SPY,2022-08-19,PUT,2018-2025,2022-07-05,45,381.96,0.25389,34.051,8.513,354.49,363.0,31.34,7.435,,360.0,354.49,0.2163,352.38,delta,422.14,0,0
SPY,2022-08-19,CALL,2018-2025,2022-07-05,45,381.96,0.25389,34.051,8.513,388.0,396.51,24.99,31.259,,400.0,396.51,0.337,408.32,delta,422.14,1,1
SPY,2022-09-16,PUT,2018-2025,2022-08-02,45,408.06,0.21975,31.486,7.872,384.13,392.0,22.04,12.571,,400.0,384.13,0.2362,378.73,delta,385.56,0,1
SPY,2022-09-16,CALL,2018-2025,2022-08-02,45,408.06,0.21975,31.486,7.872,418.0,425.87,40.37,152.062,,420.0,425.87,0.2755,432.56,delta,385.56,0,1
SPY,2022-10-21,PUT,2018-2025,2022-09-06,45,390.76,0.23926,32.828,8.207,372.79,381.0,32.24,16.609,,375.0,372.79,0.2878,360.84,delta,374.29,0,1
SPY,2022-10-21,CALL,2018-2025,2022-09-06,45,390.76,0.23926,32.828,8.207,413.0,421.21,36.75,15.111,,420.0,421.21,0.1479,415.51,banda,374.29,0,0
SPY,2022-11-18,PUT,2018-2025,2022-10-04,45,377.97,0.25877,34.342,8.586,353.41,362.0,35.03,8.164,,360.0,353.41,0.2324,348.46,delta,396.03,0,1
SPY,2022-11-18,CALL,2018-2025,2022-10-04,45,377.97,0.25877,34.342,8.586,384.0,392.59,30.05,11.967,,420.0,392.59,0.3578,407.15,delta,396.03,1,1
SPY,2022-12-16,PUT,2018-2025,2022-11-01,45,384.52,0.25877,34.938,8.735,369.27,378.0,29.57,9.295,,370.0,369.27,0.3078,356.3,delta,383.27,0,1
SPY,2022-12-16,CALL,2018-2025,2022-11-01,45,384.52,0.25877,34.938,8.735,392.0,400.73,31.23,25.217,,400.0,400.73,0.3373,413.61,delta,383.27,0,1
SPY,2023-01-20,PUT,2018-2025,2022-12-06,45,393.83,0.21487,29.714,7.428,379.57,387.0,40.42,29.17,,380.0,379.57,0.2956,369.03,delta,395.88,0,1
SPY,2023-01-20,CALL,2018-2025,2022-12-06,45,393.83,0.21487,29.714,7.428,408.0,415.43,38.41,265.115,,415.0,415.43,0.2311,417.54,delta,395.88,0,0
SPY,2023-02-17,PUT,2018-2025,2023-01-03,45,380.82,0.22463,30.036,7.509,357.49,365.0,33.18,12.428,,375.0,357.49,0.2039,357.06,delta,407.26,0,0
SPY,2023-02-17,CALL,2018-2025,2023-01-03,45,380.82,0.22463,30.036,7.509,395.0,402.51,23.68,8.134,,410.0,402.51,0.2374,405.94,delta,407.26,1,1
SPY,2023-03-17,PUT,2018-2025,2023-01-31,45,406.48,0.18073,25.794,6.448,374.55,381.0,24.48,20.913,0.484,380.0,374.55,0.1403,384.1,banda,389.99,0,0
SPY,2023-03-17,CALL,2018-2025,2023-01-31,45,406.48,0.18073,25.794,6.448,414.0,420.45,42.35,186.219,,420.0,420.45,0.3057,427.97,delta,389.99,0,0
SPY,2023-04-21,PUT,2018-2025,2023-03-07,45,398.27,0.18561,25.955,6.489,384.51,391.0,33.74,20.915,,390.0,384.51,0.2776,376.45,delta,412.2,0,1
SPY,2023-04-21,CALL,2018-2025,2023-03-07,45,398.27,0.18561,25.955,6.489,404.0,410.49,32.07,73.564,,405.0,410.49,0.3424,419.45,delta,412.2,1,1
SPY,2023-05-19,PUT,2018-2025,2023-04-04,45,408.67,0.17097,24.533,6.133,384.87,391.0,27.2,7.792,,400.0,384.87,0.1858,387.42,banda,418.62,0,0
SPY,2023-05-19,CALL,2018-2025,2023-04-04,45,408.67,0.17097,24.533,6.133,414.0,420.13,41.2,47.226,,415.0,420.13,0.3514,429.24,delta,418.62,0,1
SPY,2023-06-16,PUT,2018-2025,2023-05-02,45,410.84,0.16609,23.96,5.99,399.01,405.0,27.37,33.714,,400.0,399.01,0.2961,388.46,delta,439.46,0,0
SPY,2023-06-16,CALL,2018-2025,2023-05-02,45,410.84,0.16609,23.96,5.99,415.0,420.99,40.11,1398.018,,420.0,420.99,0.3539,428.89,delta,439.46,1,1
SPY,2023-07-21,PUT,2018-2025,2023-06-06,45,428.03,0.11732,17.631,4.408,395.59,400.0,15.98,8.615,0.633,415.0,395.59,0.0959,411.33,banda,452.18,0,0
SPY,2023-07-21,CALL,2018-2025,2023-06-06,45,428.03,0.11732,17.631,4.408,432.0,436.41,45.08,1353.026,,435.0,436.41,0.3649,442.98,delta,452.18,1,1
SPY,2023-08-18,PUT,2018-2025,2023-07-03,46,443.79,0.12219,19.251,4.813,415.19,420.0,19.26,9.961,,420.0,415.19,0.1087,428.66,banda,436.5,0,0
SPY,2023-08-18,CALL,2018-2025,2023-07-03,46,443.79,0.12219,19.251,4.813,452.0,456.81,43.99,28.043,,455.0,456.81,0.2748,460.89,delta,436.5,0,1
SPY,2023-09-15,PUT,2018-2025,2023-08-01,45,456.48,0.12707,20.367,5.092,424.91,430.0,20.58,20.213,,440.0,424.91,0.103,440.0,banda,443.37,0,0
SPY,2023-09-15,CALL,2018-2025,2023-08-01,45,456.48,0.12707,20.367,5.092,460.0,465.09,58.2,384.522,,460.0,465.09,0.3858,473.96,delta,443.37,0,0
SPY,2023-10-20,PUT,2018-2025,2023-09-05,45,449.24,0.12219,19.275,4.819,425.18,430.0,20.72,18.536,0.666,430.0,425.18,0.1454,431.85,banda,421.19,1,1
SPY,2023-10-20,CALL,2018-2025,2023-09-05,45,449.24,0.12219,19.275,4.819,454.0,458.82,30.29,76.097,,455.0,458.82,0.3502,465.04,delta,421.19,0,0
SPY,2023-11-17,PUT,2018-2025,2023-10-03,45,421.59,0.17585,26.031,6.508,403.49,410.0,39.6,42.407,,400.0,403.49,0.2259,399.92,delta,450.79,0,0
SPY,2023-11-17,CALL,2018-2025,2023-10-03,45,421.59,0.17585,26.031,6.508,444.0,450.51,28.81,4.168,,440.0,450.51,0.1198,444.43,banda,450.79,1,1
SPY,2023-12-15,PUT,2018-2025,2023-10-31,45,418.2,0.17097,25.106,6.276,399.72,406.0,26.77,14.653,,400.0,399.72,0.2203,396.7,delta,469.33,0,0
SPY,2023-12-15,CALL,2018-2025,2023-10-31,45,418.2,0.17097,25.106,6.276,429.0,435.28,28.36,74.448,,430.0,435.28,0.2587,438.17,delta,469.33,1,1
SPY,2024-01-19,PUT,2018-2025,2023-12-05,45,456.6,0.11732,18.808,4.702,439.3,444.0,17.63,29.729,0.643,440.0,439.3,0.1904,441.3,banda,482.43,0,0
SPY,2024-01-19,CALL,2018-2025,2023-12-05,45,456.6,0.11732,18.808,4.702,460.0,464.7,44.0,935.988,,460.0,464.7,0.3869,472.85,delta,482.43,1,1
SPY,2024-02-16,PUT,2018-2025,2024-01-02,45,472.65,0.12219,20.278,5.07,449.93,455.0,28.31,16.088,,450.0,449.93,0.1409,456.82,banda,499.51,0,0
SPY,2024-02-16,CALL,2018-2025,2024-01-02,45,472.65,0.12219,20.278,5.07,490.0,495.07,42.75,5.178,0.312,495.0,495.07,0.139,490.75,banda,499.51,1,1
SPY,2024-03-15,PUT,2018-2025,2024-01-30,45,490.89,0.11732,20.221,5.055,459.94,465.0,14.25,3.986,0.643,460.0,459.94,0.0984,474.44,banda,509.83,0,0
SPY,2024-03-15,CALL,2018-2025,2024-01-30,45,490.89,0.11732,20.221,5.055,494.0,499.06,50.79,99.251,,494.0,499.06,0.3985,509.69,delta,509.83,1,1
SPY,2024-04-19,PUT,2018-2025,2024-03-05,45,507.18,0.12219,21.761,5.44,484.56,490.0,19.4,10.795,0.485,485.0,484.56,0.163,488.87,banda,495.16,0,0
SPY,2024-04-19,CALL,2018-2025,2024-03-05,45,507.18,0.12219,21.761,5.44,520.0,525.44,36.04,1.92,,520.0,525.44,0.239,527.78,delta,495.16,0,0
SPY,2024-05-17,PUT,2018-2025,2024-04-02,45,518.84,0.13195,24.038,6.01,493.99,500.0,22.92,9.384,,500.0,493.99,0.1559,500.18,banda,529.45,0,1
SPY,2024-05-17,CALL,2018-2025,2024-04-02,45,518.84,0.13195,24.038,6.01,534.0,540.01,35.56,1.98,,540.0,540.01,0.2042,540.36,delta,529.45,0,0
SPY,2024-06-21,PUT,2018-2025,2024-05-07,45,517.14,0.12707,23.073,5.768,494.23,500.0,21.93,18.709,,500.0,494.23,0.1582,499.82,banda,544.51,0,0
SPY,2024-06-21,CALL,2018-2025,2024-05-07,45,517.14,0.12707,23.073,5.768,525.0,530.77,37.12,6.052,0.318,525.0,530.77,0.3183,538.56,delta,544.51,1,1
SPY,2024-07-19,PUT,2018-2025,2024-06-04,45,528.39,0.11243,20.86,5.215,498.78,504.0,32.55,19.935,0.344,500.0,498.78,0.1224,510.69,banda,548.99,0,0
SPY,2024-07-19,CALL,2018-2025,2024-06-04,45,528.39,0.11243,20.86,5.215,535.0,540.22,39.22,4.451,,540.0,540.22,0.3357,546.97,delta,548.99,1,1
SPY,2024-08-16,PUT,2018-2025,2024-07-02,45,549.01,0.10756,20.734,5.184,514.82,520.0,27.49,12.586,0.231,520.0,514.82,0.087,532.07,banda,554.31,0,1
SPY,2024-08-16,CALL,2018-2025,2024-07-02,45,549.01,0.10756,20.734,5.184,555.0,560.18,49.83,4.248,,560.0,560.18,0.3447,568.32,delta,554.31,0,1
SPY,2024-09-20,PUT,2018-2025,2024-08-06,45,522.15,0.21487,39.395,9.849,506.15,516.0,22.1,40.583,,510.0,506.15,0.3175,486.81,delta,568.25,0,0
SPY,2024-09-20,CALL,2018-2025,2024-08-06,45,522.15,0.21487,39.395,9.849,542.0,551.85,26.84,2.907,,550.0,551.85,0.2025,552.12,delta,568.25,1,1
SPY,2024-10-18,PUT,2018-2025,2024-09-03,45,552.08,0.15146,29.36,7.34,528.66,536.0,24.65,87.386,,540.0,528.66,0.2281,523.12,delta,584.59,0,0
SPY,2024-10-18,CALL,2018-2025,2024-09-03,45,552.08,0.15146,29.36,7.34,560.0,567.34,40.9,3.129,,560.0,567.34,0.3225,574.98,delta,584.59,1,1
SPY,2024-11-15,PUT,2018-2025,2024-10-01,45,568.62,0.17097,34.135,8.534,554.47,563.0,23.92,4.359,,560.0,554.47,0.3088,537.65,delta,585.75,0,0
SPY,2024-11-15,CALL,2018-2025,2024-10-01,45,568.62,0.17097,34.135,8.534,577.0,585.53,50.67,3.774,0.242,580.0,585.53,0.3283,595.4,delta,585.75,1,1
SPY,2024-12-20,PUT,2018-2025,2024-11-05,45,576.7,0.16122,32.646,8.161,537.84,546.0,26.87,17.069,,540.0,537.84,0.1539,548.16,banda,591.15,0,0
SPY,2024-12-20,CALL,2018-2025,2024-11-05,45,576.7,0.16122,32.646,8.161,607.0,615.16,35.7,17.374,,615.0,615.16,0.1073,603.86,banda,591.15,0,0
SPY,2025-01-17,PUT,2018-2025,2024-12-03,45,603.91,0.10756,22.808,5.702,566.3,572.0,18.34,7.713,0.264,600.0,566.3,0.1121,583.14,banda,597.58,0,0
SPY,2025-01-17,CALL,2018-2025,2024-12-03,45,603.91,0.10756,22.808,5.702,610.0,615.7,49.65,246.946,,615.0,615.7,0.3434,624.58,delta,597.58,0,0
SPY,2025-02-21,PUT,2018-2025,2025-01-07,45,588.63,0.14658,30.295,7.574,567.43,575.0,27.41,10.996,,580.0,567.43,0.2327,562.13,delta,599.94,0,0
SPY,2025-02-21,CALL,2018-2025,2025-01-07,45,588.63,0.14658,30.295,7.574,608.0,615.57,32.83,17.591,,615.0,615.57,0.1848,614.11,banda,599.94,0,0
SPY,2025-03-21,PUT,2018-2025,2025-02-04,45,601.78,0.14171,29.942,7.486,569.51,577.0,23.08,16.818,,560.0,569.51,0.1683,576.09,banda,563.98,1,1
SPY,2025-03-21,CALL,2018-2025,2025-02-04,45,601.78,0.14171,29.942,7.486,615.0,622.49,48.73,23.728,,620.0,622.49,0.2414,625.93,delta,563.98,0,0
SPY,2025-04-17,PUT,2018-2025,2025-03-03,45,583.77,0.18073,37.045,9.261,559.74,569.0,27.53,32.048,,560.0,559.74,0.2507,550.19,delta,526.41,1,1
SPY,2025-04-17,CALL,2018-2025,2025-03-03,45,583.77,0.18073,37.045,9.261,605.0,614.26,28.51,6.387,,610.0,614.26,0.1865,612.75,banda,526.41,0,0
SPY,2025-05-16,PUT,2018-2025,2025-04-01,45,560.97,0.19048,37.519,9.38,545.62,555.0,25.57,20.025,,550.0,545.62,0.3137,528.7,delta,594.2,0,1
SPY,2025-05-16,CALL,2018-2025,2025-04-01,45,560.97,0.19048,37.519,9.38,575.0,584.38,26.85,11.145,0.743,600.0,584.38,0.2605,589.57,delta,594.2,1,1
SPY,2025-06-20,PUT,2018-2025,2025-05-06,45,558.8,0.21487,42.16,10.54,539.46,550.0,27.51,7.809,,540.0,539.46,0.3059,521.24,delta,594.28,0,0
SPY,2025-06-20,CALL,2018-2025,2025-05-06,45,558.8,0.21487,42.16,10.54,570.0,580.54,49.57,19.443,,580.0,580.54,0.3027,590.15,delta,594.28,1,1
SPY,2025-07-18,PUT,2018-2025,2025-06-03,45,596.09,0.15146,31.701,7.925,563.07,571.0,21.26,6.286,0.288,565.0,563.07,0.1889,566.24,banda,627.58,0,0
SPY,2025-07-18,CALL,2018-2025,2025-06-03,45,596.09,0.15146,31.701,7.925,608.0,615.93,45.49,28.325,,615.0,615.93,0.2686,621.89,delta,627.58,1,1
SPY,2025-08-15,PUT,2018-2025,2025-07-01,45,617.65,0.1417,30.731,7.683,592.32,600.0,22.7,19.304,,600.0,592.32,0.2194,589.76,delta,643.44,0,0
SPY,2025-08-15,CALL,2018-2025,2025-07-01,45,617.65,0.1417,30.731,7.683,625.0,632.68,45.75,1382.277,,630.0,632.68,0.3523,644.42,delta,643.44,1,1
SPY,2025-09-19,PUT,2018-2025,2025-08-05,45,627.97,0.14658,32.32,8.08,599.92,608.0,26.4,10.196,,600.0,599.92,0.2129,598.11,delta,663.7,0,0
SPY,2025-09-19,CALL,2018-2025,2025-08-05,45,627.97,0.14658,32.32,8.08,640.0,648.08,36.68,308.738,,640.0,648.08,0.2788,653.71,delta,663.7,1,1
SPY,2025-10-17,PUT,2018-2025,2025-09-02,45,640.27,0.1417,31.856,7.964,624.04,632.0,24.82,9.277,,630.0,624.04,0.2919,609.83,delta,664.39,0,0
SPY,2025-10-17,CALL,2018-2025,2025-09-02,45,640.27,0.1417,31.856,7.964,653.0,660.96,43.78,4.622,,660.0,660.96,0.2576,664.64,delta,664.39,1,1
SPY,2025-11-21,PUT,2018-2025,2025-10-07,45,669.12,0.14658,34.438,8.61,629.39,638.0,22.62,7.49,,650.0,629.39,0.1643,638.8,banda,659.03,0,0
SPY,2025-11-21,CALL,2018-2025,2025-10-07,45,669.12,0.14658,34.438,8.61,680.0,688.61,34.34,4.778,,680.0,688.61,0.3082,697.88,delta,659.03,0,1
QQQ,2013-02-16,PUT,2013-2017,2013-01-02,45,67.2,0.16122,3.804,0.951,63.05,64.0,26.61,93.817,1.0,64.0,63.05,0.1614,63.66,banda,67.75,0,0
QQQ,2013-02-16,CALL,2013-2017,2013-01-02,45,67.2,0.16122,3.804,0.951,68.0,68.95,38.0,205.457,,68.0,68.95,0.3135,70.2,delta,67.75,0,0
QQQ,2013-03-16,PUT,2013-2017,2013-01-30,45,67.02,0.1417,3.335,0.834,65.17,66.0,27.42,937.435,,66.0,65.17,0.2897,64.01,delta,68.51,0,0
QQQ,2013-03-16,CALL,2013-2017,2013-01-30,45,67.02,0.1417,3.335,0.834,70.0,70.83,34.41,91.824,,70.0,70.83,0.1048,69.59,banda,68.51,0,0
QQQ,2013-04-20,PUT,2013-2017,2013-03-06,45,68.51,0.13194,3.174,0.793,66.21,67.0,24.63,244.73,,67.0,66.21,0.2617,65.29,delta,68.09,0,0
QQQ,2013-04-20,CALL,2013-2017,2013-03-06,45,68.51,0.13194,3.174,0.793,69.0,69.79,38.97,82.547,,69.0,69.79,0.3308,70.75,delta,68.09,0,1
QQQ,2013-05-18,PUT,2013-2017,2013-04-03,45,68.41,0.1417,3.404,0.851,64.15,65.0,43.85,206.046,1.0,65.0,64.15,0.1464,65.18,banda,74.3,0,0
QQQ,2013-05-18,CALL,2013-2017,2013-04-03,45,68.41,0.1417,3.404,0.851,69.0,69.85,41.96,18.969,,69.0,69.85,0.3247,71.0,delta,74.3,1,1
QQQ,2013-06-22,PUT,2013-2017,2013-05-08,45,72.71,0.13194,3.369,0.842,71.16,72.0,19.63,414.211,,72.0,71.16,0.3316,69.42,delta,70.43,1,1
QQQ,2013-06-22,CALL,2013-2017,2013-05-08,45,72.71,0.13194,3.369,0.842,75.0,75.84,50.17,124.16,,75.0,75.84,0.153,75.4,banda,70.43,0,0
QQQ,2013-07-20,PUT,2013-2017,2013-06-05,45,72.05,0.16121,4.078,1.02,69.98,71.0,50.69,121.543,,70.0,69.98,0.3114,68.09,delta,74.59,0,1
QQQ,2013-07-20,CALL,2013-2017,2013-06-05,45,72.05,0.16121,4.078,1.02,75.0,76.02,65.3,34.45,,75.0,76.02,0.129,75.0,banda,74.59,0,0
QQQ,2013-08-17,PUT,2013-2017,2013-07-03,45,72.03,0.15146,3.831,0.958,70.04,71.0,32.44,5081.515,0.849,71.0,70.04,0.2997,68.5,delta,75.48,0,0
QQQ,2013-08-17,CALL,2013-2017,2013-07-03,45,72.03,0.15146,3.831,0.958,73.0,73.96,45.23,58.093,,73.0,73.96,0.2939,74.99,delta,75.48,1,1
QQQ,2013-09-21,PUT,2013-2017,2013-08-07,45,76.42,0.12707,3.41,0.852,74.15,75.0,24.17,1347.158,0.525,75.0,74.15,0.2749,73.17,delta,78.98,0,0
QQQ,2013-09-21,CALL,2013-2017,2013-08-07,45,76.42,0.12707,3.41,0.852,78.0,78.85,46.48,100.094,,78.0,78.85,0.2218,79.08,delta,78.98,1,1
QQQ,2013-10-19,PUT,2013-2017,2013-09-04,45,76.71,0.15146,4.08,1.02,74.98,76.0,43.83,92.867,0.584,76.0,74.98,0.3406,72.58,delta,82.14,0,0
QQQ,2013-10-19,CALL,2013-2017,2013-09-04,45,76.71,0.15146,4.08,1.02,78.0,79.02,61.87,75.871,,78.0,79.02,0.2694,79.87,delta,82.14,1,1
QQQ,2013-11-16,PUT,2013-2017,2013-10-02,45,79.65,0.14658,4.099,1.025,76.98,78.0,40.02,313.08,,77.0,76.98,0.2745,75.55,delta,83.96,0,1
QQQ,2013-11-16,CALL,2013-2017,2013-10-02,45,79.65,0.14658,4.099,1.025,81.0,82.02,89.68,28.889,,82.0,82.02,0.2714,82.92,delta,83.96,1,1
QQQ,2013-12-21,PUT,2013-2017,2013-11-06,45,83.01,0.13683,3.988,0.997,77.0,78.0,21.07,1046.266,0.467,78.0,77.0,0.1118,79.08,banda,86.5,0,0
QQQ,2013-12-21,CALL,2013-2017,2013-11-06,45,83.01,0.13683,3.988,0.997,85.0,86.0,44.76,234.177,,85.0,86.0,0.1914,85.92,banda,86.5,1,1
QQQ,2014-01-18,PUT,2013-2017,2013-12-04,45,85.49,0.13194,3.961,0.99,83.01,84.0,18.07,127.175,,84.0,83.01,0.2802,81.53,delta,87.88,0,0
QQQ,2014-01-18,CALL,2013-2017,2013-12-04,45,85.49,0.13194,3.961,0.99,90.0,90.99,45.23,795.484,0.206,90.0,90.99,0.0598,88.49,banda,87.88,0,0
QQQ,2014-02-22,PUT,2013-2017,2014-01-08,45,87.31,0.13195,4.045,1.011,84.99,86.0,67.81,1343.472,,85.0,84.99,0.2852,83.47,delta,89.93,0,1
QQQ,2014-02-22,CALL,2013-2017,2014-01-08,45,87.31,0.13195,4.045,1.011,89.0,90.01,46.65,7.499,,90.0,90.01,0.246,90.5,delta,89.93,0,1
QQQ,2014-03-22,PUT,2013-2017,2014-02-05,45,84.69,0.18073,5.374,1.344,81.66,83.0,49.8,356.793,,82.0,81.66,0.2976,79.48,delta,89.0,0,0
QQQ,2014-03-22,CALL,2013-2017,2014-02-05,45,84.69,0.18073,5.374,1.344,88.0,89.34,35.79,3.828,,89.0,89.34,0.1812,88.97,banda,89.0,0,1
QQQ,2014-04-19,PUT,2013-2017,2014-03-05,45,91.06,0.13194,4.219,1.055,88.58,89.63,36.88,258.887,,89.63,88.58,0.2918,86.97,delta,86.2,1,1
QQQ,2014-04-19,CALL,2013-2017,2014-03-05,45,91.06,0.13194,4.219,1.055,93.63,94.68,66.11,78.218,,94.63,94.68,0.1671,94.23,banda,86.2,0,0
QQQ,2014-05-17,PUT,2013-2017,2014-04-02,45,89.44,0.1417,4.45,1.113,86.89,88.0,49.95,186.634,0.169,87.0,86.89,0.2941,85.19,delta,87.71,0,1
QQQ,2014-05-17,CALL,2013-2017,2014-04-02,45,89.44,0.1417,4.45,1.113,90.63,91.74,78.0,56.412,,90.63,91.74,0.3006,93.11,delta,87.71,0,0
QQQ,2014-06-21,PUT,2013-2017,2014-05-07,45,86.56,0.16122,4.9,1.225,84.41,85.63,34.6,297.105,,85.63,84.41,0.3338,82.0,delta,92.77,0,0
QQQ,2014-06-21,CALL,2013-2017,2014-05-07,45,86.56,0.16122,4.9,1.225,89.63,90.85,47.89,6.347,,89.63,90.85,0.1551,90.23,banda,92.77,1,1
QQQ,2014-07-19,PUT,2013-2017,2014-06-04,45,91.52,0.13194,4.24,1.06,85.94,87.0,33.8,483.364,,86.0,85.94,0.1411,87.39,banda,96.12,0,0
QQQ,2014-07-19,CALL,2013-2017,2014-06-04,45,91.52,0.13194,4.24,1.06,93.0,94.06,81.8,56.603,,93.0,94.06,0.2516,94.72,delta,96.12,1,1
QQQ,2014-08-16,PUT,2013-2017,2014-07-02,45,95.1,0.10756,3.592,0.898,92.1,93.0,30.89,932.77,0.418,93.0,92.1,0.221,91.74,delta,97.4,0,0
QQQ,2014-08-16,CALL,2013-2017,2014-07-02,45,95.1,0.10756,3.592,0.898,96.0,96.9,39.12,61.817,,96.0,96.9,0.2918,97.83,delta,97.4,1,1
QQQ,2014-09-20,PUT,2013-2017,2014-08-06,45,94.52,0.15634,5.189,1.297,89.33,90.63,34.33,689.84,0.945,90.63,89.33,0.1937,89.52,banda,99.98,0,0
QQQ,2014-09-20,CALL,2013-2017,2014-08-06,45,94.52,0.15634,5.189,1.297,97.63,98.93,45.06,24.474,,98.63,98.93,0.1647,98.41,banda,99.98,1,1
QQQ,2014-10-18,PUT,2013-2017,2014-09-03,45,99.48,0.12219,4.268,1.067,96.93,98.0,35.58,215.608,0.635,98.0,96.93,0.2929,95.02,delta,93.0,1,1
QQQ,2014-10-18,CALL,2013-2017,2014-09-03,45,99.48,0.12219,4.268,1.067,101.0,102.07,75.11,56.637,,101.0,102.07,0.2453,102.65,delta,93.0,0,0
QQQ,2014-11-22,PUT,2013-2017,2014-10-08,45,98.45,0.16122,5.573,1.393,93.61,95.0,40.58,459.311,,95.0,93.61,0.209,93.35,delta,103.87,0,1
QQQ,2014-11-22,CALL,2013-2017,2014-10-08,45,98.45,0.16122,5.573,1.393,100.0,101.39,52.2,221.991,0.438,100.0,101.39,0.287,102.62,delta,103.87,1,1
QQQ,2014-12-20,PUT,2013-2017,2014-11-05,45,101.37,0.15146,5.391,1.348,98.65,100.0,26.4,24.163,0.348,100.0,98.65,0.314,96.07,delta,104.32,0,0
QQQ,2014-12-20,CALL,2013-2017,2014-11-05,45,101.37,0.15146,5.391,1.348,102.63,103.98,49.59,3.016,,102.63,103.98,0.3016,105.32,delta,104.32,1,1
QQQ,2015-01-17,PUT,2013-2017,2014-12-03,45,105.42,0.13683,5.065,1.266,99.73,101.0,33.87,161.026,0.212,100.0,99.73,0.1786,100.41,banda,100.82,0,1
QQQ,2015-01-17,CALL,2013-2017,2014-12-03,45,105.42,0.13683,5.065,1.266,109.0,110.27,60.29,28.185,,110.0,110.27,0.1118,108.82,banda,100.82,0,0
QQQ,2015-02-20,PUT,2013-2017,2015-01-06,45,100.07,0.19536,6.864,1.716,97.28,99.0,34.9,67.246,,98.0,97.28,0.3412,93.43,delta,108.41,0,0
QQQ,2015-02-20,CALL,2013-2017,2015-01-06,45,100.07,0.19536,6.864,1.716,103.0,104.72,33.15,17.051,,103.0,104.72,0.2249,105.15,delta,108.41,1,1
QQQ,2015-03-20,PUT,2013-2017,2015-02-03,45,102.96,0.17585,6.357,1.589,99.41,101.0,29.04,120.05,0.328,100.0,99.41,0.3011,96.7,delta,108.53,0,0
QQQ,2015-03-20,CALL,2013-2017,2015-02-03,45,102.96,0.17585,6.357,1.589,104.0,105.59,43.17,6.059,,105.0,105.59,0.3289,107.4,delta,108.53,1,1
QQQ,2015-04-17,PUT,2013-2017,2015-03-03,45,108.87,0.13194,5.044,1.261,103.74,105.0,38.44,234.55,,105.0,103.74,0.2052,103.57,delta,106.01,0,0
QQQ,2015-04-17,CALL,2013-2017,2015-03-03,45,108.87,0.13194,5.044,1.261,111.0,112.26,51.14,51.991,,112.0,112.26,0.2051,112.34,delta,106.01,0,0
QQQ,2015-05-15,PUT,2013-2017,2015-03-31,45,105.6,0.16122,5.978,1.494,101.51,103.0,46.93,187.538,0.207,102.0,101.51,0.2662,99.69,delta,109.58,0,0
QQQ,2015-05-15,CALL,2013-2017,2015-03-31,45,105.6,0.16122,5.978,1.494,109.0,110.49,47.41,40.13,,110.0,110.49,0.162,109.95,banda,109.58,0,1
QQQ,2015-06-19,PUT,2013-2017,2015-05-05,45,107.45,0.15634,5.898,1.475,103.53,105.0,36.96,147.117,,104.0,103.53,0.2675,101.81,delta,109.89,0,0
QQQ,2015-06-19,CALL,2013-2017,2015-05-05,45,107.45,0.15634,5.898,1.475,109.63,111.1,62.36,37.478,,110.0,111.1,0.2439,111.87,delta,109.89,0,0
QQQ,2015-07-17,PUT,2013-2017,2015-06-02,45,110.07,0.13683,5.288,1.322,104.68,106.0,40.86,92.147,,106.0,104.68,0.2088,104.38,delta,113.59,0,0
QQQ,2015-07-17,CALL,2013-2017,2015-06-02,45,110.07,0.13683,5.288,1.322,113.0,114.32,56.74,126.028,,114.0,114.32,0.1533,113.67,banda,113.59,0,0
QQQ,2015-08-21,PUT,2013-2017,2015-07-07,45,107.97,0.16122,6.112,1.528,104.47,106.0,58.88,51.108,0.029,106.0,104.47,0.2955,102.04,delta,102.4,1,1
QQQ,2015-08-21,CALL,2013-2017,2015-07-07,45,107.97,0.16122,6.112,1.528,111.0,112.53,39.37,26.301,,112.0,112.53,0.1944,112.42,banda,102.4,0,1
QQQ,2015-09-18,PUT,2013-2017,2015-08-04,45,111.39,0.15146,5.924,1.481,107.52,109.0,33.33,118.115,,108.0,107.52,0.2727,105.53,delta,105.35,1,1
QQQ,2015-09-18,CALL,2013-2017,2015-08-04,45,111.39,0.15146,5.924,1.481,114.0,115.48,48.13,61.56,0.24,115.0,115.48,0.1884,115.28,banda,105.35,0,0
QQQ,2015-10-16,PUT,2013-2017,2015-09-01,45,101.05,0.30268,10.739,2.685,89.32,92.0,26.6,17.787,,90.0,89.32,0.1671,91.23,banda,108.12,0,0
QQQ,2015-10-16,CALL,2013-2017,2015-09-01,45,101.05,0.30268,10.739,2.685,106.0,108.68,31.11,4.488,,108.0,108.68,0.2158,109.15,delta,108.12,0,1
QQQ,2015-11-20,PUT,2013-2017,2015-10-06,45,105.0,0.20999,7.742,1.936,98.06,100.0,27.93,89.486,,100.0,98.06,0.2117,97.57,delta,114.48,0,0
QQQ,2015-11-20,CALL,2013-2017,2015-10-06,45,105.0,0.20999,7.742,1.936,107.0,108.94,36.43,18.86,,107.0,108.94,0.2928,110.67,delta,114.48,1,1
QQQ,2015-12-18,PUT,2013-2017,2015-11-03,45,115.01,0.15634,6.313,1.578,106.42,108.0,19.92,82.446,0.655,108.0,106.42,0.1377,108.88,banda,109.83,0,0
QQQ,2015-12-18,CALL,2013-2017,2015-11-03,45,115.01,0.15634,6.313,1.578,119.0,120.58,47.2,190.408,,120.0,120.58,0.1419,119.37,banda,109.83,0,0
QQQ,2016-01-15,PUT,2013-2017,2015-12-01,45,115.16,0.15146,6.124,1.531,112.47,114.0,22.13,69.032,0.392,108.0,112.47,0.3396,108.75,delta,100.84,1,1
QQQ,2016-01-15,CALL,2013-2017,2015-12-01,45,115.16,0.15146,6.124,1.531,119.0,120.53,54.5,64.507,,120.0,120.53,0.1304,119.53,banda,100.84,0,0
QQQ,2016-02-19,PUT,2013-2017,2016-01-05,45,109.31,0.20024,7.685,1.921,106.08,108.0,35.65,181.567,,108.0,106.08,0.3321,102.25,delta,101.63,1,1
QQQ,2016-02-19,CALL,2013-2017,2016-01-05,45,109.31,0.20024,7.685,1.921,114.0,115.92,38.47,64.315,,115.0,115.92,0.1586,114.91,banda,101.63,0,0
QQQ,2016-03-18,PUT,2013-2017,2016-02-02,45,102.15,0.23926,8.582,2.145,97.85,100.0,51.02,164.714,0.218,100.0,97.85,0.3059,94.43,delta,107.37,0,1
QQQ,2016-03-18,CALL,2013-2017,2016-02-02,45,102.15,0.23926,8.582,2.145,108.0,110.15,34.85,26.065,,110.0,110.15,0.1371,108.53,banda,107.37,0,0
QQQ,2016-04-15,PUT,2013-2017,2016-03-01,45,105.79,0.19049,7.076,1.769,99.23,101.0,34.59,163.533,0.11,100.0,99.23,0.2076,98.94,delta,110.64,0,0
QQQ,2016-04-15,CALL,2013-2017,2016-03-01,45,105.79,0.19049,7.076,1.769,109.0,110.77,38.43,22.716,,110.0,110.77,0.2039,110.85,delta,110.64,0,1
QQQ,2016-05-20,PUT,2013-2017,2016-04-05,45,108.88,0.16609,6.35,1.587,99.41,101.0,30.79,117.249,0.382,100.0,99.41,0.1165,102.89,banda,106.47,0,0
QQQ,2016-05-20,CALL,2013-2017,2016-04-05,45,108.88,0.16609,6.35,1.587,112.0,113.59,44.42,23.748,,113.0,113.59,0.1974,113.55,banda,106.47,0,0
QQQ,2016-06-17,PUT,2013-2017,2016-05-03,45,105.73,0.17585,6.528,1.632,102.37,104.0,36.46,19.866,,104.0,102.37,0.3084,99.41,delta,106.49,0,0
QQQ,2016-06-17,CALL,2013-2017,2016-05-03,45,105.73,0.17585,6.528,1.632,108.0,109.63,36.51,83.402,,108.0,109.63,0.2497,110.46,delta,106.49,0,1
QQQ,2016-07-15,PUT,2013-2017,2016-05-31,45,110.34,0.14171,5.49,1.373,107.63,109.0,27.48,54.193,0.75,103.0,107.63,0.3219,104.84,delta,111.8,0,1
QQQ,2016-07-15,CALL,2013-2017,2016-05-31,45,110.34,0.14171,5.49,1.373,112.0,113.37,70.33,42.04,,112.0,113.37,0.2566,114.15,delta,111.8,0,0
QQQ,2016-08-19,PUT,2013-2017,2016-07-05,45,107.42,0.16609,6.265,1.566,103.43,105.0,46.98,204.174,,105.0,103.43,0.2689,101.36,delta,117.26,0,0
QQQ,2016-08-19,CALL,2013-2017,2016-07-05,45,107.42,0.16609,6.265,1.566,109.0,110.57,56.05,130.419,,109.0,110.57,0.2845,111.88,delta,117.26,1,1
QQQ,2016-09-16,PUT,2013-2017,2016-08-02,45,114.96,0.13683,5.523,1.381,109.62,111.0,20.68,12.718,0.459,110.0,109.62,0.2084,109.34,delta,117.29,0,0
QQQ,2016-09-16,CALL,2013-2017,2016-08-02,45,114.96,0.13683,5.523,1.381,116.0,117.38,44.57,77.991,,116.0,117.38,0.3262,119.0,delta,117.29,0,1
QQQ,2016-10-21,PUT,2013-2017,2016-09-06,45,117.85,0.12707,5.258,1.315,109.69,111.0,28.21,141.757,0.462,110.0,109.69,0.133,112.29,banda,118.15,0,0
QQQ,2016-10-21,CALL,2013-2017,2016-09-06,45,117.85,0.12707,5.258,1.315,119.0,120.31,55.75,44.084,,120.0,120.31,0.295,121.46,delta,118.15,0,0
QQQ,2016-11-18,PUT,2013-2017,2016-10-04,45,118.37,0.15146,6.295,1.574,114.43,116.0,35.47,377.882,,116.0,114.43,0.2799,112.19,delta,117.32,0,1
QQQ,2016-11-18,CALL,2013-2017,2016-10-04,45,118.37,0.15146,6.295,1.574,120.0,121.57,61.69,50.21,,120.0,121.57,0.2846,122.9,delta,117.32,0,0
QQQ,2016-12-16,PUT,2013-2017,2016-11-01,45,116.11,0.18561,7.567,1.892,112.11,114.0,22.58,280.454,0.775,114.0,112.11,0.3012,108.9,delta,119.6,0,0
QQQ,2016-12-16,CALL,2013-2017,2016-11-01,45,116.11,0.18561,7.567,1.892,119.0,120.89,46.0,139.568,0.337,120.0,120.89,0.2207,121.3,delta,119.6,0,1
QQQ,2017-01-20,PUT,2013-2017,2016-12-06,45,116.88,0.14171,5.815,1.454,114.55,116.0,47.95,59.616,0.121,115.0,114.55,0.3473,111.11,delta,123.25,0,0
QQQ,2017-01-20,CALL,2013-2017,2016-12-06,45,116.88,0.14171,5.815,1.454,119.0,120.45,62.33,109.375,,120.0,120.45,0.2339,120.99,delta,123.25,1,1
QQQ,2017-02-17,PUT,2013-2017,2017-01-03,45,119.54,0.15146,6.357,1.589,115.41,117.0,38.64,542.948,0.262,116.0,115.41,0.2714,113.33,delta,129.81,0,0
QQQ,2017-02-17,CALL,2013-2017,2017-01-03,45,119.54,0.15146,6.357,1.589,124.0,125.59,58.94,488.104,,125.0,125.59,0.1345,124.39,banda,129.81,1,1
QQQ,2017-03-17,PUT,2013-2017,2017-01-31,45,124.57,0.12219,5.345,1.336,119.66,121.0,26.48,663.208,,120.0,119.66,0.2186,119.06,delta,131.69,0,0
QQQ,2017-03-17,CALL,2013-2017,2017-01-31,45,124.57,0.12219,5.345,1.336,126.0,127.34,54.34,58.966,,126.0,127.34,0.3027,128.97,delta,131.69,1,1
QQQ,2017-04-21,PUT,2013-2017,2017-03-07,45,130.51,0.10268,4.705,1.176,126.82,128.0,26.93,185.932,,127.0,126.82,0.2553,125.6,delta,132.56,0,0
QQQ,2017-04-21,CALL,2013-2017,2017-03-07,45,130.51,0.10268,4.705,1.176,134.0,135.18,49.04,750.246,,135.0,135.18,0.1511,134.35,banda,132.56,0,0
QQQ,2017-05-19,PUT,2013-2017,2017-04-04,45,132.51,0.11244,5.232,1.308,129.69,131.0,46.51,2611.098,0.177,130.0,129.69,0.3051,127.36,delta,137.84,0,0
QQQ,2017-05-19,CALL,2013-2017,2017-04-04,45,132.51,0.11244,5.232,1.308,135.0,136.31,64.46,216.036,,135.0,136.31,0.2247,136.6,delta,137.84,1,1
QQQ,2017-06-16,PUT,2013-2017,2017-05-02,45,137.43,0.11732,5.661,1.415,130.58,132.0,29.23,1094.59,0.826,132.0,130.58,0.1572,132.1,banda,138.15,0,0
QQQ,2017-06-16,CALL,2013-2017,2017-05-02,45,137.43,0.11732,5.661,1.415,139.0,140.42,89.02,620.234,,140.0,140.42,0.2729,141.51,delta,138.15,0,1
QQQ,2017-07-21,PUT,2013-2017,2017-06-06,45,142.86,0.12707,6.374,1.594,135.41,137.0,31.41,1396.058,0.724,136.0,135.41,0.1684,136.57,banda,144.11,0,0
QQQ,2017-07-21,CALL,2013-2017,2017-06-06,45,142.86,0.12707,6.374,1.594,145.0,146.59,76.36,196.189,,145.0,146.59,0.2608,147.54,delta,144.11,0,0
QQQ,2017-08-18,PUT,2013-2017,2017-07-03,46,136.19,0.17585,8.502,2.125,129.87,132.0,58.94,1046.553,0.164,130.0,129.87,0.244,128.16,delta,141.23,0,0
QQQ,2017-08-18,CALL,2013-2017,2017-07-03,46,136.19,0.17585,8.502,2.125,142.0,144.13,47.85,19.358,,142.0,144.13,0.1245,142.48,banda,141.23,0,1
QQQ,2017-09-15,PUT,2013-2017,2017-08-01,45,143.56,0.13194,6.651,1.663,139.34,141.0,22.68,1480.781,0.661,140.0,139.34,0.2809,136.88,delta,146.06,0,0
QQQ,2017-09-15,CALL,2013-2017,2017-08-01,45,143.56,0.13194,6.651,1.663,145.0,146.66,51.79,300.549,0.319,146.0,146.66,0.3184,148.52,delta,146.06,0,0
QQQ,2017-10-20,PUT,2013-2017,2017-09-05,45,144.69,0.14171,7.199,1.8,138.2,140.0,28.67,2186.022,,142.0,138.2,0.2187,137.41,delta,148.71,0,0
QQQ,2017-10-20,CALL,2013-2017,2017-09-05,45,144.69,0.14171,7.199,1.8,146.0,147.8,59.75,223.612,,147.0,147.8,0.33,149.91,delta,148.71,1,1
QQQ,2017-11-17,PUT,2013-2017,2017-10-03,45,145.89,0.13195,6.759,1.69,141.31,143.0,32.2,585.309,,142.0,141.31,0.2572,139.51,delta,153.95,0,0
QQQ,2017-11-17,CALL,2013-2017,2017-10-03,45,145.89,0.13195,6.759,1.69,149.0,150.69,63.24,187.819,,149.0,150.69,0.2013,150.71,delta,153.95,1,1
QQQ,2017-12-15,PUT,2013-2017,2017-10-31,45,152.15,0.13683,7.31,1.827,143.17,145.0,19.8,434.367,,145.0,143.17,0.1541,145.16,banda,157.65,0,0
QQQ,2017-12-15,CALL,2013-2017,2017-10-31,45,152.15,0.13683,7.31,1.827,155.0,156.83,80.2,679.26,,156.0,156.83,0.2571,158.07,delta,157.65,1,1
QQQ,2018-01-19,PUT,2018-2025,2017-12-05,45,152.81,0.14658,7.865,1.966,144.03,146.0,16.85,455.593,,145.0,144.03,0.1739,144.98,banda,166.34,0,0
QQQ,2018-01-19,CALL,2018-2025,2017-12-05,45,152.81,0.14658,7.865,1.966,155.0,156.97,47.23,157.218,0.25,155.0,156.97,0.2998,158.81,delta,166.34,1,1
QQQ,2018-02-16,PUT,2018-2025,2018-01-02,45,158.49,0.13195,7.343,1.836,149.16,151.0,20.76,418.709,0.207,145.0,149.16,0.1552,151.21,banda,164.96,0,0
QQQ,2018-02-16,CALL,2018-2025,2018-01-02,45,158.49,0.13195,7.343,1.836,162.0,163.84,43.22,599.216,,160.0,163.84,0.2006,163.84,delta,164.96,1,1
QQQ,2018-03-16,PUT,2018-2025,2018-01-30,45,168.7,0.18073,10.705,2.676,163.32,166.0,32.32,685.644,,165.0,163.32,0.3014,159.25,delta,171.02,0,1
QQQ,2018-03-16,CALL,2018-2025,2018-01-30,45,168.7,0.18073,10.705,2.676,173.0,175.68,49.38,40.76,,175.0,175.68,0.26,177.54,delta,171.02,0,0
QQQ,2018-04-20,PUT,2018-2025,2018-03-06,45,168.54,0.17585,10.407,2.602,159.4,162.0,38.19,613.946,,160.0,159.4,0.2221,158.27,delta,162.3,0,1
QQQ,2018-04-20,CALL,2018-2025,2018-03-06,45,168.54,0.17585,10.407,2.602,173.0,175.6,47.51,5.57,,173.0,175.6,0.2287,176.28,delta,162.3,0,0
QQQ,2018-05-18,PUT,2018-2025,2018-04-03,45,157.26,0.25389,14.019,3.505,151.5,155.0,39.01,140.165,0.222,142.0,151.5,0.3256,144.73,delta,167.46,0,0
QQQ,2018-05-18,CALL,2018-2025,2018-04-03,45,157.26,0.25389,14.019,3.505,170.0,173.5,35.95,42.856,,170.0,173.5,0.0914,168.14,banda,167.46,0,0
QQQ,2018-06-15,PUT,2018-2025,2018-05-01,45,162.78,0.18073,10.33,2.582,157.42,160.0,25.94,52.565,,155.0,157.42,0.2989,152.92,delta,176.98,0,0
QQQ,2018-06-15,CALL,2018-2025,2018-05-01,45,162.78,0.18073,10.33,2.582,165.0,167.58,34.41,12.158,,165.0,167.58,0.3272,170.84,delta,176.98,1,1
QQQ,2018-07-20,PUT,2018-2025,2018-06-05,45,174.84,0.12707,7.801,1.95,162.05,164.0,22.03,18.486,0.426,163.0,162.05,0.115,166.87,banda,178.99,0,0
QQQ,2018-07-20,CALL,2018-2025,2018-06-05,45,174.84,0.12707,7.801,1.95,179.0,180.95,49.56,578.343,,180.0,180.95,0.1915,180.82,banda,178.99,0,0
QQQ,2018-08-17,PUT,2018-2025,2018-07-03,45,170.8,0.19536,11.716,2.929,164.07,167.0,38.12,349.745,0.204,165.0,164.07,0.2913,159.42,delta,179.86,0,0
QQQ,2018-08-17,CALL,2018-2025,2018-07-03,45,170.8,0.19536,11.716,2.929,175.0,177.93,50.86,37.434,,175.0,177.93,0.258,179.55,delta,179.86,1,1
QQQ,2018-09-21,PUT,2018-2025,2018-08-07,45,181.8,0.13195,8.423,2.106,169.89,172.0,24.15,223.101,0.541,170.0,169.89,0.1293,173.55,banda,183.71,0,0
QQQ,2018-09-21,CALL,2018-2025,2018-08-07,45,181.8,0.13195,8.423,2.106,184.0,186.11,42.66,8.521,,185.0,186.11,0.3177,188.55,delta,183.71,0,1
QQQ,2018-10-19,PUT,2018-2025,2018-09-04,45,185.85,0.15146,9.884,2.471,178.53,181.0,26.64,218.88,0.361,180.0,178.53,0.2465,176.48,delta,173.02,1,1
QQQ,2018-10-19,CALL,2018-2025,2018-09-04,45,185.85,0.15146,9.884,2.471,188.0,190.47,36.9,1.754,,190.0,190.47,0.3245,193.33,delta,173.02,0,0
QQQ,2018-11-16,PUT,2018-2025,2018-10-02,45,185.75,0.16122,10.515,2.629,179.37,182.0,27.23,296.485,,180.0,179.37,0.2757,175.97,delta,167.5,1,1
QQQ,2018-11-16,CALL,2018-2025,2018-10-02,45,185.75,0.16122,10.515,2.629,188.0,190.63,42.69,2.243,,190.0,190.63,0.3294,193.87,delta,167.5,0,0
QQQ,2018-12-21,PUT,2018-2025,2018-11-05,46,168.96,0.24414,14.644,3.661,162.34,166.0,34.1,157.416,,165.0,162.34,0.3134,155.87,delta,147.57,1,1
QQQ,2018-12-21,CALL,2018-2025,2018-11-05,46,168.96,0.24414,14.644,3.661,180.0,183.66,34.93,8.224,,180.0,183.66,0.1234,180.34,banda,147.57,0,0
QQQ,2019-01-18,PUT,2018-2025,2018-12-04,45,165.72,0.23439,13.638,3.41,156.59,160.0,40.35,183.084,0.499,160.0,156.59,0.2493,153.78,delta,165.25,0,1
QQQ,2019-01-18,CALL,2018-2025,2018-12-04,45,165.72,0.23439,13.638,3.41,175.0,178.41,29.51,11.27,,175.0,178.41,0.1519,176.19,banda,165.25,0,0
QQQ,2019-02-15,PUT,2018-2025,2018-12-31,46,154.26,0.2978,16.308,4.077,145.92,150.0,38.48,27.155,,150.0,145.92,0.2872,140.56,delta,171.94,0,0
QQQ,2019-02-15,CALL,2018-2025,2018-12-31,46,154.26,0.2978,16.308,4.077,162.0,166.08,38.14,18.55,,165.0,166.08,0.2239,166.87,delta,171.94,1,1
QQQ,2019-03-15,PUT,2018-2025,2019-01-29,45,161.57,0.21975,12.467,3.117,154.88,158.0,36.1,58.794,0.361,155.0,154.88,0.2875,150.56,delta,178.35,0,0
QQQ,2019-03-15,CALL,2018-2025,2019-01-29,45,161.57,0.21975,12.467,3.117,167.0,170.12,39.11,33.529,,170.0,170.12,0.2316,171.29,delta,178.35,1,1
QQQ,2019-04-18,PUT,2018-2025,2019-03-04,45,174.42,0.15634,9.574,2.394,167.61,170.0,24.29,272.671,,160.0,167.61,0.2544,164.85,delta,187.39,0,0
QQQ,2019-04-18,CALL,2018-2025,2019-03-04,45,174.42,0.15634,9.574,2.394,178.0,180.39,43.74,9.763,0.055,176.0,180.39,0.2442,181.55,delta,187.39,1,1
QQQ,2019-05-17,PUT,2018-2025,2019-04-02,45,182.73,0.15634,10.031,2.508,177.49,180.0,22.62,221.749,,175.0,177.49,0.2916,173.62,delta,183.04,0,0
QQQ,2019-05-17,CALL,2018-2025,2019-04-02,45,182.73,0.15634,10.031,2.508,188.0,190.51,48.1,14.14,,185.0,190.51,0.2087,190.77,delta,183.04,0,1
QQQ,2019-06-21,PUT,2018-2025,2019-05-07,45,186.24,0.20999,13.732,3.433,178.57,182.0,41.67,35.656,,180.0,178.57,0.2747,174.2,delta,188.57,0,1
QQQ,2019-06-21,CALL,2018-2025,2019-05-07,45,186.24,0.20999,13.732,3.433,189.0,192.43,48.16,28.824,,190.0,192.43,0.3362,196.83,delta,188.57,0,0
QQQ,2019-07-19,PUT,2018-2025,2019-06-04,45,174.91,0.20999,12.897,3.224,166.78,170.0,40.96,74.697,,170.0,166.78,0.2599,163.6,delta,191.01,0,0
QQQ,2019-07-19,CALL,2018-2025,2019-06-04,45,174.91,0.20999,12.897,3.224,185.0,188.22,31.08,2.436,,185.0,188.22,0.109,184.54,banda,191.01,1,1
QQQ,2019-08-16,PUT,2018-2025,2019-07-02,45,190.01,0.15146,10.105,2.526,173.47,176.0,18.24,33.922,0.51,175.0,173.47,0.1045,180.54,banda,185.48,0,0
QQQ,2019-08-16,CALL,2018-2025,2019-07-02,45,190.01,0.15146,10.105,2.526,193.0,195.53,45.72,427.24,,195.0,195.53,0.3042,198.23,delta,185.48,0,1
QQQ,2019-09-20,PUT,2018-2025,2019-08-06,45,183.26,0.21975,14.14,3.535,176.46,180.0,38.34,60.921,,180.0,176.46,0.3065,170.48,delta,190.8,0,0
QQQ,2019-09-20,CALL,2018-2025,2019-08-06,45,183.26,0.21975,14.14,3.535,192.0,195.54,41.99,20.03,,195.0,195.54,0.1574,193.76,banda,190.8,0,0
QQQ,2019-10-18,PUT,2018-2025,2019-09-04,44,188.33,0.20024,13.093,3.273,174.73,178.0,27.2,99.922,,180.0,174.73,0.182,175.77,banda,191.69,0,0
QQQ,2019-10-18,CALL,2018-2025,2019-09-04,44,188.33,0.20024,13.093,3.273,199.0,202.27,39.89,62.626,,200.0,202.27,0.0697,197.4,banda,191.69,0,0
QQQ,2019-11-15,PUT,2018-2025,2019-10-01,45,187.27,0.21,13.809,3.452,181.55,185.0,39.38,447.578,,185.0,181.55,0.3249,174.6,delta,202.91,0,0
QQQ,2019-11-15,CALL,2018-2025,2019-10-01,45,187.27,0.21,13.809,3.452,192.0,195.45,39.44,68.076,,193.0,195.45,0.2601,197.19,delta,202.91,1,1
QQQ,2019-12-20,PUT,2018-2025,2019-11-05,45,200.21,0.15634,10.99,2.748,192.25,195.0,22.26,18.64,,193.0,192.25,0.2417,190.04,delta,211.71,0,0
QQQ,2019-12-20,CALL,2018-2025,2019-11-05,45,200.21,0.15634,10.99,2.748,205.0,207.75,50.14,13.797,,205.0,207.75,0.232,208.8,delta,211.71,1,1
QQQ,2020-01-17,PUT,2018-2025,2019-12-03,45,201.41,0.17585,12.436,3.109,192.89,196.0,22.79,20.121,,195.0,192.89,0.2592,189.34,delta,223.38,0,0
QQQ,2020-01-17,CALL,2018-2025,2019-12-03,45,201.41,0.17585,12.436,3.109,209.0,212.11,48.15,11.815,,210.0,212.11,0.1272,210.05,banda,223.38,1,1
QQQ,2020-02-21,PUT,2018-2025,2020-01-07,45,215.53,0.15634,11.831,2.958,208.04,211.0,32.48,170.229,0.298,210.0,208.04,0.277,204.04,delta,230.27,0,0
QQQ,2020-02-21,CALL,2018-2025,2020-01-07,45,215.53,0.15634,11.831,2.958,223.0,225.96,59.31,57.288,,225.0,225.96,0.1503,224.09,banda,230.27,1,1
QQQ,2020-03-20,PUT,2018-2025,2020-02-04,45,227.47,0.17097,13.655,3.414,219.59,223.0,24.09,16.539,,210.0,219.59,0.2862,214.5,delta,170.7,1,1
QQQ,2020-03-20,CALL,2018-2025,2020-02-04,45,227.47,0.17097,13.655,3.414,233.0,236.41,60.71,96.687,,233.0,236.41,0.2316,237.24,delta,170.7,0,1
QQQ,2020-04-17,PUT,2018-2025,2020-03-03,45,209.48,0.3417,25.133,6.283,194.72,201.0,46.56,3.067,,200.0,194.72,0.2682,187.37,delta,215.29,0,1
QQQ,2020-04-17,CALL,2018-2025,2020-03-03,45,209.48,0.3417,25.133,6.283,220.0,226.28,33.6,1.928,,220.0,226.28,0.2171,227.29,delta,215.29,0,0
QQQ,2020-05-15,PUT,2018-2025,2020-03-31,45,190.4,0.43926,29.366,7.341,157.66,165.0,28.33,2.524,,160.0,157.66,0.1615,163.76,banda,223.27,0,0
QQQ,2020-05-15,CALL,2018-2025,2020-03-31,45,190.4,0.43926,29.366,7.341,210.0,217.34,37.2,4.054,,215.0,217.34,0.1209,211.13,banda,223.27,1,1
QQQ,2020-06-19,PUT,2018-2025,2020-05-05,45,217.66,0.31243,23.878,5.969,199.03,205.0,25.79,14.22,,200.0,199.03,0.233,195.54,delta,244.24,0,0
QQQ,2020-06-19,CALL,2018-2025,2020-05-05,45,217.66,0.31243,23.878,5.969,225.0,230.97,44.1,4.686,0.186,230.0,230.97,0.2722,235.2,delta,244.24,1,1
QQQ,2020-07-17,PUT,2018-2025,2020-06-02,45,235.63,0.23927,19.796,4.949,216.05,221.0,18.45,5.558,,170.0,216.05,0.2016,215.89,delta,259.42,0,0
QQQ,2020-07-17,CALL,2018-2025,2020-06-02,45,235.63,0.23927,19.796,4.949,242.0,246.95,48.38,116.765,,245.0,246.95,0.253,249.85,delta,259.42,1,1
QQQ,2020-08-21,PUT,2018-2025,2020-07-07,45,256.61,0.27829,25.074,6.269,229.73,236.0,27.42,13.685,0.206,220.0,229.73,0.1732,232.8,banda,281.87,0,0
QQQ,2020-08-21,CALL,2018-2025,2020-07-07,45,256.61,0.27829,25.074,6.269,264.0,270.27,61.88,5.4,,270.0,270.27,0.2918,276.42,delta,281.87,1,1
QQQ,2020-09-18,PUT,2018-2025,2020-08-04,45,270.38,0.26853,25.493,6.373,258.63,265.0,23.57,38.19,0.367,250.0,258.63,0.3162,247.12,delta,266.87,0,0
QQQ,2020-09-18,CALL,2018-2025,2020-08-04,45,270.38,0.26853,25.493,6.373,275.0,281.37,36.39,22.424,,288.0,281.37,0.3333,289.42,delta,266.87,0,1
QQQ,2020-10-16,PUT,2018-2025,2020-09-01,45,299.92,0.31731,33.416,8.354,259.65,268.0,21.5,4.194,,250.0,259.65,0.1406,270.11,banda,288.51,0,0
QQQ,2020-10-16,CALL,2018-2025,2020-09-01,45,299.92,0.31731,33.416,8.354,305.0,313.35,46.54,3.47,,310.0,313.35,0.3514,327.31,delta,288.51,0,0
QQQ,2020-11-20,PUT,2018-2025,2020-10-06,45,275.16,0.35633,34.427,8.607,254.39,263.0,28.79,4.76,0.322,260.0,254.39,0.2626,246.04,delta,290.38,0,0
QQQ,2020-11-20,CALL,2018-2025,2020-10-06,45,275.16,0.35633,34.427,8.607,292.0,300.61,35.49,3.688,,300.0,300.61,0.214,302.16,delta,290.38,0,0
QQQ,2020-12-18,PUT,2018-2025,2020-11-03,45,274.65,0.33195,32.011,8.003,252.0,260.0,27.34,10.618,0.591,260.0,252.0,0.245,246.17,delta,310.06,0,0
QQQ,2020-12-18,CALL,2018-2025,2020-11-03,45,274.65,0.33195,32.011,8.003,284.0,292.0,36.32,23.9,,280.0,292.0,0.2897,298.84,delta,310.06,1,1
QQQ,2021-01-15,PUT,2018-2025,2020-12-01,45,303.46,0.24414,26.014,6.503,274.5,281.0,28.45,36.094,0.396,280.0,274.5,0.1592,280.16,banda,311.86,0,0
QQQ,2021-01-15,CALL,2018-2025,2020-12-01,45,303.46,0.24414,26.014,6.503,309.0,315.5,44.17,12.678,,310.0,315.5,0.3295,324.82,delta,311.86,0,1
QQQ,2021-02-19,PUT,2018-2025,2021-01-05,45,311.86,0.25389,27.802,6.95,289.05,296.0,33.08,4.336,0.22,290.0,289.05,0.2241,285.74,delta,331.02,0,0
QQQ,2021-02-19,CALL,2018-2025,2021-01-05,45,311.86,0.25389,27.802,6.95,320.0,326.95,58.17,9.142,,324.0,326.95,0.2835,332.37,delta,331.02,1,1
QQQ,2021-03-19,PUT,2018-2025,2021-02-02,45,327.68,0.26365,30.335,7.584,313.42,321.0,27.74,93.75,,315.0,313.42,0.3115,299.49,delta,313.14,1,1
QQQ,2021-03-19,CALL,2018-2025,2021-02-02,45,327.68,0.26365,30.335,7.584,339.0,346.58,47.97,7.613,,345.0,346.58,0.2564,350.75,delta,313.14,0,0
QQQ,2021-04-16,PUT,2018-2025,2021-03-02,45,318.4,0.27341,30.567,7.642,297.36,305.0,22.96,3.24,,300.0,297.36,0.2567,289.56,delta,342.01,0,0
QQQ,2021-04-16,CALL,2018-2025,2021-03-02,45,318.4,0.27341,30.567,7.642,329.0,336.64,41.62,8.687,,330.0,336.64,0.2512,340.81,delta,342.01,1,1
QQQ,2021-05-21,PUT,2018-2025,2021-04-06,45,330.82,0.21,24.393,6.098,299.9,306.0,27.13,4.249,,310.0,299.9,0.146,307.76,banda,327.01,0,0
QQQ,2021-05-21,CALL,2018-2025,2021-04-06,45,330.82,0.21,24.393,6.098,335.0,341.1,42.95,11.613,0.432,335.0,341.1,0.345,350.79,delta,327.01,0,1
QQQ,2021-06-18,PUT,2018-2025,2021-05-04,45,330.14,0.22463,26.039,6.51,303.49,310.0,22.89,39.383,0.486,310.0,303.49,0.1885,305.55,banda,342.63,0,0
QQQ,2021-06-18,CALL,2018-2025,2021-05-04,45,330.14,0.22463,26.039,6.51,335.0,341.51,36.52,3.79,0.33,340.0,341.51,0.3281,349.51,delta,342.63,1,1
QQQ,2021-07-16,PUT,2018-2025,2021-06-01,45,332.82,0.19048,22.26,5.565,319.44,325.0,39.46,47.633,,320.0,319.44,0.288,310.41,delta,357.6,0,0
QQQ,2021-07-16,CALL,2018-2025,2021-06-01,45,332.82,0.19048,22.26,5.565,340.0,345.56,37.01,7.211,,340.0,345.56,0.263,349.65,delta,357.6,1,1
QQQ,2021-08-20,PUT,2018-2025,2021-07-06,45,360.19,0.18073,22.857,5.714,344.29,350.0,18.34,4.472,0.376,350.0,344.29,0.2576,337.7,delta,367.73,0,0
QQQ,2021-08-20,CALL,2018-2025,2021-07-06,45,360.19,0.18073,22.857,5.714,365.0,370.71,47.91,37.082,,380.0,370.71,0.3163,377.28,delta,367.73,0,0
QQQ,2021-09-17,PUT,2018-2025,2021-08-03,45,366.81,0.17097,22.02,5.505,344.49,350.0,24.19,40.361,,350.0,344.49,0.2059,343.91,delta,373.83,0,0
QQQ,2021-09-17,CALL,2018-2025,2021-08-03,45,366.81,0.17097,22.02,5.505,375.0,380.51,53.17,96.22,,380.0,380.51,0.2547,383.38,delta,373.83,0,1
QQQ,2021-10-15,PUT,2018-2025,2021-08-31,45,379.95,0.15634,20.857,5.214,364.79,370.0,23.96,17.699,0.333,365.0,364.79,0.2691,357.15,delta,368.94,0,1
QQQ,2021-10-15,CALL,2018-2025,2021-08-31,45,379.95,0.15634,20.857,5.214,385.0,390.21,51.42,35.247,,385.0,390.21,0.2911,395.52,delta,368.94,0,0
QQQ,2021-11-19,PUT,2018-2025,2021-10-05,45,357.38,0.21975,27.575,6.894,343.11,350.0,54.72,19.78,0.173,350.0,343.11,0.3103,329.93,delta,403.99,0,0
QQQ,2021-11-19,CALL,2018-2025,2021-10-05,45,357.38,0.21975,27.575,6.894,369.0,375.89,35.34,6.918,,375.0,375.89,0.2229,376.82,delta,403.99,1,1
QQQ,2021-12-17,PUT,2018-2025,2021-11-02,45,389.05,0.17097,23.355,5.839,369.16,375.0,18.73,14.012,,370.0,369.16,0.2267,365.71,delta,384.91,0,0
QQQ,2021-12-17,CALL,2018-2025,2021-11-02,45,389.05,0.17097,23.355,5.839,395.0,400.84,63.85,41.249,,400.0,400.84,0.2971,406.65,delta,384.91,0,1
QQQ,2022-01-21,PUT,2018-2025,2021-12-07,45,397.83,0.21975,30.696,7.674,368.33,376.0,24.21,21.626,0.376,370.0,368.33,0.208,367.28,delta,351.69,1,1
QQQ,2022-01-21,CALL,2018-2025,2021-12-07,45,397.83,0.21975,30.696,7.674,414.0,421.67,47.04,49.031,,420.0,421.67,0.1742,419.54,banda,351.69,0,0
QQQ,2022-02-18,PUT,2018-2025,2022-01-04,45,396.47,0.20024,27.875,6.969,379.03,386.0,35.64,10.704,0.122,380.0,379.03,0.278,368.83,delta,341.51,1,1
QQQ,2022-02-18,CALL,2018-2025,2022-01-04,45,396.47,0.20024,27.875,6.969,404.0,410.97,33.61,9.121,,420.0,410.97,0.2857,416.54,delta,341.51,0,0
QQQ,2022-03-18,PUT,2018-2025,2022-02-01,45,365.52,0.24901,31.959,7.99,349.01,357.0,33.14,7.689,0.061,350.0,349.01,0.3005,335.75,delta,351.49,0,1
QQQ,2022-03-18,CALL,2018-2025,2022-02-01,45,365.52,0.24901,31.959,7.99,373.0,380.99,38.73,22.052,0.289,375.0,380.99,0.3095,390.02,delta,351.49,0,0
QQQ,2022-04-14,PUT,2018-2025,2022-02-28,45,346.8,0.28804,35.075,8.769,319.23,328.0,35.33,4.473,,320.0,319.23,0.229,314.62,delta,338.43,0,1
QQQ,2022-04-14,CALL,2018-2025,2022-02-28,45,346.8,0.28804,35.075,8.769,370.0,378.77,32.43,5.992,,400.0,378.77,0.1463,372.38,banda,338.43,0,0
QQQ,2022-05-20,PUT,2018-2025,2022-04-05,45,361.1,0.24414,30.955,7.739,337.26,345.0,23.86,3.718,,330.0,337.26,0.2391,331.79,delta,288.68,1,1
QQQ,2022-05-20,CALL,2018-2025,2022-04-05,45,361.1,0.24414,30.955,7.739,378.0,385.74,33.93,9.86,,395.0,385.74,0.1879,385.19,banda,288.68,0,0
QQQ,2022-06-17,PUT,2018-2025,2022-05-03,45,318.82,0.33194,37.16,9.29,298.71,308.0,36.04,74.963,0.307,300.0,298.71,0.2788,287.87,delta,274.69,1,1
QQQ,2022-06-17,CALL,2018-2025,2022-05-03,45,318.82,0.33194,37.16,9.29,341.0,350.29,25.34,18.362,,350.0,350.29,0.1719,347.95,banda,274.69,0,0
QQQ,2022-07-15,PUT,2018-2025,2022-05-31,45,308.28,0.30268,32.763,8.191,291.81,300.0,40.74,6.913,,300.0,291.81,0.2978,279.24,delta,291.87,0,1
QQQ,2022-07-15,CALL,2018-2025,2022-05-31,45,308.28,0.30268,32.763,8.191,323.0,331.19,50.06,35.303,,330.0,331.19,0.232,334.5,delta,291.87,0,0
QQQ,2022-08-19,PUT,2018-2025,2022-07-05,45,286.96,0.32219,32.463,8.116,271.88,280.0,41.55,12.524,,280.0,271.88,0.3052,259.32,delta,322.86,0,0
QQQ,2022-08-19,CALL,2018-2025,2022-07-05,45,286.96,0.32219,32.463,8.116,294.0,302.12,42.14,264.25,0.369,300.0,302.12,0.3303,313.11,delta,322.86,1,1
QQQ,2022-09-16,PUT,2018-2025,2022-08-02,45,314.33,0.27829,30.714,7.678,297.32,305.0,39.75,9.681,,300.0,297.32,0.2808,287.36,delta,289.32,1,1
QQQ,2022-09-16,CALL,2018-2025,2022-08-02,45,314.33,0.27829,30.714,7.678,323.0,330.68,38.68,277.36,,330.0,330.68,0.299,338.47,delta,289.32,0,1
QQQ,2022-10-21,PUT,2018-2025,2022-09-06,45,293.05,0.30756,31.646,7.912,278.09,286.0,48.1,26.007,,280.0,278.09,0.3033,265.95,delta,275.42,1,1
QQQ,2022-10-21,CALL,2018-2025,2022-09-06,45,293.05,0.30756,31.646,7.912,298.0,305.91,26.16,5.859,0.306,300.0,305.91,0.3589,318.57,delta,275.42,0,1
QQQ,2022-11-18,PUT,2018-2025,2022-10-04,45,282.13,0.32219,31.917,7.979,267.02,275.0,50.37,9.879,,270.0,267.02,0.2932,256.27,delta,284.82,0,1
QQQ,2022-11-18,CALL,2018-2025,2022-10-04,45,282.13,0.32219,31.917,7.979,294.0,301.98,41.72,22.832,,300.0,301.98,0.2796,308.95,delta,284.82,0,0
QQQ,2022-12-16,PUT,2018-2025,2022-11-01,45,275.11,0.31243,30.18,7.545,262.46,270.0,36.87,28.856,,270.0,262.46,0.3084,251.11,delta,274.25,0,1
QQQ,2022-12-16,CALL,2018-2025,2022-11-01,45,275.11,0.31243,30.18,7.545,285.0,292.54,35.73,86.235,,290.0,292.54,0.3069,302.24,delta,274.25,0,1
QQQ,2023-01-20,PUT,2018-2025,2022-12-06,45,281.68,0.27341,27.041,6.76,269.24,276.0,38.11,13.116,,270.0,269.24,0.2954,259.94,delta,282.68,0,1
QQQ,2023-01-20,CALL,2018-2025,2022-12-06,45,281.68,0.27341,27.041,6.76,300.0,306.76,36.91,1208.666,,300.0,306.76,0.1756,304.82,banda,282.68,0,0
QQQ,2023-02-17,PUT,2018-2025,2023-01-03,45,264.48,0.29292,27.202,6.801,253.2,260.0,31.92,43.002,0.622,260.0,253.2,0.3062,243.59,delta,301.16,0,0
QQQ,2023-02-17,CALL,2018-2025,2023-01-03,45,264.48,0.29292,27.202,6.801,284.0,290.8,34.25,13.315,,285.0,290.8,0.1637,287.31,banda,301.16,1,1
QQQ,2023-03-17,PUT,2018-2025,2023-01-31,45,294.62,0.24902,25.761,6.44,279.56,286.0,34.39,9.338,,280.0,279.56,0.2561,273.41,delta,305.36,0,0
QQQ,2023-03-17,CALL,2018-2025,2023-01-31,45,294.62,0.24902,25.761,6.44,300.0,306.44,37.17,298.542,0.341,300.0,306.44,0.3496,316.68,delta,305.36,0,1
QQQ,2023-04-21,PUT,2018-2025,2023-03-07,45,296.34,0.23927,24.896,6.224,283.78,290.0,37.53,7.72,,290.0,283.78,0.2796,276.5,delta,316.61,0,0
QQQ,2023-04-21,CALL,2018-2025,2023-03-07,45,296.34,0.23927,24.896,6.224,309.0,315.22,39.08,3.108,,310.0,315.22,0.2344,317.96,delta,316.61,1,1
QQQ,2023-05-19,PUT,2018-2025,2023-04-04,45,319.07,0.22951,25.713,6.428,299.57,306.0,21.7,5.442,,300.0,299.57,0.218,297.81,delta,336.51,0,0
QQQ,2023-05-19,CALL,2018-2025,2023-04-04,45,319.07,0.22951,25.713,6.428,330.0,336.43,37.55,2.625,,325.0,336.43,0.2632,341.18,delta,336.51,1,1
QQQ,2023-06-16,PUT,2018-2025,2023-05-02,45,319.38,0.21,23.55,5.887,299.11,305.0,30.01,7.181,,300.0,299.11,0.2026,298.86,delta,367.93,0,0
QQQ,2023-06-16,CALL,2018-2025,2023-05-02,45,319.38,0.21,23.55,5.887,330.0,335.89,32.26,205.095,0.443,335.0,335.89,0.2402,338.55,delta,367.93,1,1
QQQ,2023-07-21,PUT,2018-2025,2023-06-06,45,354.84,0.17585,21.91,5.477,334.52,340.0,26.95,10.18,,340.0,334.52,0.1784,337.38,banda,375.63,0,0
QQQ,2023-07-21,CALL,2018-2025,2023-06-06,45,354.84,0.17585,21.91,5.477,365.0,370.48,47.24,11.252,,370.0,370.48,0.2667,373.94,delta,375.63,1,1
QQQ,2023-08-18,PUT,2018-2025,2023-07-03,46,370.29,0.18073,23.758,5.939,359.06,365.0,26.07,10.551,,360.0,359.06,0.2877,350.98,delta,358.13,1,1
QQQ,2023-08-18,CALL,2018-2025,2023-07-03,46,370.29,0.18073,23.758,5.939,380.0,385.94,47.83,11.989,,385.0,385.94,0.2925,392.92,delta,358.13,0,1
QQQ,2023-09-15,PUT,2018-2025,2023-08-01,45,382.79,0.18073,24.291,6.073,359.93,366.0,26.7,11.736,,360.0,359.93,0.1682,363.11,banda,370.81,0,1
QQQ,2023-09-15,CALL,2018-2025,2023-08-01,45,382.79,0.18073,24.291,6.073,394.0,400.07,43.02,10.513,,400.0,400.07,0.2625,404.77,delta,370.81,0,0
QQQ,2023-10-20,PUT,2018-2025,2023-09-05,45,378.07,0.18073,23.991,5.998,349.0,355.0,26.04,16.632,,350.0,349.0,0.1325,358.63,banda,354.6,0,0
QQQ,2023-10-20,CALL,2018-2025,2023-09-05,45,378.07,0.18073,23.991,5.998,385.0,391.0,42.44,9.402,,385.0,391.0,0.3267,398.56,delta,354.6,0,0
QQQ,2023-11-17,PUT,2018-2025,2023-10-03,45,354.92,0.22951,28.602,7.15,342.85,350.0,31.51,12.251,,350.0,342.85,0.3011,332.32,delta,386.04,0,1
QQQ,2023-11-17,CALL,2018-2025,2023-10-03,45,354.92,0.22951,28.602,7.15,368.0,375.15,28.0,3.145,,375.0,375.15,0.2547,378.9,delta,386.04,1,1
QQQ,2023-12-15,PUT,2018-2025,2023-10-31,45,350.87,0.21487,26.472,6.618,333.38,340.0,30.06,10.659,,340.0,333.38,0.2409,329.38,delta,405.34,0,0
QQQ,2023-12-15,CALL,2018-2025,2023-10-31,45,350.87,0.21487,26.472,6.618,370.0,376.62,29.16,29.928,,370.0,376.62,0.1634,373.31,banda,405.34,1,1
QQQ,2024-01-19,PUT,2018-2025,2023-12-05,45,387.29,0.16609,22.587,5.647,369.35,375.0,30.29,17.432,,370.0,369.35,0.2003,369.33,delta,421.18,0,0
QQQ,2024-01-19,CALL,2018-2025,2023-12-05,45,387.29,0.16609,22.587,5.647,395.0,400.65,39.18,87.271,,395.0,400.65,0.3,407.02,delta,421.18,1,1
QQQ,2024-02-16,PUT,2018-2025,2024-01-02,45,402.59,0.16609,23.479,5.87,384.13,390.0,31.5,5.28,,384.78,384.13,0.0368,403.14,banda,430.57,0,0
QQQ,2024-02-16,CALL,2018-2025,2024-01-02,45,402.59,0.16609,23.479,5.87,409.0,414.87,38.82,4.405,,409.78,414.87,0.3496,407.94,banda,430.57,1,1
QQQ,2024-03-15,PUT,2018-2025,2024-01-30,45,425.3,0.16609,24.803,6.201,404.58,410.78,21.16,10.294,,400.0,404.58,0.1921,405.58,banda,433.92,0,0
QQQ,2024-03-15,CALL,2018-2025,2024-01-30,45,425.3,0.16609,24.803,6.201,429.78,435.98,47.12,398.665,,429.78,435.98,0.3759,448.42,delta,433.92,0,1
QQQ,2024-04-19,PUT,2018-2025,2024-03-05,45,436.05,0.17585,26.924,6.731,413.27,420.0,28.01,325.542,,430.0,413.27,0.1869,414.73,banda,414.65,0,1
QQQ,2024-04-19,CALL,2018-2025,2024-03-05,45,436.05,0.17585,26.924,6.731,449.78,456.51,46.86,135.971,,455.0,456.51,0.2537,461.15,delta,414.65,0,0
QQQ,2024-05-17,PUT,2018-2025,2024-04-02,45,441.11,0.17585,27.236,6.809,418.19,425.0,33.96,534.21,,425.0,418.19,0.1881,419.53,banda,451.76,0,1
QQQ,2024-05-17,CALL,2018-2025,2024-04-02,45,441.11,0.17585,27.236,6.809,459.78,466.59,51.52,110.413,,460.0,466.59,0.1939,466.14,banda,451.76,0,0
QQQ,2024-06-21,PUT,2018-2025,2024-05-07,45,440.32,0.16609,25.679,6.42,418.58,425.0,27.22,64.851,,425.0,418.58,0.179,420.97,banda,480.18,0,0
QQQ,2024-06-21,CALL,2018-2025,2024-05-07,45,440.32,0.16609,25.679,6.42,444.78,451.2,32.46,16.456,0.36,450.0,451.2,0.3871,464.17,delta,480.18,1,1
QQQ,2024-07-19,PUT,2018-2025,2024-06-04,45,454.37,0.15634,24.942,6.236,443.76,450.0,27.53,6.737,,450.0,443.76,0.2971,434.45,delta,475.24,0,0
QQQ,2024-07-19,CALL,2018-2025,2024-06-04,45,454.37,0.15634,24.942,6.236,460.0,466.24,41.41,269.953,,460.0,466.24,0.3597,476.15,delta,475.24,1,1
QQQ,2024-08-16,PUT,2018-2025,2024-07-02,45,486.98,0.15634,26.733,6.683,463.32,470.0,34.92,249.652,,470.0,463.32,0.1794,465.78,banda,475.03,0,1
QQQ,2024-08-16,CALL,2018-2025,2024-07-02,45,486.98,0.15634,26.733,6.683,495.0,501.68,73.09,105.528,,500.0,501.68,0.3305,511.41,delta,475.03,0,1
QQQ,2024-09-20,PUT,2018-2025,2024-08-06,45,439.53,0.28804,44.453,11.113,418.89,430.0,33.69,35.49,,430.0,418.89,0.2934,402.88,delta,482.44,0,0
QQQ,2024-09-20,CALL,2018-2025,2024-08-06,45,439.53,0.28804,44.453,11.113,474.78,485.89,41.13,134.323,,485.0,485.89,0.1201,475.02,banda,482.44,0,1
QQQ,2024-10-18,PUT,2018-2025,2024-09-03,45,461.81,0.21975,35.633,8.908,436.09,445.0,32.13,270.351,,440.0,436.09,0.2258,431.6,delta,494.47,0,0
QQQ,2024-10-18,CALL,2018-2025,2024-09-03,45,461.81,0.21975,35.633,8.908,470.0,478.91,27.71,259.576,,475.0,478.91,0.3406,491.07,delta,494.47,1,1
QQQ,2024-11-15,PUT,2018-2025,2024-10-01,45,481.27,0.21975,37.134,9.284,465.72,475.0,21.42,96.635,,470.0,465.72,0.3066,450.34,delta,496.57,0,0
QQQ,2024-11-15,CALL,2018-2025,2024-10-01,45,481.27,0.21975,37.134,9.284,495.0,504.28,40.7,883.871,,500.0,504.28,0.2826,511.81,delta,496.57,0,1
QQQ,2024-12-20,PUT,2018-2025,2024-11-05,45,492.21,0.21487,37.136,9.284,470.72,480.0,21.78,85.727,,480.0,470.72,0.2588,462.29,delta,518.66,0,0
QQQ,2024-12-20,CALL,2018-2025,2024-11-05,45,492.21,0.21487,37.136,9.284,506.0,515.28,32.6,23.641,,500.0,515.28,0.2863,523.43,delta,518.66,1,1
QQQ,2025-01-17,PUT,2018-2025,2024-12-03,45,516.87,0.15634,28.373,7.093,497.91,505.0,24.15,41.403,0.55,500.0,497.91,0.2283,495.07,delta,521.74,0,0
QQQ,2025-01-17,CALL,2018-2025,2024-12-03,45,516.87,0.15634,28.373,7.093,524.78,531.87,42.18,780.367,,524.78,531.87,0.3319,541.13,delta,521.74,0,1
QQQ,2025-02-21,PUT,2018-2025,2025-01-07,45,515.18,0.19536,35.339,8.835,496.17,505.0,47.9,80.691,,500.0,496.17,0.2745,485.69,delta,526.08,0,0
QQQ,2025-02-21,CALL,2018-2025,2025-01-07,45,515.18,0.19536,35.339,8.835,535.0,543.83,29.63,7.982,,540.0,543.83,0.206,544.33,delta,526.08,0,0
QQQ,2025-03-21,PUT,2018-2025,2025-02-04,45,524.47,0.19049,35.079,8.77,506.23,515.0,24.13,43.204,,500.0,506.23,0.2842,494.27,delta,480.84,1,1
QQQ,2025-03-21,CALL,2018-2025,2025-02-04,45,524.47,0.19049,35.079,8.77,545.0,553.77,34.5,990.634,,550.0,553.77,0.1897,552.94,banda,480.84,0,0
QQQ,2025-04-17,PUT,2018-2025,2025-03-03,45,497.05,0.24414,42.609,10.652,469.35,480.0,42.73,94.05,0.124,490.0,469.35,0.2393,461.61,delta,444.1,1,1
QQQ,2025-04-17,CALL,2018-2025,2025-03-03,45,497.05,0.24414,42.609,10.652,530.0,540.65,36.15,3.768,,540.0,540.65,0.1263,531.49,banda,444.1,0,0
QQQ,2025-05-16,PUT,2018-2025,2025-04-01,45,472.7,0.22951,38.093,9.523,420.48,430.0,24.32,9.951,0.311,425.0,420.48,0.1108,439.8,banda,521.51,0,1
QQQ,2025-05-16,CALL,2018-2025,2025-04-01,45,472.7,0.22951,38.093,9.523,490.0,499.52,37.76,32.95,,490.0,499.52,0.2504,503.88,delta,521.51,1,1
QQQ,2025-06-20,PUT,2018-2025,2025-05-06,45,481.41,0.24902,42.093,10.523,459.48,470.0,39.8,105.631,,470.0,459.48,0.2812,446.15,delta,526.83,0,0
QQQ,2025-06-20,CALL,2018-2025,2025-05-06,45,481.41,0.24902,42.093,10.523,499.78,510.3,49.66,69.027,,500.0,510.3,0.2472,514.77,delta,526.83,1,1
QQQ,2025-07-18,PUT,2018-2025,2025-06-03,45,527.3,0.19049,35.268,8.817,513.18,522.0,20.48,4.564,,500.0,513.18,0.3218,495.68,delta,561.26,0,0
QQQ,2025-07-18,CALL,2018-2025,2025-06-03,45,527.3,0.19049,35.268,8.817,540.0,548.82,47.83,35.914,,540.0,548.82,0.2796,556.44,delta,561.26,1,1
QQQ,2025-08-15,PUT,2018-2025,2025-07-01,45,546.99,0.18561,35.647,8.912,516.09,525.0,23.15,203.54,,520.0,516.09,0.2021,515.68,delta,577.34,0,0
QQQ,2025-08-15,CALL,2018-2025,2025-07-01,45,546.99,0.18561,35.647,8.912,570.0,578.91,38.59,1032.043,,570.0,578.91,0.1901,577.76,banda,577.34,0,1
QQQ,2025-09-19,PUT,2018-2025,2025-08-05,45,560.27,0.17585,34.594,8.648,542.35,551.0,22.94,24.662,0.614,550.0,542.35,0.2884,528.05,delta,599.35,0,0
QQQ,2025-09-19,CALL,2018-2025,2025-08-05,45,560.27,0.17585,34.594,8.648,567.0,575.65,33.9,12.825,0.374,567.0,575.65,0.361,588.62,delta,599.35,1,1
QQQ,2025-10-17,PUT,2018-2025,2025-09-02,45,565.62,0.19049,37.831,9.458,534.54,544.0,22.32,3.88,,550.0,534.54,0.2096,533.09,delta,603.93,0,0
QQQ,2025-10-17,CALL,2018-2025,2025-09-02,45,565.62,0.19049,37.831,9.458,572.0,581.46,37.73,113.162,0.458,575.0,581.46,0.3665,595.39,delta,603.93,1,1
QQQ,2025-11-21,PUT,2018-2025,2025-10-07,45,604.51,0.19048,40.431,10.108,569.89,580.0,27.93,113.769,0.586,540.0,569.89,0.2024,568.34,delta,590.07,0,0
QQQ,2025-11-21,CALL,2018-2025,2025-10-07,45,604.51,0.19048,40.431,10.108,620.0,630.11,55.92,4.76,,620.0,630.11,0.282,639.1,delta,590.07,0,1
QQQ,2025-12-19,PUT,2018-2025,2025-11-04,45,619.25,0.21975,47.781,11.945,599.05,611.0,29.92,72.978,0.349,600.0,599.05,0.3059,580.27,delta,610.54,0,1
QQQ,2025-12-19,CALL,2018-2025,2025-11-04,45,619.25,0.21975,47.781,11.945,639.0,650.95,39.05,2.303,,650.0,650.95,0.2612,659.72,delta,610.54,0,0
IWM,2013-02-16,PUT,2013-2017,2013-01-02,45,86.8,0.17097,5.211,1.303,81.7,83.0,25.39,167.724,0.888,80.0,81.7,0.1982,81.75,banda,91.74,0,0
IWM,2013-02-16,CALL,2013-2017,2013-01-02,45,86.8,0.17097,5.211,1.303,88.0,89.3,60.2,109.11,,88.0,89.3,0.3081,90.73,delta,91.74,1,1
IWM,2013-03-16,PUT,2013-2017,2013-01-30,45,88.97,0.16121,5.036,1.259,84.74,86.0,31.44,935.417,,85.0,84.74,0.226,84.09,delta,94.75,0,0
IWM,2013-03-16,CALL,2013-2017,2013-01-30,45,88.97,0.16121,5.036,1.259,90.0,91.26,69.87,8371.243,,90.0,91.26,0.3156,92.71,delta,94.75,1,1
IWM,2013-04-20,PUT,2013-2017,2013-03-06,45,92.43,0.14659,4.757,1.189,85.81,87.0,30.28,943.954,,87.0,85.81,0.1393,87.43,banda,90.61,0,0
IWM,2013-04-20,CALL,2013-2017,2013-03-06,45,92.43,0.14659,4.757,1.189,94.0,95.19,76.4,31.719,,94.0,95.19,0.2369,95.67,delta,90.61,0,0
IWM,2013-05-18,PUT,2013-2017,2013-04-03,45,91.13,0.17097,5.471,1.368,88.63,90.0,51.23,2023.479,0.203,90.0,88.63,0.3222,85.89,delta,99.05,0,0
IWM,2013-05-18,CALL,2013-2017,2013-04-03,45,91.13,0.17097,5.471,1.368,93.0,94.37,35.35,279.298,,94.0,94.37,0.2605,95.13,delta,99.05,1,1
IWM,2013-06-22,PUT,2013-2017,2013-05-08,45,96.43,0.17097,5.789,1.447,89.55,91.0,27.88,374.547,0.68,95.0,89.55,0.1538,91.12,banda,95.97,0,0
IWM,2013-06-22,CALL,2013-2017,2013-05-08,45,96.43,0.17097,5.789,1.447,98.0,99.45,71.75,96.406,,98.0,99.45,0.2782,100.54,delta,95.97,0,1
IWM,2013-07-20,PUT,2013-2017,2013-06-05,45,96.43,0.20511,6.945,1.736,91.26,93.0,38.21,149.058,,93.0,91.26,0.2484,89.92,delta,104.31,0,0
IWM,2013-07-20,CALL,2013-2017,2013-06-05,45,96.43,0.20511,6.945,1.736,99.0,100.74,41.81,83.452,,99.0,100.74,0.2299,101.24,delta,104.31,1,1
IWM,2013-08-17,PUT,2013-2017,2013-07-03,45,98.28,0.18561,6.405,1.601,93.4,95.0,25.36,2107.291,,95.0,93.4,0.239,92.18,delta,101.68,0,0
IWM,2013-08-17,CALL,2013-2017,2013-07-03,45,98.28,0.18561,6.405,1.601,100.0,101.6,52.12,63.658,0.424,100.0,101.6,0.2938,103.2,delta,101.68,1,1
IWM,2013-09-21,PUT,2013-2017,2013-08-07,45,103.72,0.16122,5.871,1.468,100.53,102.0,28.35,457.108,,102.0,100.53,0.3001,98.02,delta,106.59,0,1
IWM,2013-09-21,CALL,2013-2017,2013-08-07,45,103.72,0.16122,5.871,1.468,106.0,107.47,54.42,210.089,,107.0,107.47,0.2473,108.23,delta,106.59,0,1
IWM,2013-10-19,PUT,2013-2017,2013-09-04,45,101.95,0.19537,6.993,1.748,97.25,99.0,40.29,194.0,,98.0,97.25,0.2713,95.11,delta,110.69,0,0
IWM,2013-10-19,CALL,2013-2017,2013-09-04,45,101.95,0.19537,6.993,1.748,105.0,106.75,48.46,75.795,,105.0,106.75,0.2176,107.08,delta,110.69,1,1
IWM,2013-11-16,PUT,2013-2017,2013-10-02,45,107.41,0.18561,7.0,1.75,103.25,105.0,31.99,2724.018,0.356,100.0,103.25,0.2892,100.58,delta,110.83,0,1
IWM,2013-11-16,CALL,2013-2017,2013-10-02,45,107.41,0.18561,7.0,1.75,109.0,110.75,46.51,31.908,0.367,110.0,110.75,0.2952,112.38,delta,110.83,1,1
IWM,2013-12-21,PUT,2013-2017,2013-11-06,45,109.12,0.16122,6.177,1.544,106.46,108.0,31.52,1369.766,,107.0,106.46,0.3291,103.51,delta,113.93,0,0
IWM,2013-12-21,CALL,2013-2017,2013-11-06,45,109.12,0.16122,6.177,1.544,111.0,112.54,42.93,48.193,,115.0,112.54,0.2828,113.94,delta,113.93,1,1
IWM,2014-01-18,PUT,2013-2017,2013-12-04,45,111.53,0.16609,6.504,1.626,108.37,110.0,30.51,435.249,0.51,105.0,108.37,0.3263,105.11,delta,115.93,0,0
IWM,2014-01-18,CALL,2013-2017,2013-12-04,45,111.53,0.16609,6.504,1.626,113.0,114.63,44.5,3.247,0.372,113.0,114.63,0.3011,116.35,delta,115.93,1,1
IWM,2014-02-22,PUT,2013-2017,2014-01-08,45,114.86,0.15146,6.108,1.527,108.47,110.0,30.27,755.283,,109.0,108.47,0.1872,108.82,banda,115.66,0,1
IWM,2014-02-22,CALL,2013-2017,2014-01-08,45,114.86,0.15146,6.108,1.527,119.0,120.53,38.47,28.858,,120.0,120.53,0.1462,119.59,banda,115.66,0,0
IWM,2014-03-22,PUT,2013-2017,2014-02-05,45,108.65,0.21975,8.384,2.096,104.9,107.0,60.79,651.135,,105.0,104.9,0.3284,100.39,delta,118.61,0,0
IWM,2014-03-22,CALL,2013-2017,2014-02-05,45,108.65,0.21975,8.384,2.096,113.0,115.1,56.56,53.424,,115.0,115.1,0.191,114.86,banda,118.61,1,1
IWM,2014-04-19,PUT,2013-2017,2014-03-05,45,119.76,0.16121,6.779,1.695,114.31,116.0,26.56,265.259,0.501,110.0,114.31,0.249,112.81,delta,112.92,1,1
IWM,2014-04-19,CALL,2013-2017,2014-03-05,45,119.76,0.16121,6.779,1.695,122.0,123.69,53.42,20.682,,122.0,123.69,0.2557,124.68,delta,112.92,0,0
IWM,2014-05-17,PUT,2013-2017,2014-04-02,45,118.4,0.16609,6.905,1.726,114.27,116.0,32.27,891.899,,116.0,114.27,0.2862,111.83,delta,109.57,1,1
IWM,2014-05-17,CALL,2013-2017,2014-04-02,45,118.4,0.16609,6.905,1.726,120.0,121.73,44.4,5.751,,120.0,121.73,0.3017,123.65,delta,109.57,0,0
IWM,2014-06-21,PUT,2013-2017,2014-05-07,45,110.14,0.19536,7.555,1.889,106.11,108.0,33.72,1069.677,,107.0,106.11,0.3001,103.25,delta,118.25,0,0
IWM,2014-06-21,CALL,2013-2017,2014-05-07,45,110.14,0.19536,7.555,1.889,115.0,116.89,29.95,28.334,,115.0,116.89,0.14,115.72,banda,118.25,1,1
IWM,2014-07-19,PUT,2013-2017,2014-06-04,45,112.42,0.17585,6.941,1.735,104.26,106.0,30.39,527.998,0.4,105.0,104.26,0.1623,105.67,banda,114.23,0,0
IWM,2014-07-19,CALL,2013-2017,2014-06-04,45,112.42,0.17585,6.941,1.735,114.0,115.74,44.18,39.334,,114.0,115.74,0.2923,117.4,delta,114.23,0,1
IWM,2014-08-16,PUT,2013-2017,2014-07-02,45,119.1,0.15146,6.334,1.583,114.42,116.0,30.93,685.411,,115.0,114.42,0.249,113.14,delta,113.39,1,1
IWM,2014-08-16,CALL,2013-2017,2014-07-02,45,119.1,0.15146,6.334,1.583,122.0,123.58,50.78,45.228,,122.0,123.58,0.2098,123.72,delta,113.39,0,0
IWM,2014-09-20,PUT,2013-2017,2014-08-06,45,111.73,0.19049,7.473,1.868,108.13,110.0,36.38,1250.653,,110.0,108.13,0.3213,104.28,delta,113.97,0,0
IWM,2014-09-20,CALL,2013-2017,2014-08-06,45,111.73,0.19049,7.473,1.868,115.0,116.87,24.78,10.646,0.499,120.0,116.87,0.2093,117.03,delta,113.97,0,1
IWM,2014-10-18,PUT,2013-2017,2014-09-03,45,116.46,0.16121,6.592,1.648,112.35,114.0,28.92,925.27,0.436,113.0,112.35,0.284,110.05,delta,107.48,1,1
IWM,2014-10-18,CALL,2013-2017,2014-09-03,45,116.46,0.16121,6.592,1.648,119.0,120.65,57.37,260.898,,120.0,120.65,0.2191,120.9,delta,107.48,0,0
IWM,2014-11-22,PUT,2013-2017,2014-10-08,45,108.97,0.19536,7.475,1.869,104.13,106.0,41.44,2787.552,0.312,105.0,104.13,0.2718,101.9,delta,116.58,0,1
IWM,2014-11-22,CALL,2013-2017,2014-10-08,45,108.97,0.19536,7.475,1.869,111.0,112.87,30.27,57.657,,111.0,112.87,0.2901,114.5,delta,116.58,1,1
IWM,2014-12-20,PUT,2013-2017,2014-11-05,45,116.03,0.18561,7.562,1.89,108.11,110.0,35.0,602.458,0.457,109.0,108.11,0.1792,108.78,banda,118.9,0,0
IWM,2014-12-20,CALL,2013-2017,2014-11-05,45,116.03,0.18561,7.562,1.89,119.0,120.89,44.42,473.568,,120.0,120.89,0.2439,121.66,delta,118.9,0,0
IWM,2015-01-17,PUT,2013-2017,2014-12-03,45,117.37,0.17097,7.046,1.761,109.24,111.0,23.36,392.221,0.76,115.0,109.24,0.1756,110.06,banda,116.7,0,0
IWM,2015-01-17,CALL,2013-2017,2014-12-03,45,117.37,0.17097,7.046,1.761,119.0,120.76,56.58,134.044,0.25,120.0,120.76,0.2935,122.58,delta,116.7,0,1
IWM,2015-02-20,PUT,2013-2017,2015-01-06,45,115.31,0.22463,9.095,2.274,110.73,113.0,35.05,327.624,,113.0,110.73,0.311,106.62,delta,122.38,0,0
IWM,2015-02-20,CALL,2013-2017,2015-01-06,45,115.31,0.22463,9.095,2.274,119.0,121.27,46.44,203.014,,120.0,121.27,0.233,121.93,delta,122.38,1,1
IWM,2015-03-20,PUT,2013-2017,2015-02-03,45,118.85,0.19536,8.153,2.038,109.96,112.0,34.56,611.243,,112.0,109.96,0.1754,110.85,banda,125.99,0,0
IWM,2015-03-20,CALL,2013-2017,2015-02-03,45,118.85,0.19536,8.153,2.038,122.0,124.04,52.88,100.058,,122.0,124.04,0.2347,124.87,delta,125.99,1,1
IWM,2015-04-17,PUT,2013-2017,2015-03-03,45,122.74,0.15634,6.738,1.684,118.32,120.0,38.83,601.317,,119.0,118.32,0.2797,115.99,delta,124.43,0,0
IWM,2015-04-17,CALL,2013-2017,2015-03-03,45,122.74,0.15634,6.738,1.684,124.0,125.68,47.49,36.057,,125.0,125.68,0.3143,127.41,delta,124.43,0,1
IWM,2015-05-15,PUT,2013-2017,2015-03-31,45,124.37,0.16609,7.253,1.813,120.19,122.0,28.25,76.469,,122.0,120.19,0.2995,117.21,delta,123.65,0,0
IWM,2015-05-15,CALL,2013-2017,2015-03-31,45,124.37,0.16609,7.253,1.813,129.0,130.81,51.08,16.989,,130.0,130.81,0.1439,129.62,banda,123.65,0,0
IWM,2015-06-19,PUT,2013-2017,2015-05-05,45,120.85,0.17585,7.462,1.865,117.13,119.0,36.39,365.693,0.508,119.0,117.13,0.3144,113.86,delta,127.86,0,0
IWM,2015-06-19,CALL,2013-2017,2015-05-05,45,120.85,0.17585,7.462,1.865,124.0,125.87,31.52,13.189,,125.0,125.87,0.2315,126.43,delta,127.86,1,1
IWM,2015-07-17,PUT,2013-2017,2015-06-02,45,124.52,0.15146,6.622,1.656,119.34,121.0,41.46,96.496,,120.0,119.34,0.2516,117.66,delta,125.76,0,0
IWM,2015-07-17,CALL,2013-2017,2015-06-02,45,124.52,0.15146,6.622,1.656,127.0,128.66,33.66,19.001,,128.0,128.66,0.2181,128.89,delta,125.76,0,1
IWM,2015-08-21,PUT,2013-2017,2015-07-07,45,123.88,0.18073,7.861,1.965,119.03,121.0,42.81,143.676,,120.0,119.03,0.2809,116.21,delta,115.03,1,1
IWM,2015-08-21,CALL,2013-2017,2015-07-07,45,123.88,0.18073,7.861,1.965,129.0,130.97,37.32,4.912,,129.0,130.97,0.121,129.37,banda,115.03,0,0
IWM,2015-09-18,PUT,2013-2017,2015-08-04,45,122.06,0.15146,6.491,1.623,118.38,120.0,32.12,941.018,,120.0,118.38,0.2999,115.49,delta,115.72,1,1
IWM,2015-09-18,CALL,2013-2017,2015-08-04,45,122.06,0.15146,6.491,1.623,126.0,127.62,44.16,73.057,,127.0,127.62,0.1437,126.7,banda,115.72,0,0
IWM,2015-10-16,PUT,2013-2017,2015-09-01,45,111.9,0.27341,10.742,2.686,107.31,110.0,56.69,240.749,0.288,110.0,107.31,0.3279,101.77,delta,115.42,0,1
IWM,2015-10-16,CALL,2013-2017,2015-09-01,45,111.9,0.27341,10.742,2.686,118.0,120.69,40.3,42.942,,118.0,120.69,0.1661,119.79,banda,115.42,0,0
IWM,2015-11-20,PUT,2013-2017,2015-10-06,45,112.49,0.21487,8.487,2.122,107.88,110.0,43.73,555.877,,110.0,107.88,0.2948,104.65,delta,116.81,0,0
IWM,2015-11-20,CALL,2013-2017,2015-10-06,45,112.49,0.21487,8.487,2.122,114.0,116.12,38.31,82.365,,118.0,116.12,0.3206,118.41,delta,116.81,1,1
IWM,2015-12-18,PUT,2013-2017,2015-11-03,45,118.35,0.17585,7.308,1.827,114.17,116.0,27.82,287.584,0.461,115.0,114.17,0.2984,111.25,delta,111.48,1,1
IWM,2015-12-18,CALL,2013-2017,2015-11-03,45,118.35,0.17585,7.308,1.827,120.0,121.83,61.84,312.56,,120.0,121.83,0.3036,123.6,delta,111.48,0,0
IWM,2016-01-15,PUT,2013-2017,2015-12-01,45,119.89,0.15634,6.581,1.645,111.35,113.0,22.99,111.946,,115.0,111.35,0.156,113.0,banda,100.12,1,1
IWM,2016-01-15,CALL,2013-2017,2015-12-01,45,119.89,0.15634,6.581,1.645,122.0,123.65,40.02,196.875,,123.0,123.65,0.2449,124.32,delta,100.12,0,0
IWM,2016-02-19,PUT,2013-2017,2016-01-05,45,110.25,0.20024,7.752,1.938,107.06,109.0,48.09,351.292,,108.0,107.06,0.3356,102.86,delta,100.45,1,1
IWM,2016-02-19,CALL,2013-2017,2016-01-05,45,110.25,0.20024,7.752,1.938,118.0,119.94,33.28,162.763,0.291,118.0,119.94,0.0609,116.17,banda,100.45,0,0
IWM,2016-03-18,PUT,2013-2017,2016-02-02,45,100.28,0.24902,8.768,2.192,95.81,98.0,43.18,131.39,,98.0,95.81,0.2973,92.6,delta,109.61,0,1
IWM,2016-03-18,CALL,2013-2017,2016-02-02,45,100.28,0.24902,8.768,2.192,103.0,105.19,41.47,674.037,,105.0,105.19,0.2808,107.03,delta,109.61,1,1
IWM,2016-04-15,PUT,2013-2017,2016-03-01,45,104.94,0.18561,6.839,1.71,98.29,100.0,25.72,99.947,0.4,100.0,98.29,0.2106,97.91,delta,112.45,0,0
IWM,2016-04-15,CALL,2013-2017,2016-03-01,45,104.94,0.18561,6.839,1.71,106.0,107.71,54.5,53.151,0.247,107.0,107.71,0.3362,109.95,delta,112.45,1,1
IWM,2016-05-20,PUT,2013-2017,2016-04-05,45,108.94,0.18561,7.1,1.775,105.23,107.0,34.46,320.697,,106.0,105.23,0.3026,102.22,delta,110.79,0,0
IWM,2016-05-20,CALL,2013-2017,2016-04-05,45,108.94,0.18561,7.1,1.775,114.0,115.77,59.45,829.411,,114.0,115.77,0.1343,114.15,banda,110.79,0,0
IWM,2016-06-17,PUT,2013-2017,2016-05-03,45,111.62,0.18073,7.083,1.771,108.23,110.0,25.31,355.344,0.255,110.0,108.23,0.3212,104.68,delta,114.06,0,1
IWM,2016-06-17,CALL,2013-2017,2016-05-03,45,111.62,0.18073,7.083,1.771,114.0,115.77,41.77,6166.686,,115.0,115.77,0.2607,116.95,delta,114.06,0,1
IWM,2016-07-15,PUT,2013-2017,2016-05-31,45,115.0,0.16121,6.51,1.627,109.37,111.0,35.96,1831.849,,110.0,109.37,0.2355,108.17,delta,119.7,0,1
IWM,2016-07-15,CALL,2013-2017,2016-05-31,45,115.0,0.16121,6.51,1.627,117.0,118.63,50.52,1073.514,,118.0,118.63,0.2621,119.55,delta,119.7,1,1
IWM,2016-08-19,PUT,2013-2017,2016-07-05,45,113.69,0.19049,7.604,1.901,109.1,111.0,34.58,1015.322,,110.0,109.1,0.2885,106.08,delta,122.94,0,0
IWM,2016-08-19,CALL,2013-2017,2016-07-05,45,113.69,0.19049,7.604,1.901,120.0,121.9,39.63,173.583,,120.0,121.9,0.0877,119.13,banda,122.94,1,1
IWM,2016-09-16,PUT,2013-2017,2016-08-02,45,119.48,0.17097,7.173,1.793,116.21,118.0,28.32,400.537,,118.0,116.21,0.3231,112.64,delta,121.86,0,0
IWM,2016-09-16,CALL,2013-2017,2016-08-02,45,119.48,0.17097,7.173,1.793,124.0,125.79,54.39,1140.355,0.091,125.0,125.79,0.145,124.82,banda,121.86,0,0
IWM,2016-10-21,PUT,2013-2017,2016-09-06,45,124.63,0.15146,6.628,1.657,119.34,121.0,33.56,55.629,,121.0,119.34,0.2524,117.72,delta,121.07,0,0
IWM,2016-10-21,CALL,2013-2017,2016-09-06,45,124.63,0.15146,6.628,1.657,127.0,128.66,45.99,236.931,,128.0,128.66,0.2402,129.29,delta,121.07,0,0
IWM,2016-11-18,PUT,2013-2017,2016-10-04,45,123.21,0.18073,7.819,1.955,120.05,122.0,29.69,817.917,,122.0,120.05,0.3401,115.79,delta,130.99,0,1
IWM,2016-11-18,CALL,2013-2017,2016-10-04,45,123.21,0.18073,7.819,1.955,125.0,126.95,45.1,174.456,,125.0,126.95,0.2996,128.79,delta,130.99,1,1
IWM,2016-12-16,PUT,2013-2017,2016-11-01,45,117.05,0.21,8.631,2.158,112.84,115.0,34.02,345.983,0.791,115.0,112.84,0.3095,109.21,delta,135.91,0,0
IWM,2016-12-16,CALL,2013-2017,2016-11-01,45,117.05,0.21,8.631,2.158,120.0,122.16,40.66,127.455,,121.0,122.16,0.2613,123.41,delta,135.91,1,1
IWM,2017-01-20,PUT,2013-2017,2016-12-06,45,134.59,0.15634,7.388,1.847,124.15,126.0,26.49,1663.327,0.427,125.0,124.15,0.1377,126.9,banda,134.44,0,0
IWM,2017-01-20,CALL,2013-2017,2016-12-06,45,134.59,0.15634,7.388,1.847,136.0,137.85,55.19,500.135,,136.0,137.85,0.3022,139.75,delta,134.44,0,1
IWM,2017-02-17,PUT,2013-2017,2017-01-03,45,135.52,0.17585,8.368,2.092,129.91,132.0,38.05,85.744,0.227,130.0,129.91,0.2672,127.47,delta,139.11,0,0
IWM,2017-02-17,CALL,2013-2017,2017-01-03,45,135.52,0.17585,8.368,2.092,139.0,141.09,36.05,136.677,,141.0,141.09,0.2519,142.34,delta,139.11,0,0
IWM,2017-03-17,PUT,2013-2017,2017-01-31,45,135.23,0.17097,8.118,2.03,129.97,132.0,49.15,670.747,0.13,132.0,129.97,0.2624,127.78,delta,138.46,0,0
IWM,2017-03-17,CALL,2013-2017,2017-01-31,45,135.23,0.17097,8.118,2.03,140.0,142.03,42.15,81.55,,140.0,142.03,0.1887,141.73,banda,138.46,0,0
IWM,2017-04-21,PUT,2013-2017,2017-03-07,45,136.8,0.15634,7.509,1.877,133.12,135.0,25.25,38.725,,135.0,133.12,0.3179,129.7,delta,137.21,0,1
IWM,2017-04-21,CALL,2013-2017,2017-03-07,45,136.8,0.15634,7.509,1.877,140.0,141.88,30.22,90.736,,140.0,141.88,0.2282,142.52,delta,137.21,0,0
IWM,2017-05-19,PUT,2013-2017,2017-04-04,45,135.87,0.16122,7.691,1.923,129.08,131.0,27.93,414.459,,133.0,129.08,0.2062,128.86,delta,136.03,0,0
IWM,2017-05-19,CALL,2013-2017,2017-04-04,45,135.87,0.16122,7.691,1.923,139.0,140.92,33.82,109.479,0.35,140.0,140.92,0.2474,142.02,delta,136.03,0,1
IWM,2017-06-16,PUT,2013-2017,2017-05-02,45,139.15,0.1417,6.923,1.731,133.27,135.0,37.51,1608.262,,135.0,133.27,0.2184,132.67,delta,140.19,0,0
IWM,2017-06-16,CALL,2013-2017,2017-05-02,45,139.15,0.1417,6.923,1.731,141.0,142.73,32.44,950.516,0.478,150.0,142.73,0.3086,145.0,delta,140.19,0,1
IWM,2017-07-21,PUT,2013-2017,2017-06-06,45,138.85,0.14659,7.147,1.787,133.21,135.0,36.14,110.64,,135.0,133.21,0.2392,132.04,delta,142.55,0,0
IWM,2017-07-21,CALL,2013-2017,2017-06-06,45,138.85,0.14659,7.147,1.787,143.0,144.79,44.8,65.671,,143.0,144.79,0.1772,144.26,banda,142.55,0,0
IWM,2017-08-18,PUT,2013-2017,2017-07-03,46,142.1,0.13195,6.656,1.664,136.34,138.0,32.35,332.371,0.4,138.0,136.34,0.231,135.15,delta,134.92,1,1
IWM,2017-08-18,CALL,2013-2017,2017-07-03,46,142.1,0.13195,6.656,1.664,144.0,145.66,46.83,234.438,,145.0,145.66,0.2681,146.85,delta,134.92,0,0
IWM,2017-09-15,PUT,2013-2017,2017-08-01,45,141.78,0.12707,6.326,1.581,138.42,140.0,37.15,5237.189,0.348,140.0,138.42,0.3033,135.34,delta,142.41,0,1
IWM,2017-09-15,CALL,2013-2017,2017-08-01,45,141.78,0.12707,6.326,1.581,143.0,144.58,39.87,168.99,,143.0,144.58,0.3307,146.62,delta,142.41,0,0
IWM,2017-10-20,PUT,2013-2017,2017-09-05,45,139.17,0.14658,7.163,1.791,133.21,135.0,32.66,158.823,0.381,134.0,133.21,0.2286,132.05,delta,149.98,0,0
IWM,2017-10-20,CALL,2013-2017,2017-09-05,45,139.17,0.14658,7.163,1.791,143.0,144.79,46.85,823.837,,144.0,144.79,0.1725,144.2,banda,149.98,1,1
IWM,2017-11-17,PUT,2013-2017,2017-10-03,45,150.33,0.13195,6.965,1.741,143.26,145.0,20.0,28.917,,145.0,143.26,0.1796,144.15,banda,148.45,0,0
IWM,2017-11-17,CALL,2013-2017,2017-10-03,45,150.33,0.13195,6.965,1.741,152.0,153.74,83.18,25.008,,152.0,153.74,0.3202,155.77,delta,148.45,0,0
IWM,2017-12-15,PUT,2013-2017,2017-10-31,45,149.26,0.1417,7.426,1.857,143.14,145.0,42.9,126.387,0.063,145.0,143.14,0.2147,142.55,delta,152.24,0,0
IWM,2017-12-15,CALL,2013-2017,2017-10-31,45,149.26,0.1417,7.426,1.857,154.0,155.86,40.49,44.173,,155.0,155.86,0.1699,155.1,banda,152.24,0,0
IWM,2018-01-19,PUT,2018-2025,2017-12-05,45,150.93,0.15634,8.285,2.071,141.93,144.0,27.64,507.468,0.752,142.0,141.93,0.177,142.81,banda,158.6,0,0
IWM,2018-01-19,CALL,2018-2025,2017-12-05,45,150.93,0.15634,8.285,2.071,153.0,155.07,48.14,20.379,0.399,154.0,155.07,0.2981,157.22,delta,158.6,1,1
IWM,2018-02-16,PUT,2018-2025,2018-01-02,45,153.9,0.12219,6.603,1.651,149.35,151.0,27.89,134.205,,148.0,149.35,0.2627,147.37,delta,153.34,0,1
IWM,2018-02-16,CALL,2018-2025,2018-01-02,45,153.9,0.12219,6.603,1.651,157.0,158.65,40.77,102.102,,157.0,158.65,0.2195,159.02,delta,153.34,0,1
IWM,2018-03-16,PUT,2018-2025,2018-01-30,45,157.18,0.16609,9.167,2.292,152.71,155.0,37.35,132.555,,154.0,152.71,0.2977,149.17,delta,157.8,0,1
IWM,2018-03-16,CALL,2018-2025,2018-01-30,45,157.18,0.16609,9.167,2.292,165.0,167.29,42.86,8.32,,165.0,167.29,0.1332,164.9,banda,157.8,0,0
IWM,2018-04-20,PUT,2018-2025,2018-03-06,45,155.37,0.15634,8.529,2.132,145.87,148.0,35.02,357.231,,148.0,145.87,0.1812,146.67,banda,155.55,0,0
IWM,2018-04-20,CALL,2018-2025,2018-03-06,45,155.37,0.15634,8.529,2.132,157.0,159.13,49.66,55.339,,157.0,159.13,0.3246,161.68,delta,155.55,0,1
IWM,2018-05-18,PUT,2018-2025,2018-04-03,45,150.25,0.19536,10.306,2.577,145.42,148.0,35.2,1228.944,,148.0,145.42,0.3101,140.78,delta,161.87,0,0
IWM,2018-05-18,CALL,2018-2025,2018-04-03,45,150.25,0.19536,10.306,2.577,158.0,160.58,34.78,124.424,,156.0,160.58,0.1341,158.66,banda,161.87,1,1
IWM,2018-06-15,PUT,2018-2025,2018-05-01,45,154.07,0.14658,7.93,1.982,150.02,152.0,23.69,164.138,0.415,152.0,150.02,0.2958,147.05,delta,167.81,0,0
IWM,2018-06-15,CALL,2018-2025,2018-05-01,45,154.07,0.14658,7.93,1.982,159.0,160.98,39.77,77.519,,160.0,160.98,0.1704,160.23,banda,167.81,1,1
IWM,2018-07-20,PUT,2018-2025,2018-06-05,45,165.73,0.12219,7.111,1.778,154.22,156.0,27.65,70.201,0.318,155.0,154.22,0.1155,159.03,banda,168.48,0,0
IWM,2018-07-20,CALL,2018-2025,2018-06-05,45,165.73,0.12219,7.111,1.778,167.0,168.78,52.78,127.104,,168.0,168.78,0.3342,171.32,delta,168.48,0,1
IWM,2018-08-17,PUT,2018-2025,2018-07-03,45,164.96,0.16122,9.338,2.335,157.67,160.0,28.83,48.059,,158.0,157.67,0.2284,156.38,delta,168.35,0,0
IWM,2018-08-17,CALL,2018-2025,2018-07-03,45,164.96,0.16122,9.338,2.335,168.0,170.33,38.8,7.335,,172.0,170.33,0.2784,172.11,delta,168.35,0,0
IWM,2018-09-21,PUT,2018-2025,2018-08-07,45,167.72,0.11732,6.909,1.727,163.27,165.0,23.22,260.862,0.466,165.0,163.27,0.2671,160.98,delta,170.4,0,0
IWM,2018-09-21,CALL,2018-2025,2018-08-07,45,167.72,0.11732,6.909,1.727,170.0,171.73,44.33,28.478,,170.0,171.73,0.2886,173.42,delta,170.4,0,1
IWM,2018-10-19,PUT,2018-2025,2018-09-04,45,172.25,0.12707,7.685,1.921,167.08,169.0,32.13,91.597,,169.0,167.08,0.2598,164.79,delta,153.36,1,1
IWM,2018-10-19,CALL,2018-2025,2018-09-04,45,172.25,0.12707,7.685,1.921,175.0,176.92,37.78,20.456,,175.0,176.92,0.275,178.41,delta,153.36,0,0
IWM,2018-11-16,PUT,2018-2025,2018-10-02,45,164.53,0.14658,8.468,2.117,159.88,162.0,43.93,409.931,0.165,160.0,159.88,0.2906,156.48,delta,151.94,1,1
IWM,2018-11-16,CALL,2018-2025,2018-10-02,45,164.53,0.14658,8.468,2.117,168.0,170.12,29.47,2.849,0.64,170.0,170.12,0.2592,171.21,delta,151.94,0,0
IWM,2018-12-21,PUT,2018-2025,2018-11-05,46,153.88,0.21975,12.005,3.001,145.0,148.0,34.72,54.919,,145.0,145.0,0.2348,143.06,delta,128.37,1,1
IWM,2018-12-21,CALL,2018-2025,2018-11-05,46,153.88,0.21975,12.005,3.001,169.0,172.0,29.03,2.466,0.447,169.0,172.0,0.0394,163.14,banda,128.37,0,0
IWM,2019-01-18,PUT,2018-2025,2018-12-04,45,147.52,0.21487,11.13,2.783,139.22,142.0,35.31,52.761,,140.0,139.22,0.2381,137.37,delta,147.33,0,1
IWM,2019-01-18,CALL,2018-2025,2018-12-04,45,147.52,0.21487,11.13,2.783,158.0,160.78,37.0,21.55,,160.0,160.78,0.0902,156.36,banda,147.33,0,0
IWM,2019-02-15,PUT,2018-2025,2018-12-31,46,133.9,0.26853,12.765,3.191,126.81,130.0,45.65,17.263,0.238,130.0,126.81,0.2701,123.35,delta,156.22,0,0
IWM,2019-02-15,CALL,2018-2025,2018-12-31,46,133.9,0.26853,12.765,3.191,143.0,146.19,34.91,63.55,,146.0,146.19,0.1588,144.79,banda,156.22,1,1
IWM,2019-03-15,PUT,2018-2025,2019-01-29,45,146.2,0.20024,10.279,2.57,139.43,142.0,32.53,60.656,,140.0,139.43,0.2531,137.16,delta,154.76,0,0
IWM,2019-03-15,CALL,2018-2025,2019-01-29,45,146.2,0.20024,10.279,2.57,148.0,150.57,47.75,42.408,,150.0,150.57,0.3501,154.52,delta,154.76,1,1
IWM,2019-04-18,PUT,2018-2025,2019-03-04,45,156.81,0.15634,8.608,2.152,149.85,152.0,30.15,58.354,,150.0,149.85,0.2264,148.6,delta,155.64,0,1
IWM,2019-04-18,CALL,2018-2025,2019-03-04,45,156.81,0.15634,8.608,2.152,164.0,166.15,41.01,40.775,,166.0,166.15,0.0855,163.22,banda,155.64,0,0
IWM,2019-05-17,PUT,2018-2025,2019-04-02,45,154.36,0.16609,9.002,2.251,149.75,152.0,26.53,81.725,0.493,145.0,149.75,0.2916,146.28,delta,152.84,0,0
IWM,2019-05-17,CALL,2018-2025,2019-04-02,45,154.36,0.16609,9.002,2.251,158.0,160.25,44.43,82.948,,162.0,160.25,0.248,161.16,delta,152.84,0,1
IWM,2019-06-21,PUT,2018-2025,2019-05-07,45,157.53,0.19536,10.806,2.701,149.3,152.0,37.98,86.157,,150.0,149.3,0.2348,147.55,delta,153.95,0,1
IWM,2019-06-21,CALL,2018-2025,2019-05-07,45,157.53,0.19536,10.806,2.701,160.0,162.7,35.07,20.988,,160.0,162.7,0.3261,165.97,delta,153.95,0,0
IWM,2019-07-19,PUT,2018-2025,2019-06-04,45,150.16,0.18561,9.786,2.446,144.55,147.0,40.41,424.454,0.089,145.0,144.55,0.2846,141.18,delta,153.82,0,0
IWM,2019-07-19,CALL,2018-2025,2019-06-04,45,150.16,0.18561,9.786,2.446,156.0,158.45,45.27,22.657,,157.0,158.45,0.1602,157.49,banda,153.82,0,0
IWM,2019-08-16,PUT,2018-2025,2019-07-02,45,155.15,0.15146,8.251,2.063,149.94,152.0,41.67,7929.802,,150.0,149.94,0.2591,147.68,delta,148.63,1,1
IWM,2019-08-16,CALL,2018-2025,2019-07-02,45,155.15,0.15146,8.251,2.063,159.0,161.06,47.0,432.049,,160.0,161.06,0.2175,161.5,delta,148.63,0,0
IWM,2019-09-20,PUT,2018-2025,2019-08-06,45,149.36,0.21975,11.525,2.881,144.12,147.0,42.61,12.878,,145.0,144.12,0.3085,139.3,delta,155.43,0,0
IWM,2019-09-20,CALL,2018-2025,2019-08-06,45,149.36,0.21975,11.525,2.881,160.0,162.88,38.7,10.471,0.251,160.0,162.88,0.0603,157.8,banda,155.43,0,0
IWM,2019-10-18,PUT,2018-2025,2019-09-04,44,147.84,0.19537,10.028,2.507,143.49,146.0,37.84,182.988,,140.0,143.49,0.3277,138.33,delta,152.61,0,0
IWM,2019-10-18,CALL,2018-2025,2019-09-04,44,147.84,0.19537,10.028,2.507,154.0,156.51,36.13,17.021,,156.0,156.51,0.1571,155.15,banda,152.61,0,1
IWM,2019-11-15,PUT,2018-2025,2019-10-01,45,148.37,0.21,10.94,2.735,142.26,145.0,43.94,1932.155,0.145,145.0,142.26,0.2829,138.69,delta,158.92,0,0
IWM,2019-11-15,CALL,2018-2025,2019-10-01,45,148.37,0.21,10.94,2.735,153.0,155.74,25.62,2.358,0.458,155.0,155.74,0.2304,156.71,delta,158.92,1,1
IWM,2019-12-20,PUT,2018-2025,2019-11-05,45,159.15,0.15146,8.464,2.116,152.88,155.0,28.72,13.254,,150.0,152.88,0.2449,151.06,delta,165.97,0,0
IWM,2019-12-20,CALL,2018-2025,2019-11-05,45,159.15,0.15146,8.464,2.116,163.0,165.12,53.4,5.853,,163.0,165.12,0.2146,165.49,delta,165.97,1,1
IWM,2020-01-17,PUT,2018-2025,2019-12-03,45,159.68,0.17097,9.586,2.397,147.6,150.0,29.07,13.738,0.898,150.0,147.6,0.1494,150.37,banda,169.07,0,0
IWM,2020-01-17,CALL,2018-2025,2019-12-03,45,159.68,0.17097,9.586,2.397,163.0,165.4,54.98,18.944,,165.0,165.4,0.2603,167.02,delta,169.07,1,1
IWM,2020-02-21,PUT,2018-2025,2020-01-07,45,164.8,0.1417,8.199,2.05,157.95,160.0,29.97,290.969,0.572,160.0,157.95,0.2216,156.84,delta,167.1,0,0
IWM,2020-02-21,CALL,2018-2025,2020-01-07,45,164.8,0.1417,8.199,2.05,170.0,172.05,75.32,694.592,,172.0,172.05,0.1534,171.23,banda,167.1,0,0
IWM,2020-03-20,PUT,2018-2025,2020-02-04,45,164.77,0.16122,9.327,2.332,157.67,160.0,35.24,55.829,,158.0,157.67,0.239,155.99,delta,101.4,1,1
IWM,2020-03-20,CALL,2018-2025,2020-02-04,45,164.77,0.16122,9.327,2.332,168.0,170.33,58.78,129.01,,170.0,170.33,0.2681,171.85,delta,101.4,0,0
IWM,2020-04-17,PUT,2018-2025,2020-03-03,45,147.95,0.30268,15.724,3.931,139.07,143.0,41.18,43.6,,140.0,139.07,0.2833,133.49,delta,122.06,1,1
IWM,2020-04-17,CALL,2018-2025,2020-03-03,45,147.95,0.30268,15.724,3.931,157.0,160.93,45.06,6.682,,157.0,160.93,0.1525,159.11,banda,122.06,0,0
IWM,2020-05-15,PUT,2018-2025,2020-03-31,45,114.46,0.50755,20.398,5.1,89.9,95.0,28.75,3.266,0.509,90.0,89.9,0.1389,96.71,banda,125.08,0,0
IWM,2020-05-15,CALL,2018-2025,2020-03-31,45,114.46,0.50755,20.398,5.1,125.0,130.1,31.62,9.43,,126.0,130.1,0.1894,129.48,banda,125.08,0,1
IWM,2020-06-19,PUT,2018-2025,2020-05-05,45,126.65,0.40511,18.015,4.504,115.5,120.0,43.18,5.834,,120.0,115.5,0.2634,111.14,delta,140.99,0,0
IWM,2020-06-19,CALL,2018-2025,2020-05-05,45,126.65,0.40511,18.015,4.504,131.0,135.5,36.66,12.829,,140.0,135.5,0.3108,140.3,delta,140.99,1,1
IWM,2020-07-17,PUT,2018-2025,2020-06-02,45,141.39,0.35146,17.448,4.362,129.64,134.0,29.17,4.96,0.452,130.0,129.64,0.2532,125.82,delta,146.59,0,0
IWM,2020-07-17,CALL,2018-2025,2020-06-02,45,141.39,0.35146,17.448,4.362,151.0,155.36,35.75,37.875,,155.0,155.36,0.1673,153.84,banda,146.59,0,0
IWM,2020-08-21,PUT,2018-2025,2020-07-07,45,140.89,0.35145,17.386,4.347,129.65,134.0,30.54,17.503,0.189,130.0,129.65,0.2573,125.53,delta,154.61,0,0
IWM,2020-08-21,CALL,2018-2025,2020-07-07,45,140.89,0.35145,17.386,4.347,150.0,154.35,35.35,45.939,,145.0,154.35,0.1886,153.81,banda,154.61,1,1
IWM,2020-09-18,PUT,2018-2025,2020-08-04,45,150.79,0.28317,14.992,3.748,141.25,145.0,23.64,10.78,,145.0,141.25,0.2689,136.8,delta,153.29,0,0
IWM,2020-09-18,CALL,2018-2025,2020-08-04,45,150.79,0.28317,14.992,3.748,154.0,157.75,35.32,651.943,,155.0,157.75,0.3266,162.44,delta,153.29,0,1
IWM,2020-10-16,PUT,2018-2025,2020-09-01,45,157.21,0.28804,15.9,3.975,144.02,148.0,24.53,10.328,,140.0,144.02,0.2224,142.42,delta,162.35,0,1
IWM,2020-10-16,CALL,2018-2025,2020-09-01,45,157.21,0.28804,15.9,3.975,168.0,171.98,35.04,4.6,,170.0,171.98,0.1631,169.88,banda,162.35,0,0
IWM,2020-11-20,PUT,2018-2025,2020-10-06,45,156.62,0.32219,17.718,4.43,146.57,151.0,32.11,46.102,,140.0,146.57,0.2824,141.05,delta,177.5,0,0
IWM,2020-11-20,CALL,2018-2025,2020-10-06,45,156.62,0.32219,17.718,4.43,164.0,168.43,38.57,3.041,,160.0,168.43,0.244,170.57,delta,177.5,1,1
IWM,2020-12-18,PUT,2018-2025,2020-11-03,45,160.24,0.3417,19.225,4.806,145.19,150.0,23.27,10.259,,140.0,145.19,0.2265,142.94,delta,195.34,0,0
IWM,2020-12-18,CALL,2018-2025,2020-11-03,45,160.24,0.3417,19.225,4.806,168.0,172.81,39.28,7.531,,170.0,172.81,0.2436,174.83,delta,195.34,1,1
IWM,2021-01-15,PUT,2018-2025,2020-12-01,45,182.7,0.27341,17.539,4.385,170.62,175.0,27.83,18.616,,172.0,170.62,0.2533,166.97,delta,210.75,0,0
IWM,2021-01-15,CALL,2018-2025,2020-12-01,45,182.7,0.27341,17.539,4.385,186.0,190.38,48.01,3.353,,190.0,190.38,0.3351,196.8,delta,210.75,1,1
IWM,2021-02-19,PUT,2018-2025,2021-01-05,45,196.49,0.28317,19.536,4.884,184.12,189.0,34.88,29.175,0.21,188.0,184.12,0.2655,178.7,delta,225.19,0,0
IWM,2021-02-19,CALL,2018-2025,2021-01-05,45,196.49,0.28317,19.536,4.884,210.0,214.88,38.18,2.886,0.58,210.0,214.88,0.1535,211.66,banda,225.19,1,1
IWM,2021-03-19,PUT,2018-2025,2021-02-02,45,213.61,0.28804,21.604,5.401,204.6,210.0,32.87,26.412,,210.0,204.6,0.3303,193.79,delta,226.94,0,0
IWM,2021-03-19,CALL,2018-2025,2021-02-02,45,213.61,0.28804,21.604,5.401,220.0,225.4,46.97,3.354,,230.0,225.4,0.293,230.83,delta,226.94,1,1
IWM,2021-04-16,PUT,2018-2025,2021-03-02,45,221.72,0.30756,23.943,5.986,209.01,215.0,39.59,5.362,,210.0,209.01,0.2964,199.68,delta,224.65,0,1
IWM,2021-04-16,CALL,2018-2025,2021-03-02,45,221.72,0.30756,23.943,5.986,230.0,235.99,54.37,6.38,,235.0,235.99,0.2612,240.2,delta,224.65,0,0
IWM,2021-05-21,PUT,2018-2025,2021-04-06,45,224.31,0.24414,19.229,4.807,208.19,213.0,37.16,63.01,,210.0,208.19,0.2152,207.08,delta,219.97,0,0
IWM,2021-05-21,CALL,2018-2025,2021-04-06,45,224.31,0.24414,19.229,4.807,234.0,238.81,46.43,3.678,,235.0,238.81,0.2087,239.35,delta,219.97,0,0
IWM,2021-06-18,PUT,2018-2025,2021-05-04,45,223.29,0.24901,19.523,4.881,211.12,216.0,23.45,34.802,0.391,215.0,211.12,0.2724,205.1,delta,222.13,0,0
IWM,2021-06-18,CALL,2018-2025,2021-05-04,45,223.29,0.24901,19.523,4.881,227.0,231.88,33.37,3.513,,230.0,231.88,0.3265,238.25,delta,222.13,0,1
IWM,2021-07-16,PUT,2018-2025,2021-06-01,45,228.06,0.20512,16.425,4.106,211.89,216.0,43.77,232.973,,212.0,211.89,0.197,212.16,banda,214.95,0,0
IWM,2021-07-16,CALL,2018-2025,2021-06-01,45,228.06,0.20512,16.425,4.106,234.0,238.11,45.15,137.329,0.188,250.0,238.11,0.259,240.61,delta,214.95,0,0
IWM,2021-08-20,PUT,2018-2025,2021-07-06,45,225.86,0.20512,16.267,4.067,217.93,222.0,46.27,28.801,,220.0,217.93,0.3196,210.12,delta,215.52,1,1
IWM,2021-08-20,CALL,2018-2025,2021-07-06,45,225.86,0.20512,16.267,4.067,236.0,240.07,36.44,21.455,,230.0,240.07,0.1768,238.77,banda,215.52,0,0
IWM,2021-09-17,PUT,2018-2025,2021-08-03,45,220.86,0.23439,18.176,4.544,209.46,214.0,31.22,81.675,0.481,210.0,209.46,0.2707,203.9,delta,222.48,0,0
IWM,2021-09-17,CALL,2018-2025,2021-08-03,45,220.86,0.23439,18.176,4.544,225.0,229.54,29.67,12.219,,225.0,229.54,0.3046,234.21,delta,222.48,0,1
IWM,2021-10-15,PUT,2018-2025,2021-08-31,45,225.92,0.20024,15.884,3.971,209.03,213.0,33.05,6.743,,213.0,209.03,0.1916,209.63,banda,225.16,0,0
IWM,2021-10-15,CALL,2018-2025,2021-08-31,45,225.92,0.20024,15.884,3.971,230.0,233.97,49.61,28.227,,230.0,233.97,0.2908,238.08,delta,225.16,0,0
IWM,2021-11-19,PUT,2018-2025,2021-10-05,45,221.02,0.23926,18.568,4.642,209.36,214.0,36.13,52.834,0.235,210.0,209.36,0.2707,204.05,delta,232.72,0,0
IWM,2021-11-19,CALL,2018-2025,2021-10-05,45,221.02,0.23926,18.568,4.642,228.0,232.64,39.1,42.416,,230.0,232.64,0.2484,235.06,delta,232.72,1,1
IWM,2021-12-17,PUT,2018-2025,2021-11-02,45,234.45,0.20024,16.484,4.121,217.88,222.0,27.7,63.322,,220.0,217.88,0.1886,218.67,banda,215.14,1,1
IWM,2021-12-17,CALL,2018-2025,2021-11-02,45,234.45,0.20024,16.484,4.121,237.0,241.12,37.03,5.689,,245.0,241.12,0.3414,247.84,delta,215.14,0,1
IWM,2022-01-21,PUT,2018-2025,2021-12-07,45,224.1,0.24414,19.211,4.803,216.2,221.0,22.42,11.631,0.643,220.0,216.2,0.3415,204.63,delta,196.99,1,1
IWM,2022-01-21,CALL,2018-2025,2021-12-07,45,224.1,0.24414,19.211,4.803,237.0,241.8,27.81,7.223,,240.0,241.8,0.1481,239.07,banda,196.99,0,0
IWM,2022-02-18,PUT,2018-2025,2022-01-04,45,224.98,0.20024,15.818,3.955,213.05,217.0,38.63,17.451,,215.0,213.05,0.2445,209.64,delta,199.47,1,1
IWM,2022-02-18,CALL,2018-2025,2022-01-04,45,224.98,0.20024,15.818,3.955,232.0,235.95,40.32,24.464,,235.0,235.95,0.2366,237.83,delta,199.47,0,0
IWM,2022-03-18,PUT,2018-2025,2022-02-01,45,203.36,0.25877,18.478,4.619,195.38,200.0,23.74,2.483,0.882,200.0,195.38,0.33,185.74,delta,207.27,0,1
IWM,2022-03-18,CALL,2018-2025,2022-02-01,45,203.36,0.25877,18.478,4.619,215.0,219.62,35.81,42.191,,215.0,219.62,0.1576,216.99,banda,207.27,0,0
IWM,2022-04-14,PUT,2018-2025,2022-02-28,45,203.32,0.30268,21.608,5.402,194.6,200.0,35.03,2.816,,200.0,194.6,0.3334,183.2,delta,198.96,0,1
IWM,2022-04-14,CALL,2018-2025,2022-02-28,45,203.32,0.30268,21.608,5.402,215.0,220.4,46.67,52.291,,220.0,220.4,0.1859,219.71,banda,198.96,0,0
IWM,2022-05-20,PUT,2018-2025,2022-04-05,45,202.99,0.23926,17.053,4.263,195.74,200.0,44.18,11.291,,200.0,195.74,0.3276,187.45,delta,176.08,1,1
IWM,2022-05-20,CALL,2018-2025,2022-04-05,45,202.99,0.23926,17.053,4.263,209.0,213.26,36.03,233.986,,210.0,213.26,0.2654,215.99,delta,176.08,0,0
IWM,2022-06-17,PUT,2018-2025,2022-05-03,45,188.49,0.30755,20.355,5.089,179.91,185.0,50.88,26.158,,185.0,179.91,0.3208,171.04,delta,165.18,1,1
IWM,2022-06-17,CALL,2018-2025,2022-05-03,45,188.49,0.30755,20.355,5.089,200.0,205.09,48.34,60.651,,200.0,205.09,0.1796,203.84,banda,165.18,0,0
IWM,2022-07-15,PUT,2018-2025,2022-05-31,45,185.31,0.29292,19.059,4.765,173.24,178.0,46.7,11.269,,175.0,173.24,0.2619,168.46,delta,173.09,1,1
IWM,2022-07-15,CALL,2018-2025,2022-05-31,45,185.31,0.29292,19.059,4.765,198.0,202.76,47.52,11.83,,200.0,202.76,0.1546,199.8,banda,173.09,0,0
IWM,2022-08-19,PUT,2018-2025,2022-07-05,45,172.83,0.30756,18.664,4.666,159.33,164.0,37.67,4.93,,160.0,159.33,0.2334,157.08,delta,194.65,0,0
IWM,2022-08-19,CALL,2018-2025,2022-07-05,45,172.83,0.30756,18.664,4.666,176.0,180.67,32.84,14.732,0.568,180.0,180.67,0.348,187.71,delta,194.65,1,1
IWM,2022-09-16,PUT,2018-2025,2022-08-02,45,187.0,0.26365,17.311,4.328,166.67,171.0,42.54,9.576,0.288,170.0,166.67,0.1454,171.67,banda,178.99,0,0
IWM,2022-09-16,CALL,2018-2025,2022-08-02,45,187.0,0.26365,17.311,4.328,193.0,197.33,27.07,52.463,,190.0,197.33,0.2834,201.36,delta,178.99,0,1
IWM,2022-10-21,PUT,2018-2025,2022-09-06,45,178.31,0.28804,18.034,4.508,170.49,175.0,45.34,633.578,,175.0,170.49,0.3164,163.02,delta,172.7,0,1
IWM,2022-10-21,CALL,2018-2025,2022-09-06,45,178.31,0.28804,18.034,4.508,188.0,192.51,33.88,3.277,,190.0,192.51,0.2121,193.13,delta,172.7,0,0
IWM,2022-11-18,PUT,2018-2025,2022-10-04,45,176.0,0.31731,19.609,4.902,166.1,171.0,28.37,28.088,0.727,160.0,166.1,0.2851,159.87,delta,183.72,0,1
IWM,2022-11-18,CALL,2018-2025,2022-10-04,45,176.0,0.31731,19.609,4.902,186.0,190.9,39.56,38.034,,190.0,190.9,0.2293,192.74,delta,183.72,0,0
IWM,2022-12-16,PUT,2018-2025,2022-11-01,45,183.58,0.2978,19.196,4.799,170.2,175.0,25.85,2750.406,,180.0,170.2,0.2268,167.99,delta,174.37,0,0
IWM,2022-12-16,CALL,2018-2025,2022-11-01,45,183.58,0.2978,19.196,4.799,196.0,200.8,33.7,441.959,,200.0,200.8,0.1952,200.44,banda,174.37,0,0
IWM,2023-01-20,PUT,2018-2025,2022-12-06,45,180.07,0.24901,15.744,3.936,173.06,177.0,40.29,26.305,,175.0,173.06,0.3071,167.01,delta,185.04,0,1
IWM,2023-01-20,CALL,2018-2025,2022-12-06,45,180.07,0.24901,15.744,3.936,187.0,190.94,36.65,306.214,,190.0,190.94,0.2548,193.64,delta,185.04,0,0
IWM,2023-02-17,PUT,2018-2025,2023-01-03,45,173.4,0.25877,15.755,3.939,163.06,167.0,44.88,771.424,,170.0,163.06,0.2319,160.92,delta,193.13,0,0
IWM,2023-02-17,CALL,2018-2025,2023-01-03,45,173.4,0.25877,15.755,3.939,187.0,190.94,30.01,10.073,,190.0,190.94,0.127,187.17,banda,193.13,1,1
IWM,2023-03-17,PUT,2018-2025,2023-01-31,45,191.48,0.21975,14.774,3.694,174.31,178.0,32.85,6.858,,175.0,174.31,0.1357,179.13,banda,171.23,1,1
IWM,2023-03-17,CALL,2018-2025,2023-01-31,45,191.48,0.21975,14.774,3.694,195.0,198.69,49.3,445.675,,195.0,198.69,0.3392,204.11,delta,171.23,0,1
IWM,2023-04-21,PUT,2018-2025,2023-03-07,45,186.51,0.21975,14.391,3.598,178.4,182.0,57.08,26.626,0.177,180.0,178.4,0.2618,174.92,delta,177.56,1,1
IWM,2023-04-21,CALL,2018-2025,2023-03-07,45,186.51,0.21975,14.391,3.598,189.0,192.6,41.29,15.884,0.368,200.0,192.6,0.3664,198.87,delta,177.56,0,0
IWM,2023-05-19,PUT,2018-2025,2023-04-04,45,175.35,0.23439,14.431,3.608,166.39,170.0,37.54,12.492,,170.0,166.39,0.2527,163.24,delta,176.11,0,0
IWM,2023-05-19,CALL,2018-2025,2023-04-04,45,175.35,0.23439,14.431,3.608,178.0,181.61,41.01,22.973,0.474,180.0,181.61,0.3603,187.62,delta,176.11,0,0
IWM,2023-06-16,PUT,2018-2025,2023-05-02,45,171.7,0.21975,13.249,3.312,164.69,168.0,55.58,31.08,0.085,165.0,164.69,0.2845,159.85,delta,185.94,0,0
IWM,2023-06-16,CALL,2018-2025,2023-05-02,45,171.7,0.21975,13.249,3.312,178.0,181.31,38.44,79.646,,180.0,181.31,0.2277,182.0,delta,185.94,1,1
IWM,2023-07-21,PUT,2018-2025,2023-06-06,45,184.31,0.18561,12.012,3.003,170.0,173.0,47.24,16.745,,170.0,170.0,0.1311,174.32,banda,194.46,0,0
IWM,2023-07-21,CALL,2018-2025,2023-06-06,45,184.31,0.18561,12.012,3.003,187.0,190.0,58.73,43.061,,190.0,190.0,0.3548,195.44,delta,194.46,1,1
IWM,2023-08-18,PUT,2018-2025,2023-07-03,46,187.65,0.17585,11.714,2.929,174.07,177.0,34.5,1697.919,,180.0,174.07,0.1291,178.63,banda,184.65,0,0
IWM,2023-08-18,CALL,2018-2025,2023-07-03,46,187.65,0.17585,11.714,2.929,190.0,192.93,35.68,1157.562,0.429,190.0,192.93,0.374,198.69,delta,184.65,0,1
IWM,2023-09-15,PUT,2018-2025,2023-08-01,45,197.8,0.18073,12.552,3.138,186.86,190.0,33.18,19.698,,190.0,186.86,0.1848,187.63,banda,183.61,1,1
IWM,2023-09-15,CALL,2018-2025,2023-08-01,45,197.8,0.18073,12.552,3.138,202.0,205.14,40.98,544.422,,205.0,205.14,0.3089,209.16,delta,183.61,0,0
IWM,2023-10-20,PUT,2018-2025,2023-09-05,45,186.83,0.16609,10.896,2.724,178.28,181.0,43.86,151.744,,181.0,178.28,0.2206,177.22,delta,166.44,1,1
IWM,2023-10-20,CALL,2018-2025,2023-09-05,45,186.83,0.16609,10.896,2.724,190.0,192.72,37.63,323.344,0.314,190.0,192.72,0.3323,196.95,delta,166.44,0,0
IWM,2023-11-17,PUT,2018-2025,2023-10-03,45,171.14,0.21975,13.205,3.301,165.7,169.0,72.94,95.016,,168.0,165.7,0.3027,160.65,delta,178.29,0,1
IWM,2023-11-17,CALL,2018-2025,2023-10-03,45,171.14,0.21975,13.205,3.301,175.0,178.3,33.37,48.88,0.406,175.0,178.3,0.3249,182.66,delta,178.29,0,1
IWM,2023-12-15,PUT,2018-2025,2023-10-31,45,164.52,0.21487,12.413,3.103,156.9,160.0,42.86,15.664,,160.0,156.9,0.2467,154.73,delta,197.04,0,0
IWM,2023-12-15,CALL,2018-2025,2023-10-31,45,164.52,0.21487,12.413,3.103,175.0,178.1,28.85,100.678,,175.0,178.1,0.1325,175.38,banda,197.04,1,1
IWM,2024-01-19,PUT,2018-2025,2023-12-05,45,184.39,0.18561,12.017,3.004,170.0,173.0,30.62,20.31,,170.0,170.0,0.1291,174.83,banda,192.43,0,0
IWM,2024-01-19,CALL,2018-2025,2023-12-05,45,184.39,0.18561,12.017,3.004,190.0,193.0,43.64,11325.515,,190.0,193.0,0.2795,196.19,delta,192.43,0,1
IWM,2024-02-16,PUT,2018-2025,2024-01-02,45,199.52,0.20512,14.37,3.592,188.41,192.0,43.03,440.137,,190.0,188.41,0.2025,188.27,delta,201.66,0,1
IWM,2024-02-16,CALL,2018-2025,2024-01-02,45,199.52,0.20512,14.37,3.592,208.0,211.59,34.23,10.595,,210.0,211.59,0.2399,213.61,delta,201.66,0,0
IWM,2024-03-15,PUT,2018-2025,2024-01-30,45,197.71,0.20999,14.578,3.644,184.36,188.0,26.33,20.417,,190.0,184.36,0.1579,187.05,banda,202.41,0,0
IWM,2024-03-15,CALL,2018-2025,2024-01-30,45,197.71,0.20999,14.578,3.644,200.0,203.64,36.36,28.225,,200.0,203.64,0.3977,212.6,delta,202.41,0,1
IWM,2024-04-19,PUT,2018-2025,2024-03-05,45,203.73,0.21487,15.371,3.843,192.16,196.0,30.55,16.782,,196.0,192.16,0.2059,191.75,delta,193.14,0,1
IWM,2024-04-19,CALL,2018-2025,2024-03-05,45,203.73,0.21487,15.371,3.843,212.0,215.84,45.78,21.255,,215.0,215.84,0.2556,218.8,delta,193.14,0,0
IWM,2024-05-17,PUT,2018-2025,2024-04-02,45,204.49,0.20512,14.728,3.682,194.32,198.0,39.49,66.969,,198.0,194.32,0.2163,193.46,delta,208.08,0,1
IWM,2024-05-17,CALL,2018-2025,2024-04-02,45,204.49,0.20512,14.728,3.682,207.0,210.68,35.68,5.383,0.198,210.0,210.68,0.3838,218.93,delta,208.08,0,0
IWM,2024-06-21,PUT,2018-2025,2024-05-07,45,204.97,0.19537,14.06,3.515,191.48,195.0,34.96,38.403,,200.0,191.48,0.1574,193.92,banda,200.35,0,0
IWM,2024-06-21,CALL,2018-2025,2024-05-07,45,204.97,0.19537,14.06,3.515,210.0,213.52,31.98,4.178,0.643,210.0,213.52,0.3057,218.08,delta,200.35,0,0
IWM,2024-07-19,PUT,2018-2025,2024-06-04,45,201.97,0.18073,12.816,3.204,191.8,195.0,51.5,194.373,,195.0,191.8,0.2042,191.58,delta,216.84,0,0
IWM,2024-07-19,CALL,2018-2025,2024-06-04,45,201.97,0.18073,12.816,3.204,214.0,217.2,30.85,3.209,,215.0,217.2,0.142,214.23,banda,216.84,0,1
IWM,2024-08-16,PUT,2018-2025,2024-07-02,45,201.88,0.17097,12.119,3.03,189.97,193.0,39.31,161.413,,192.0,189.97,0.1493,192.51,banda,212.6,0,0
IWM,2024-08-16,CALL,2018-2025,2024-07-02,45,201.88,0.17097,12.119,3.03,208.0,211.03,50.85,14.69,,210.0,211.03,0.2615,213.48,delta,212.6,1,1
IWM,2024-09-20,PUT,2018-2025,2024-08-06,45,204.4,0.30268,21.723,5.431,194.57,200.0,36.19,4.477,,200.0,194.57,0.2933,187.18,delta,221.57,0,0
IWM,2024-09-20,CALL,2018-2025,2024-08-06,45,204.4,0.30268,21.723,5.431,220.0,225.43,29.95,5.08,,210.0,225.43,0.1686,223.02,banda,221.57,0,0
IWM,2024-10-18,PUT,2018-2025,2024-09-03,45,213.35,0.22951,17.193,4.298,205.7,210.0,44.21,19.081,,210.0,205.7,0.2977,199.25,delta,225.65,0,1
IWM,2024-10-18,CALL,2018-2025,2024-09-03,45,213.35,0.22951,17.193,4.298,223.0,227.3,29.23,3.276,,220.0,227.3,0.2319,229.13,delta,225.65,0,0
IWM,2024-11-15,PUT,2018-2025,2024-10-01,45,217.89,0.24902,19.052,4.763,207.24,212.0,38.75,26.454,,210.0,207.24,0.2667,202.33,delta,228.48,0,0
IWM,2024-11-15,CALL,2018-2025,2024-10-01,45,217.89,0.24902,19.052,4.763,227.0,231.76,32.86,3.353,,230.0,231.76,0.2573,235.34,delta,228.48,0,1
IWM,2024-12-20,PUT,2018-2025,2024-11-05,45,224.23,0.25877,20.374,5.093,204.91,210.0,32.52,16.45,,210.0,204.91,0.1592,208.47,banda,221.92,0,0
IWM,2024-12-20,CALL,2018-2025,2024-11-05,45,224.23,0.25877,20.374,5.093,230.0,235.09,40.61,29.489,,230.0,235.09,0.334,243.82,delta,221.92,0,1
IWM,2025-01-17,PUT,2018-2025,2024-12-03,45,240.03,0.20511,17.287,4.322,228.68,233.0,36.78,45.19,0.379,230.0,228.68,0.2384,225.7,delta,225.46,1,1
IWM,2025-01-17,CALL,2018-2025,2024-12-03,45,240.03,0.20511,17.287,4.322,246.0,250.32,40.97,9.647,0.245,250.0,250.32,0.3052,255.94,delta,225.46,0,0
IWM,2025-02-21,PUT,2018-2025,2025-01-07,45,222.72,0.21,16.422,4.106,209.89,214.0,48.53,1138.255,,214.0,209.89,0.2086,209.36,delta,217.8,0,0
IWM,2025-02-21,CALL,2018-2025,2025-01-07,45,222.72,0.21,16.422,4.106,226.0,230.11,34.71,6.472,,235.0,230.11,0.3621,238.15,delta,217.8,0,1
IWM,2025-03-21,PUT,2018-2025,2025-02-04,45,226.93,0.20512,16.344,4.086,213.91,218.0,43.76,15.166,,215.0,213.91,0.2014,213.72,delta,203.79,1,1
IWM,2025-03-21,CALL,2018-2025,2025-02-04,45,226.93,0.20512,16.344,4.086,231.0,235.09,32.82,28.262,,235.0,235.09,0.3392,241.15,delta,203.79,0,0
IWM,2025-04-17,PUT,2018-2025,2025-03-03,45,208.78,0.24902,18.255,4.564,201.44,206.0,67.33,58.434,,205.0,201.44,0.3123,194.25,delta,186.48,1,1
IWM,2025-04-17,CALL,2018-2025,2025-03-03,45,208.78,0.24902,18.255,4.564,222.0,226.56,37.14,23.334,,222.0,226.56,0.1589,224.38,banda,186.48,0,0
IWM,2025-05-16,PUT,2018-2025,2025-04-01,45,199.51,0.24414,17.103,4.276,189.72,194.0,52.52,10.408,,190.0,189.72,0.2621,185.62,delta,209.85,0,1
IWM,2025-05-16,CALL,2018-2025,2025-04-01,45,199.51,0.24414,17.103,4.276,207.0,211.28,23.1,19.324,0.5,215.0,211.28,0.2629,214.68,delta,209.85,0,0
IWM,2025-06-20,PUT,2018-2025,2025-05-06,45,196.77,0.25877,17.879,4.47,186.53,191.0,35.06,12.026,,190.0,186.53,0.2695,181.43,delta,209.21,0,0
IWM,2025-06-20,CALL,2018-2025,2025-05-06,45,196.77,0.25877,17.879,4.47,207.0,211.47,27.22,34.026,,210.0,211.47,0.2045,211.73,delta,209.21,0,1
IWM,2025-07-18,PUT,2018-2025,2025-06-03,45,209.03,0.21975,16.129,4.032,197.97,202.0,28.26,4.235,0.572,200.0,197.97,0.234,195.48,delta,222.33,0,0
IWM,2025-07-18,CALL,2018-2025,2025-06-03,45,209.03,0.21975,16.129,4.032,220.0,224.03,44.03,925.202,,220.0,224.03,0.1824,223.21,banda,222.33,0,1
IWM,2025-08-15,PUT,2018-2025,2025-07-01,45,218.01,0.21487,16.448,4.112,203.89,208.0,30.84,5.754,,205.0,203.89,0.192,204.4,banda,227.13,0,0
IWM,2025-08-15,CALL,2018-2025,2025-07-01,45,218.01,0.21487,16.448,4.112,230.0,234.11,45.22,492.041,0.047,230.0,234.11,0.1972,233.95,banda,227.13,0,0
IWM,2025-09-19,PUT,2018-2025,2025-08-05,45,220.85,0.22951,17.797,4.449,208.55,213.0,45.02,10.602,,210.0,208.55,0.2385,205.48,delta,242.98,0,0
IWM,2025-09-19,CALL,2018-2025,2025-08-05,45,220.85,0.22951,17.797,4.449,227.0,231.45,32.62,13.678,,230.0,231.45,0.2994,236.15,delta,242.98,1,1
IWM,2025-10-17,PUT,2018-2025,2025-09-02,45,233.9,0.21975,18.048,4.512,220.49,225.0,27.87,10.903,,215.0,220.49,0.2177,218.74,delta,243.41,0,0
IWM,2025-10-17,CALL,2018-2025,2025-09-02,45,233.9,0.21975,18.048,4.512,237.0,241.51,47.63,3.287,,240.0,241.51,0.3653,250.12,delta,243.41,1,1
IWM,2025-11-21,PUT,2018-2025,2025-10-07,45,244.16,0.21487,18.421,4.605,231.39,236.0,35.87,166.838,,235.0,231.39,0.2238,229.43,delta,235.6,0,1
IWM,2025-11-21,CALL,2018-2025,2025-10-07,45,244.16,0.21487,18.421,4.605,254.0,258.61,45.21,611.614,,250.0,258.61,0.239,261.02,delta,235.6,0,0
IWM,2025-12-19,PUT,2018-2025,2025-11-04,45,241.2,0.24414,20.676,5.169,229.83,235.0,39.04,9.465,,235.0,229.83,0.271,224.29,delta,251.93,0,1
IWM,2025-12-19,CALL,2018-2025,2025-11-04,45,241.2,0.24414,20.676,5.169,250.0,255.17,49.6,24.788,,250.0,255.17,0.2646,258.58,delta,251.93,0,1
