simbolo,vencimiento,lado,ventana,fecha_medicion,dte,spot,atm_iv,em,w,banda_lo,banda_hi,pct_lado,xmed,xvalle,argmax,borde,delta_borde,k_delta_max,ata,spot_venc,cerro_mas_alla,toco
SPY,2013-02-16,PUT,2013-2017,2013-01-02,45,146.06,0.13195,6.767,1.353,140.65,142.0,23.82,927.464,0.658,145.0,140.65,0.2346,139.5,delta,152.11,0,0
SPY,2013-02-16,CALL,2013-2017,2013-01-02,45,146.06,0.13195,6.767,1.353,149.0,150.35,64.97,343.607,,150.0,150.35,0.24,151.15,delta,152.11,1,1
SPY,2013-03-16,PUT,2013-2017,2013-01-30,45,150.07,0.13194,6.953,1.391,144.61,146.0,21.38,3052.847,,145.0,144.61,0.2468,142.95,delta,155.83,0,0
SPY,2013-03-16,CALL,2013-2017,2013-01-30,45,150.07,0.13194,6.953,1.391,155.0,156.39,46.63,1174.125,,155.0,156.39,0.1318,154.83,banda,155.83,0,1
SPY,2013-04-20,PUT,2013-2017,2013-03-06,45,154.5,0.11244,6.099,1.22,149.78,151.0,23.58,1455.614,0.792,150.0,149.78,0.27,147.95,delta,155.48,0,0
SPY,2013-04-20,CALL,2013-2017,2013-03-06,45,154.5,0.11244,6.099,1.22,158.0,159.22,44.89,976.058,,159.0,159.22,0.1573,158.46,banda,155.48,0,1
SPY,2013-05-18,PUT,2013-2017,2013-04-03,45,155.23,0.12707,6.926,1.385,151.61,153.0,25.98,1386.504,0.953,153.0,151.61,0.3082,148.26,delta,166.94,0,0
SPY,2013-05-18,CALL,2013-2017,2013-04-03,45,155.23,0.12707,6.926,1.385,157.0,158.39,32.67,345.111,,163.0,158.39,0.3067,160.15,delta,166.94,1,1
SPY,2013-06-22,PUT,2013-2017,2013-05-08,45,163.34,0.12219,7.008,1.402,154.6,156.0,22.13,1894.923,,155.0,154.6,0.1499,156.42,banda,159.07,0,0
SPY,2013-06-22,CALL,2013-2017,2013-05-08,45,163.34,0.12219,7.008,1.402,165.0,166.4,74.0,467.939,,166.0,166.4,0.3117,168.0,delta,159.07,0,1
SPY,2013-07-20,PUT,2013-2017,2013-06-05,45,161.27,0.15634,8.853,1.771,157.23,159.0,27.78,118.411,0.747,158.0,157.23,0.3325,152.39,delta,169.17,0,1
SPY,2013-07-20,CALL,2013-2017,2013-06-05,45,161.27,0.15634,8.853,1.771,164.0,165.77,34.81,11.361,0.408,165.0,165.77,0.2722,167.39,delta,169.17,1,1
SPY,2013-08-17,PUT,2013-2017,2013-07-03,45,161.28,0.15634,8.853,1.771,156.23,158.0,24.04,198.811,,155.0,156.23,0.2851,153.21,delta,165.83,0,0
SPY,2013-08-17,CALL,2013-2017,2013-07-03,45,161.28,0.15634,8.853,1.771,166.0,167.77,31.41,9.279,,166.0,167.77,0.2048,167.9,delta,165.83,0,1
SPY,2013-09-21,PUT,2013-2017,2013-08-07,45,169.18,0.12707,7.548,1.51,164.49,166.0,24.62,6649.886,,165.0,164.49,0.2837,162.02,delta,170.72,0,1
SPY,2013-09-21,CALL,2013-2017,2013-08-07,45,169.18,0.12707,7.548,1.51,171.0,172.51,34.58,42.826,,175.0,172.51,0.3023,174.35,delta,170.72,0,1
SPY,2013-10-19,PUT,2013-2017,2013-09-04,45,165.75,0.14659,8.531,1.706,159.29,161.0,27.08,218.957,,160.0,159.29,0.255,157.07,delta,174.39,0,0
SPY,2013-10-19,CALL,2013-2017,2013-09-04,45,165.75,0.14659,8.531,1.706,170.0,171.71,45.28,86.195,,170.0,171.71,0.1922,171.52,banda,174.39,1,1
SPY,2013-11-16,PUT,2013-2017,2013-10-02,45,169.18,0.14658,8.707,1.741,164.26,166.0,25.52,160.25,,165.0,164.26,0.3006,160.49,delta,180.05,0,0
SPY,2013-11-16,CALL,2013-2017,2013-10-02,45,169.18,0.14658,8.707,1.741,171.0,172.74,33.22,58.689,,172.0,172.74,0.3223,175.05,delta,180.05,1,1
SPY,2013-12-21,PUT,2013-2017,2013-11-06,45,177.17,0.12219,7.602,1.52,169.48,171.0,21.31,1220.292,,170.0,169.48,0.1944,169.66,banda,181.56,0,0
SPY,2013-12-21,CALL,2013-2017,2013-11-06,45,177.17,0.12219,7.602,1.52,179.0,180.52,37.93,159.672,,180.0,180.52,0.3095,182.23,delta,181.56,1,1
SPY,2014-01-18,PUT,2013-2017,2013-12-04,45,179.73,0.11732,7.403,1.481,174.52,176.0,20.37,360.84,,175.0,174.52,0.2806,171.65,delta,183.64,0,0
SPY,2014-01-18,CALL,2013-2017,2013-12-04,45,179.73,0.11732,7.403,1.481,182.0,183.48,35.39,45.169,,183.0,183.48,0.2706,184.86,delta,183.64,1,1
SPY,2014-02-22,PUT,2013-2017,2014-01-08,45,183.52,0.10756,6.931,1.386,179.61,181.0,32.62,1496.675,,180.0,179.61,0.3002,176.41,delta,183.89,0,1
SPY,2014-02-22,CALL,2013-2017,2014-01-08,45,183.52,0.10756,6.931,1.386,187.0,188.39,38.27,33.571,,187.0,188.39,0.2314,188.84,delta,183.89,0,0
SPY,2014-03-22,PUT,2013-2017,2014-02-05,45,175.17,0.17097,10.516,2.103,169.9,172.0,33.68,401.63,0.434,170.0,169.9,0.3188,164.65,delta,186.2,0,0
SPY,2014-03-22,CALL,2013-2017,2014-02-05,45,175.17,0.17097,10.516,2.103,178.0,180.1,29.65,6.939,0.547,180.0,180.1,0.296,182.36,delta,186.2,1,1
SPY,2014-04-19,PUT,2013-2017,2014-03-05,45,187.75,0.11732,7.734,1.547,179.45,181.0,21.03,862.81,,180.0,179.45,0.1979,179.6,banda,186.39,0,0
SPY,2014-04-19,CALL,2013-2017,2014-03-05,45,187.75,0.11732,7.734,1.547,189.0,190.55,67.43,18.832,,190.0,190.55,0.3327,193.06,delta,186.39,0,0
SPY,2014-05-17,PUT,2013-2017,2014-04-02,45,188.88,0.11244,7.457,1.491,184.51,186.0,19.7,808.517,,180.0,184.51,0.298,181.37,delta,188.05,0,1
SPY,2014-05-17,CALL,2013-2017,2014-04-02,45,188.88,0.11244,7.457,1.491,190.0,191.49,36.62,11.668,,190.0,191.49,0.3599,194.28,delta,188.05,0,0
SPY,2014-06-21,PUT,2013-2017,2014-05-07,45,187.88,0.12219,8.061,1.612,183.39,185.0,21.17,2592.481,0.542,180.0,183.39,0.3041,179.85,delta,195.94,0,0
SPY,2014-06-21,CALL,2013-2017,2014-05-07,45,187.88,0.12219,8.061,1.612,194.0,195.61,40.33,9.578,0.443,194.0,195.61,0.1125,193.51,banda,195.94,1,1
SPY,2014-07-19,PUT,2013-2017,2014-06-04,45,193.19,0.10755,7.296,1.459,186.54,188.0,19.27,487.102,0.893,191.0,186.54,0.2327,185.51,delta,197.71,0,0
SPY,2014-07-19,CALL,2013-2017,2014-06-04,45,193.19,0.10755,7.296,1.459,195.0,196.46,48.82,43.04,0.488,195.0,196.46,0.2898,198.11,delta,197.71,1,1
SPY,2014-08-16,PUT,2013-2017,2014-07-02,45,197.23,0.09292,6.435,1.287,191.71,193.0,23.79,395.801,,192.0,191.71,0.2348,190.42,delta,195.72,0,1
SPY,2014-08-16,CALL,2013-2017,2014-07-02,45,197.23,0.09292,6.435,1.287,199.0,200.29,69.08,207.278,,200.0,200.29,0.3086,202.43,delta,195.72,0,0
SPY,2014-09-20,PUT,2013-2017,2014-08-06,45,192.07,0.14659,9.886,1.977,188.02,190.0,26.29,79.053,0.53,190.0,188.02,0.3495,181.97,delta,200.7,0,0
SPY,2014-09-20,CALL,2013-2017,2014-08-06,45,192.07,0.14659,9.886,1.977,197.0,198.98,30.99,27.539,,198.0,198.98,0.1694,198.46,banda,200.7,1,1
SPY,2014-10-18,PUT,2013-2017,2014-09-03,45,200.5,0.10755,7.572,1.514,193.49,195.0,21.44,191.68,0.52,195.0,193.49,0.2364,192.02,delta,188.47,1,1
SPY,2014-10-18,CALL,2013-2017,2014-09-03,45,200.5,0.10755,7.572,1.514,205.0,206.51,88.65,140.591,,205.0,206.51,0.1775,205.85,banda,188.47,0,0
SPY,2014-11-22,PUT,2013-2017,2014-10-08,45,196.64,0.13195,9.11,1.822,193.18,195.0,24.79,48.772,0.449,195.0,193.18,0.3505,187.3,delta,206.68,0,1
SPY,2014-11-22,CALL,2013-2017,2014-10-08,45,196.64,0.13195,9.11,1.822,199.0,200.82,36.26,57.821,0.364,200.0,200.82,0.3074,202.91,delta,206.68,1,1
SPY,2014-12-20,PUT,2013-2017,2014-11-05,45,202.34,0.13194,9.374,1.875,194.13,196.0,19.89,53.172,,195.0,194.13,0.2337,192.45,delta,206.52,0,0
SPY,2014-12-20,CALL,2013-2017,2014-11-05,45,202.34,0.13194,9.374,1.875,204.0,205.87,41.15,139.254,0.082,205.0,205.87,0.3388,208.74,delta,206.52,1,1
SPY,2015-01-17,PUT,2013-2017,2014-12-03,45,207.89,0.11244,8.207,1.641,198.36,200.0,20.62,197.658,0.412,200.0,198.36,0.1951,198.56,banda,201.63,0,1
SPY,2015-01-17,CALL,2013-2017,2014-12-03,45,207.89,0.11244,8.207,1.641,211.0,212.64,39.04,88.055,,212.0,212.64,0.2261,213.2,delta,201.63,0,1
SPY,2015-02-20,PUT,2013-2017,2015-01-06,45,199.82,0.17585,12.338,2.468,193.53,196.0,39.17,631.745,,196.0,193.53,0.3149,187.35,delta,211.24,0,0
SPY,2015-02-20,CALL,2013-2017,2015-01-06,45,199.82,0.17585,12.338,2.468,208.0,210.47,30.12,4.162,,210.0,210.47,0.1373,208.66,banda,211.24,1,1
SPY,2015-03-20,PUT,2013-2017,2015-02-03,45,204.84,0.15146,10.894,2.179,199.82,202.0,25.48,37.095,0.487,200.0,199.82,0.3369,193.07,delta,210.41,0,0
SPY,2015-03-20,CALL,2013-2017,2015-02-03,45,204.84,0.15146,10.894,2.179,208.0,210.18,28.19,6.84,,210.0,210.18,0.2795,211.96,delta,210.41,1,1
SPY,2015-04-17,PUT,2013-2017,2015-03-03,45,211.12,0.12219,9.058,1.812,204.19,206.0,16.79,285.082,0.401,205.0,204.19,0.2675,201.11,delta,207.95,0,1
SPY,2015-04-17,CALL,2013-2017,2015-03-03,45,211.12,0.12219,9.058,1.812,214.0,215.81,32.1,54.758,0.522,215.0,215.81,0.2573,216.69,delta,207.95,0,0
SPY,2015-05-15,PUT,2013-2017,2015-03-31,45,206.43,0.14658,10.624,2.125,198.88,201.0,29.95,134.685,,200.0,198.88,0.2586,196.1,delta,212.44,0,0
SPY,2015-05-15,CALL,2013-2017,2015-03-31,45,206.43,0.14658,10.624,2.125,210.0,212.12,41.3,28.299,,210.0,212.12,0.2683,213.6,delta,212.44,1,1
SPY,2015-06-19,PUT,2013-2017,2015-05-05,45,208.9,0.14171,10.394,2.079,204.92,207.0,31.11,85.057,0.36,205.0,204.92,0.3554,198.46,delta,210.81,0,0
SPY,2015-06-19,CALL,2013-2017,2015-05-05,45,208.9,0.14171,10.394,2.079,213.0,215.08,39.73,9.493,,215.0,215.08,0.2358,215.7,delta,210.81,0,0
SPY,2015-07-17,PUT,2013-2017,2015-06-02,45,211.36,0.12219,9.068,1.814,207.19,209.0,23.75,310.446,0.238,200.0,207.19,0.343,201.33,delta,212.47,0,1
SPY,2015-07-17,CALL,2013-2017,2015-06-02,45,211.36,0.12219,9.068,1.814,217.0,218.81,27.8,4.029,,218.0,218.81,0.122,216.84,banda,212.47,0,0
SPY,2015-08-21,PUT,2013-2017,2015-07-07,45,208.01,0.1417,10.349,2.07,203.93,206.0,32.62,102.253,,205.0,203.93,0.3522,197.19,delta,197.63,1,1
SPY,2015-08-21,CALL,2013-2017,2015-07-07,45,208.01,0.1417,10.349,2.07,210.0,212.07,28.38,5.771,,210.0,212.07,0.3354,215.25,delta,197.63,0,1
SPY,2015-09-18,PUT,2013-2017,2015-08-04,45,209.32,0.12707,9.339,1.868,204.13,206.0,22.58,367.503,0.462,205.0,204.13,0.308,199.85,delta,195.36,1,1
SPY,2015-09-18,CALL,2013-2017,2015-08-04,45,209.32,0.12707,9.339,1.868,214.0,215.87,31.22,38.452,,215.0,215.87,0.1544,215.18,banda,195.36,0,0
SPY,2015-10-16,PUT,2013-2017,2015-09-01,45,191.77,0.25877,17.425,3.485,181.52,185.0,30.4,97.508,,185.0,181.52,0.2887,174.41,delta,203.27,0,0
SPY,2015-10-16,CALL,2013-2017,2015-09-01,45,191.77,0.25877,17.425,3.485,205.0,208.48,28.13,11.913,,200.0,208.48,0.1,203.61,banda,203.27,0,0
SPY,2015-11-20,PUT,2013-2017,2015-10-06,45,197.79,0.17585,12.213,2.443,187.56,190.0,23.74,244.968,0.739,190.0,187.56,0.2331,185.87,delta,209.31,0,0
SPY,2015-11-20,CALL,2013-2017,2015-10-06,45,197.79,0.17585,12.213,2.443,205.0,207.44,30.96,222.047,,200.0,207.44,0.1686,206.55,banda,209.31,1,1
SPY,2016-01-15,PUT,2013-2017,2015-12-01,45,210.68,0.13195,9.761,1.952,203.05,205.0,15.86,352.35,,205.0,203.05,0.2587,200.15,delta,187.81,1,1
SPY,2016-01-15,CALL,2013-2017,2015-12-01,45,210.68,0.13195,9.761,1.952,215.0,216.95,33.8,3.791,0.264,215.0,216.95,0.1901,216.71,banda,187.81,0,0
SPY,2016-02-19,PUT,2013-2017,2016-01-05,45,201.36,0.17585,12.433,2.487,196.51,199.0,31.91,1831.287,0.235,198.0,196.51,0.34,189.84,delta,192.0,1,1
SPY,2016-02-19,CALL,2013-2017,2016-01-05,45,201.36,0.17585,12.433,2.487,205.0,207.49,37.21,50.644,,207.0,207.49,0.2917,209.81,delta,192.0,0,0
SPY,2016-03-18,PUT,2013-2017,2016-02-02,45,190.16,0.20999,14.021,2.804,184.2,187.0,28.1,148.549,0.143,185.0,184.2,0.3348,176.95,delta,204.38,0,1
SPY,2016-03-18,CALL,2013-2017,2016-02-02,45,190.16,0.20999,14.021,2.804,200.0,202.8,33.03,67.201,,200.0,202.8,0.1201,199.86,banda,204.38,1,1
SPY,2016-04-15,PUT,2013-2017,2016-03-01,45,198.11,0.16121,11.214,2.243,189.76,192.0,24.03,204.768,0.431,190.0,189.76,0.2589,186.55,delta,207.78,0,0
SPY,2016-04-15,CALL,2013-2017,2016-03-01,45,198.11,0.16121,11.214,2.243,200.0,202.24,49.45,362.554,,202.0,202.24,0.34,205.69,delta,207.78,1,1
SPY,2016-05-20,PUT,2013-2017,2016-04-05,45,204.19,0.1417,10.159,2.032,199.97,202.0,32.43,435.526,0.302,200.0,199.97,0.3426,194.05,delta,205.49,0,0
SPY,2016-05-20,CALL,2013-2017,2016-04-05,45,204.19,0.1417,10.159,2.032,210.0,212.03,42.09,16.424,,211.0,212.03,0.1773,211.36,banda,205.49,0,0
SPY,2016-06-17,PUT,2013-2017,2016-05-03,45,206.16,0.15146,10.964,2.193,193.81,196.0,22.18,723.41,0.391,194.0,193.81,0.1788,195.39,banda,206.52,0,0
SPY,2016-06-17,CALL,2013-2017,2016-05-03,45,206.16,0.15146,10.964,2.193,210.0,212.19,34.15,164.754,,210.0,212.19,0.2424,213.24,delta,206.52,0,1
SPY,2016-07-15,PUT,2013-2017,2016-05-31,45,209.84,0.11732,8.644,1.729,203.27,205.0,16.68,125.989,0.762,205.0,203.27,0.2727,199.93,delta,215.83,0,1
SPY,2016-07-15,CALL,2013-2017,2016-05-31,45,209.84,0.11732,8.644,1.729,215.0,216.73,34.2,6.168,,215.0,216.73,0.1408,215.53,banda,215.83,0,1
SPY,2016-08-19,PUT,2013-2017,2016-07-05,45,208.41,0.13683,10.013,2.003,204.0,206.0,24.86,307.317,0.498,205.0,204.0,0.3306,198.13,delta,218.54,0,0
SPY,2016-08-19,CALL,2013-2017,2016-07-05,45,208.41,0.13683,10.013,2.003,210.0,212.0,35.57,4.487,0.426,210.0,212.0,0.3574,215.44,delta,218.54,1,1
SPY,2016-09-16,PUT,2013-2017,2016-08-02,45,215.55,0.12219,9.248,1.85,211.15,213.0,15.25,59.347,,212.0,211.15,0.3267,205.89,delta,213.37,0,0
SPY,2016-09-16,CALL,2013-2017,2016-08-02,45,215.55,0.12219,9.248,1.85,220.0,221.85,30.37,1362.534,0.468,220.0,221.85,0.1976,221.79,banda,213.37,0,0
SPY,2016-10-21,PUT,2013-2017,2016-09-06,45,219.03,0.10268,7.897,1.579,214.42,216.0,23.26,1058.875,0.391,215.0,214.42,0.3112,209.84,delta,213.98,1,1
SPY,2016-10-21,CALL,2013-2017,2016-09-06,45,219.03,0.10268,7.897,1.579,231.0,232.58,23.95,223.464,0.176,232.0,232.58,0.0218,224.01,banda,213.98,0,0
SPY,2016-11-18,PUT,2013-2017,2016-10-04,45,214.68,0.13195,9.946,1.989,210.01,212.0,25.71,367.785,,212.0,210.01,0.3266,204.05,delta,218.5,0,1
SPY,2016-11-18,CALL,2013-2017,2016-10-04,45,214.68,0.13195,9.946,1.989,219.0,220.99,34.24,43.822,,220.0,220.99,0.2204,221.56,delta,218.5,0,0
SPY,2016-12-16,PUT,2013-2017,2016-11-01,45,211.01,0.16609,12.306,2.461,199.54,202.0,25.94,119.446,,200.0,199.54,0.2159,198.43,delta,225.04,0,0
SPY,2016-12-16,CALL,2013-2017,2016-11-01,45,211.01,0.16609,12.306,2.461,213.0,215.46,25.32,38.178,0.678,215.0,215.46,0.3387,219.05,delta,225.04,1,1
SPY,2017-01-20,PUT,2013-2017,2016-12-06,45,221.7,0.10268,7.993,1.599,213.4,215.0,15.72,31.234,,215.0,213.4,0.2116,212.95,delta,226.74,0,0
SPY,2017-01-20,CALL,2013-2017,2016-12-06,45,221.7,0.10268,7.993,1.599,224.0,225.6,43.83,134.389,,225.0,225.6,0.2606,226.77,delta,226.74,1,1
SPY,2017-02-17,PUT,2013-2017,2017-01-03,45,225.24,0.11244,8.893,1.779,218.22,220.0,23.19,169.903,,223.0,218.22,0.2462,215.86,delta,235.09,0,0
SPY,2017-02-17,CALL,2013-2017,2017-01-03,45,225.24,0.11244,8.893,1.779,227.0,228.78,35.72,8.34,,227.0,228.78,0.3478,231.83,delta,235.09,1,1
SPY,2017-03-17,PUT,2013-2017,2017-01-31,45,227.53,0.10756,8.593,1.719,224.28,226.0,17.18,71.167,0.463,225.0,224.28,0.3548,218.61,delta,237.03,0,0
SPY,2017-03-17,CALL,2013-2017,2017-01-31,45,227.53,0.10756,8.593,1.719,235.0,236.72,27.74,59.529,0.44,230.0,236.72,0.0943,233.67,banda,237.03,1,1
SPY,2017-04-21,PUT,2013-2017,2017-03-07,45,237.0,0.09781,8.139,1.628,228.37,230.0,23.24,322.938,0.425,230.0,228.37,0.2004,228.36,delta,234.59,0,0
SPY,2017-04-21,CALL,2013-2017,2017-03-07,45,237.0,0.09781,8.139,1.628,242.0,243.63,32.02,34.224,,242.0,243.63,0.1533,242.49,banda,234.59,0,0
SPY,2017-05-19,PUT,2013-2017,2017-04-04,45,235.48,0.10268,8.49,1.698,228.3,230.0,21.79,569.025,0.548,230.0,228.3,0.2211,226.97,delta,238.31,0,0
SPY,2017-05-19,CALL,2013-2017,2017-04-04,45,235.48,0.10268,8.49,1.698,241.0,242.7,29.06,4046.681,,242.0,242.7,0.1639,241.73,banda,238.31,0,0
SPY,2017-06-16,PUT,2013-2017,2017-05-02,45,238.77,0.09292,7.791,1.558,215.44,217.0,18.37,246.157,0.067,230.0,215.44,0.0523,230.37,banda,242.64,0,0
SPY,2017-06-16,CALL,2013-2017,2017-05-02,45,238.77,0.09292,7.791,1.558,240.0,241.56,29.8,38.684,,240.0,241.56,0.3656,244.38,delta,242.64,1,1
SPY,2017-07-21,PUT,2013-2017,2017-06-06,45,243.21,0.08804,7.519,1.504,237.5,239.0,17.82,210.373,,235.0,237.5,0.2665,235.06,delta,246.88,0,0
SPY,2017-07-21,CALL,2013-2017,2017-06-06,45,243.21,0.08804,7.519,1.504,247.0,248.5,39.34,24.411,,245.0,248.5,0.201,248.52,delta,246.88,0,0
SPY,2017-08-18,PUT,2013-2017,2017-07-03,46,242.21,0.09292,7.99,1.598,238.4,240.0,22.9,2682.56,0.529,235.0,238.4,0.3253,233.43,delta,242.71,0,0
SPY,2017-08-18,CALL,2013-2017,2017-07-03,46,242.21,0.09292,7.99,1.598,244.0,245.6,63.37,356.634,,245.0,245.6,0.3427,248.03,delta,242.71,0,1
SPY,2017-09-15,PUT,2013-2017,2017-08-01,45,247.32,0.08317,7.222,1.444,243.56,245.0,15.91,196.613,0.656,245.0,243.56,0.3148,239.3,delta,249.19,0,1
SPY,2017-09-15,CALL,2013-2017,2017-08-01,45,247.32,0.08317,7.222,1.444,249.0,250.44,58.29,75.848,,250.0,250.44,0.314,252.46,delta,249.19,0,0
SPY,2017-10-20,PUT,2013-2017,2017-09-05,45,246.06,0.09781,8.45,1.69,239.31,241.0,22.43,625.068,,240.0,239.31,0.2663,235.96,delta,257.11,0,0
SPY,2017-10-20,CALL,2013-2017,2017-09-05,45,246.06,0.09781,8.45,1.69,249.0,250.69,34.38,16.613,,249.0,250.69,0.2568,251.51,delta,257.11,1,1
SPY,2017-11-17,PUT,2013-2017,2017-10-03,45,252.86,0.07829,6.951,1.39,248.61,250.0,27.95,344.784,0.366,250.0,248.61,0.289,245.4,delta,257.86,0,0
SPY,2017-11-17,CALL,2013-2017,2017-10-03,45,252.86,0.07829,6.951,1.39,254.0,255.39,32.18,14.388,,255.0,255.39,0.3756,258.1,delta,257.86,1,1
SPY,2017-12-15,PUT,2013-2017,2017-10-31,45,257.15,0.08804,7.95,1.59,253.41,255.0,19.05,112.077,0.352,250.0,253.41,0.3311,247.91,delta,266.51,0,0
SPY,2017-12-15,CALL,2013-2017,2017-10-31,45,257.15,0.08804,7.95,1.59,259.0,260.59,33.75,25.827,,260.0,260.59,0.3263,262.68,delta,266.51,1,1
SPY,2018-01-19,PUT,2018-2025,2017-12-05,45,263.19,0.08804,8.136,1.627,254.37,256.0,15.62,56.532,0.787,260.0,254.37,0.2151,253.75,delta,280.41,0,0
SPY,2018-01-19,CALL,2018-2025,2017-12-05,45,263.19,0.08804,8.136,1.627,267.0,268.63,33.21,30.015,,268.0,268.63,0.2013,268.66,delta,280.41,1,1
SPY,2018-02-16,PUT,2018-2025,2018-01-02,45,268.77,0.07829,7.388,1.478,263.52,265.0,17.67,499.932,,265.0,263.52,0.27,260.64,delta,273.11,0,1
SPY,2018-02-16,CALL,2018-2025,2018-01-02,45,268.77,0.07829,7.388,1.478,272.0,273.48,32.94,7.972,,272.0,273.48,0.2467,274.44,delta,273.11,0,1
SPY,2018-03-16,PUT,2018-2025,2018-01-30,45,281.76,0.12707,12.571,2.514,274.49,277.0,20.8,58.001,,275.0,274.49,0.2908,268.83,delta,274.2,1,1
SPY,2018-03-16,CALL,2018-2025,2018-01-30,45,281.76,0.12707,12.571,2.514,285.0,287.51,30.1,82.524,,285.0,287.51,0.3272,291.14,delta,274.2,0,0
SPY,2018-04-20,PUT,2018-2025,2018-03-06,45,272.88,0.13683,13.11,2.622,267.38,270.0,21.52,418.914,0.33,270.0,267.38,0.3452,258.29,delta,266.61,1,1
SPY,2018-04-20,CALL,2018-2025,2018-03-06,45,272.88,0.13683,13.11,2.622,278.0,280.62,28.28,30.092,0.364,278.0,280.62,0.2598,282.82,delta,266.61,0,0
SPY,2018-05-18,PUT,2018-2025,2018-04-03,45,260.77,0.18073,16.548,3.31,249.69,253.0,33.29,457.556,0.244,250.0,249.69,0.2593,244.97,delta,271.33,0,0
SPY,2018-05-18,CALL,2018-2025,2018-04-03,45,260.77,0.18073,16.548,3.31,270.0,273.31,22.37,38.648,,280.0,273.31,0.207,273.67,delta,271.33,0,1
SPY,2018-06-15,PUT,2018-2025,2018-05-01,45,264.98,0.14171,13.184,2.637,259.36,262.0,24.92,119.3,0.344,260.0,259.36,0.3287,252.23,delta,277.13,0,1
SPY,2018-06-15,CALL,2018-2025,2018-05-01,45,264.98,0.14171,13.184,2.637,268.0,270.64,35.2,472.242,,270.0,270.64,0.3366,274.73,delta,277.13,1,1
SPY,2018-07-20,PUT,2018-2025,2018-06-05,45,275.1,0.10268,9.918,1.984,269.02,271.0,14.97,750.385,0.319,260.0,269.02,0.2906,264.69,delta,279.68,0,1
SPY,2018-07-20,CALL,2018-2025,2018-06-05,45,275.1,0.10268,9.918,1.984,279.0,280.98,33.95,3136.562,,280.0,280.98,0.2617,281.9,delta,279.68,0,1
SPY,2018-08-17,PUT,2018-2025,2018-07-03,45,270.9,0.12707,12.087,2.417,262.58,265.0,20.8,188.915,,265.0,262.58,0.2675,257.93,delta,285.06,0,0
SPY,2018-08-17,CALL,2018-2025,2018-07-03,45,270.9,0.12707,12.087,2.417,275.0,277.42,29.42,10.044,,277.0,277.42,0.2825,279.26,delta,285.06,1,1
SPY,2018-09-21,PUT,2018-2025,2018-08-07,45,285.58,0.09292,9.318,1.864,278.14,280.0,17.12,204.706,0.399,280.0,278.14,0.2424,276.35,delta,291.99,0,0
SPY,2018-09-21,CALL,2018-2025,2018-08-07,45,285.58,0.09292,9.318,1.864,290.0,291.86,29.14,3325.706,,290.0,291.86,0.2299,292.64,delta,291.99,1,1
SPY,2018-10-19,PUT,2018-2025,2018-09-04,45,289.81,0.09781,9.953,1.991,279.01,281.0,24.69,1000.043,,280.0,279.01,0.2016,278.93,delta,276.25,1,1
SPY,2018-10-19,CALL,2018-2025,2018-09-04,45,289.81,0.09781,9.953,1.991,299.0,300.99,28.91,71.277,0.234,300.0,300.99,0.1147,296.97,banda,276.25,0,0
SPY,2018-11-16,PUT,2018-2025,2018-10-02,45,291.56,0.10268,10.512,2.102,282.9,285.0,30.83,377.67,,285.0,282.9,0.2321,280.7,delta,273.73,1,1
SPY,2018-11-16,CALL,2018-2025,2018-10-02,45,291.56,0.10268,10.512,2.102,298.0,300.1,35.97,48.826,,300.0,300.1,0.189,299.76,banda,273.73,0,0
SPY,2018-12-21,PUT,2018-2025,2018-11-05,46,273.39,0.18561,18.014,3.603,259.4,263.0,20.55,77.628,,260.0,259.4,0.2273,256.83,delta,240.7,1,1
SPY,2018-12-21,CALL,2018-2025,2018-11-05,46,273.39,0.18561,18.014,3.603,277.0,280.6,26.6,34.32,0.521,277.0,280.6,0.3528,286.37,delta,240.7,0,1
SPY,2019-01-18,PUT,2018-2025,2018-12-04,45,270.25,0.18561,17.612,3.522,256.48,260.0,27.78,84.268,,260.0,256.48,0.2349,254.04,delta,266.46,0,1
SPY,2019-01-18,CALL,2018-2025,2018-12-04,45,270.25,0.18561,17.612,3.522,284.0,287.52,27.0,21.983,,285.0,287.52,0.1048,282.92,banda,266.46,0,0
SPY,2019-02-15,PUT,2018-2025,2018-12-31,46,249.92,0.22463,19.93,3.986,238.01,242.0,34.0,63.108,,240.0,238.01,0.2708,232.4,delta,277.37,0,0
SPY,2019-02-15,CALL,2018-2025,2018-12-31,46,249.92,0.22463,19.93,3.986,258.0,261.99,24.55,3.68,,260.0,261.99,0.2792,265.97,delta,277.37,1,1
SPY,2019-03-15,PUT,2018-2025,2019-01-29,45,263.41,0.17585,16.264,3.253,253.75,257.0,26.55,131.258,,255.0,253.75,0.2714,248.31,delta,281.31,0,0
SPY,2019-03-15,CALL,2018-2025,2019-01-29,45,263.41,0.17585,16.264,3.253,270.0,273.25,29.74,9.344,,270.0,273.25,0.257,275.45,delta,281.31,1,1
SPY,2019-04-18,PUT,2018-2025,2019-03-04,45,279.4,0.12219,11.987,2.397,269.6,272.0,21.83,167.491,,270.0,269.6,0.2386,266.9,delta,290.02,0,0
SPY,2019-04-18,CALL,2018-2025,2019-03-04,45,279.4,0.12219,11.987,2.397,284.0,286.4,45.13,9.968,,285.0,286.4,0.2327,287.33,delta,290.02,1,1
SPY,2019-05-17,PUT,2018-2025,2019-04-02,45,285.97,0.11732,11.78,2.356,279.64,282.0,17.06,404.465,0.585,280.0,279.64,0.2967,274.65,delta,285.84,0,0
SPY,2019-05-17,CALL,2018-2025,2019-04-02,45,285.97,0.11732,11.78,2.356,288.0,290.36,33.3,36.128,,290.0,290.36,0.374,294.96,delta,285.84,0,1
SPY,2019-06-21,PUT,2018-2025,2019-05-07,45,287.93,0.17097,17.285,3.457,276.54,280.0,20.27,22.285,,280.0,276.54,0.2617,271.43,delta,294.0,0,1
SPY,2019-06-21,CALL,2018-2025,2019-05-07,45,287.93,0.17097,17.285,3.457,297.0,300.46,32.69,8.896,,300.0,300.46,0.1837,299.83,banda,294.0,0,0
SPY,2019-07-19,PUT,2018-2025,2019-06-04,45,280.53,0.15146,14.919,2.984,274.02,277.0,24.09,220.911,0.439,275.0,274.02,0.327,265.84,delta,297.17,0,0
SPY,2019-07-19,CALL,2018-2025,2019-06-04,45,280.53,0.15146,14.919,2.984,285.0,287.98,26.22,17.668,,285.0,287.98,0.3011,291.09,delta,297.17,1,1
SPY,2019-08-16,PUT,2018-2025,2019-07-02,45,296.43,0.11244,11.703,2.341,284.66,287.0,19.97,204.051,,285.0,284.66,0.1994,284.69,banda,288.85,0,1
SPY,2019-08-16,CALL,2018-2025,2019-07-02,45,296.43,0.11244,11.703,2.341,300.0,302.34,36.98,4.677,,300.0,302.34,0.3207,305.76,delta,288.85,0,0
SPY,2019-09-20,PUT,2018-2025,2019-08-06,45,287.8,0.18073,18.263,3.653,281.35,285.0,24.83,62.934,,280.0,281.35,0.352,269.81,delta,298.28,0,0
SPY,2019-09-20,CALL,2018-2025,2019-08-06,45,287.8,0.18073,18.263,3.653,298.0,301.65,31.58,15.165,,300.0,301.65,0.1557,300.18,banda,298.28,0,1
SPY,2019-10-18,PUT,2018-2025,2019-09-04,44,294.04,0.15146,15.463,3.093,279.91,283.0,19.04,66.459,,280.0,279.91,0.2275,277.26,delta,297.97,0,0
SPY,2019-10-18,CALL,2018-2025,2019-09-04,44,294.04,0.15146,15.463,3.093,300.0,303.09,33.93,4.531,,300.0,303.09,0.2427,303.98,delta,297.97,0,0
SPY,2019-11-15,PUT,2018-2025,2019-10-01,45,293.24,0.17097,17.604,3.521,286.48,290.0,29.34,85.141,,290.0,286.48,0.3384,276.26,delta,311.79,0,1
SPY,2019-11-15,CALL,2018-2025,2019-10-01,45,293.24,0.17097,17.604,3.521,300.0,303.52,32.97,6.788,,300.0,303.52,0.2514,305.01,delta,311.79,1,1
SPY,2019-12-20,PUT,2018-2025,2019-11-05,45,307.03,0.12219,13.173,2.635,287.37,290.0,14.16,47.013,0.358,290.0,287.37,0.1346,292.99,banda,320.73,0,0
SPY,2019-12-20,CALL,2018-2025,2019-11-05,45,307.03,0.12219,13.173,2.635,310.0,312.63,48.28,14.297,0.133,310.0,312.63,0.3336,316.66,delta,320.73,1,1
SPY,2020-01-17,PUT,2018-2025,2019-12-03,45,309.55,0.1417,15.402,3.08,299.92,303.0,24.0,88.528,,302.0,299.92,0.2885,293.04,delta,331.95,0,0
SPY,2020-01-17,CALL,2018-2025,2019-12-03,45,309.55,0.1417,15.402,3.08,312.0,315.08,47.78,10.372,,315.0,315.08,0.3505,319.91,delta,331.95,1,1
SPY,2020-02-21,PUT,2018-2025,2020-01-07,45,322.73,0.12219,13.846,2.769,317.23,320.0,20.7,92.082,0.228,320.0,317.23,0.3394,308.79,delta,333.48,0,0
SPY,2020-02-21,CALL,2018-2025,2020-01-07,45,322.73,0.12219,13.846,2.769,330.0,332.77,40.91,8.712,,330.0,332.77,0.194,332.54,banda,333.48,1,1
SPY,2020-03-20,PUT,2018-2025,2020-02-04,45,329.06,0.14658,16.936,3.387,311.61,315.0,18.91,21.833,,320.0,311.61,0.1902,312.35,banda,228.8,1,1
SPY,2020-03-20,CALL,2018-2025,2020-02-04,45,329.06,0.14658,16.936,3.387,332.0,335.39,40.34,11.137,,335.0,335.39,0.3533,341.05,delta,228.8,0,1
SPY,2020-04-17,PUT,2018-2025,2020-03-03,45,300.24,0.30268,31.908,6.382,283.62,290.0,36.61,113.072,,290.0,283.62,0.2969,270.25,delta,286.64,0,1
SPY,2020-04-17,CALL,2018-2025,2020-03-03,45,300.24,0.30268,31.908,6.382,319.0,325.38,28.38,3.134,0.406,320.0,325.38,0.14,321.48,banda,286.64,0,0
SPY,2020-05-15,PUT,2018-2025,2020-03-31,45,257.75,0.43926,39.753,7.951,214.05,222.0,16.06,3.807,0.408,250.0,214.05,0.1648,221.39,banda,286.28,0,0
SPY,2020-05-15,CALL,2018-2025,2020-03-31,45,257.75,0.43926,39.753,7.951,265.0,272.95,26.95,9.955,,280.0,272.95,0.3519,284.94,delta,286.28,1,1
SPY,2020-06-19,PUT,2018-2025,2020-05-05,45,286.19,0.30268,30.415,6.083,273.92,280.0,26.55,13.546,,280.0,273.92,0.3397,257.11,delta,308.64,0,1
SPY,2020-06-19,CALL,2018-2025,2020-05-05,45,286.19,0.30268,30.415,6.083,294.0,300.08,45.23,18.437,,300.0,300.08,0.301,306.33,delta,308.64,1,1
SPY,2020-07-17,PUT,2018-2025,2020-06-02,45,308.08,0.21975,23.771,4.754,287.25,292.0,17.2,14.823,0.294,290.0,287.25,0.235,282.93,delta,321.72,0,0
SPY,2020-07-17,CALL,2018-2025,2020-06-02,45,308.08,0.21975,23.771,4.754,318.0,322.75,33.97,22.767,,320.0,322.75,0.2285,324.66,delta,321.72,0,1
SPY,2020-08-21,PUT,2018-2025,2020-07-07,45,313.78,0.24902,27.436,5.487,299.51,305.0,23.06,7.577,0.441,300.0,299.51,0.3044,286.79,delta,339.48,0,0
SPY,2020-08-21,CALL,2018-2025,2020-07-07,45,313.78,0.24902,27.436,5.487,330.0,335.49,33.46,6.47,,320.0,335.49,0.1673,333.37,banda,339.48,1,1
SPY,2020-09-18,PUT,2018-2025,2020-08-04,45,330.06,0.20024,23.206,4.641,309.36,314.0,18.56,18.439,0.465,310.0,309.36,0.2311,305.49,delta,330.65,0,0
SPY,2020-09-18,CALL,2018-2025,2020-08-04,45,330.06,0.20024,23.206,4.641,336.0,340.64,30.05,14.599,0.283,340.0,340.64,0.3109,346.77,delta,330.65,0,1
SPY,2020-10-16,PUT,2018-2025,2020-09-01,45,352.6,0.20024,24.791,4.958,317.04,322.0,14.07,13.942,0.572,320.0,317.04,0.1561,325.52,banda,347.29,0,0
SPY,2020-10-16,CALL,2018-2025,2020-09-01,45,352.6,0.20024,24.791,4.958,359.0,363.96,28.05,5.069,,365.0,363.96,0.3099,371.27,delta,347.29,0,0
SPY,2020-11-20,PUT,2018-2025,2020-10-06,45,334.93,0.26853,31.58,6.316,314.68,321.0,28.55,38.041,0.203,315.0,314.68,0.2688,305.36,delta,355.33,0,0
SPY,2020-11-20,CALL,2018-2025,2020-10-06,45,334.93,0.26853,31.58,6.316,344.0,350.32,41.39,9.164,,350.0,350.32,0.3031,358.24,delta,355.33,1,1
SPY,2020-12-18,PUT,2018-2025,2020-11-03,45,336.03,0.28804,33.985,6.797,319.2,326.0,20.03,20.22,0.185,320.0,319.2,0.3142,302.63,delta,369.18,0,0
SPY,2020-12-18,CALL,2018-2025,2020-11-03,45,336.03,0.28804,33.985,6.797,359.0,365.8,38.25,22.359,0.408,363.0,365.8,0.1329,359.69,banda,369.18,1,1
SPY,2021-01-15,PUT,2018-2025,2020-12-01,45,366.02,0.18561,23.854,4.771,339.23,344.0,15.04,24.452,0.467,340.0,339.23,0.1867,341.39,banda,375.7,0,0
SPY,2021-01-15,CALL,2018-2025,2020-12-01,45,366.02,0.18561,23.854,4.771,370.0,374.77,36.64,19.724,0.398,370.0,374.77,0.3494,383.36,delta,375.7,1,1
SPY,2021-02-19,PUT,2018-2025,2021-01-05,45,371.33,0.20024,26.108,5.222,349.78,355.0,21.06,9.279,,350.0,349.78,0.2405,344.57,delta,390.03,0,0
SPY,2021-02-19,CALL,2018-2025,2021-01-05,45,371.33,0.20024,26.108,5.222,380.0,385.22,67.84,34.029,0.106,380.0,385.22,0.2781,390.12,delta,390.03,1,1
SPY,2021-03-19,PUT,2018-2025,2021-02-02,45,381.55,0.21,28.134,5.627,359.37,365.0,22.54,65.835,,360.0,359.37,0.2472,352.25,delta,389.48,0,0
SPY,2021-03-19,CALL,2018-2025,2021-02-02,45,381.55,0.21,28.134,5.627,395.0,400.63,47.07,11.691,,397.0,400.63,0.2174,402.09,delta,389.48,0,0
SPY,2021-04-16,PUT,2018-2025,2021-03-02,45,386.54,0.19049,25.853,5.171,369.83,375.0,25.19,11.679,,370.0,369.83,0.2911,357.76,delta,417.26,0,0
SPY,2021-04-16,CALL,2018-2025,2021-03-02,45,386.54,0.19049,25.853,5.171,405.0,410.17,53.84,18.543,,410.0,410.17,0.1384,404.84,banda,417.26,1,1
SPY,2021-05-21,PUT,2018-2025,2021-04-06,45,406.12,0.1417,20.206,4.041,389.96,394.0,18.76,30.633,,385.0,389.96,0.2505,383.76,delta,414.94,0,0
SPY,2021-05-21,CALL,2018-2025,2021-04-06,45,406.12,0.1417,20.206,4.041,420.0,424.04,26.73,2.589,0.719,420.0,424.04,0.1628,421.48,banda,414.94,0,0
SPY,2021-06-18,PUT,2018-2025,2021-05-04,45,415.62,0.16121,23.527,4.705,389.29,394.0,16.78,17.387,,400.0,389.29,0.1968,389.66,banda,414.92,0,0
SPY,2021-06-18,CALL,2018-2025,2021-05-04,45,415.62,0.16121,23.527,4.705,426.0,430.71,28.18,5.505,,430.0,430.71,0.2283,432.27,delta,414.92,0,0
SPY,2021-07-16,PUT,2018-2025,2021-06-01,45,419.67,0.13683,20.162,4.032,411.97,416.0,20.59,33.392,0.378,400.0,411.97,0.3608,396.56,delta,431.34,0,0
SPY,2021-07-16,CALL,2018-2025,2021-06-01,45,419.67,0.13683,20.162,4.032,423.0,427.03,43.43,34.805,,425.0,427.03,0.3377,434.09,delta,431.34,1,1
SPY,2021-08-20,PUT,2018-2025,2021-07-06,45,432.93,0.12219,18.574,3.715,397.29,401.0,11.13,13.587,0.365,400.0,397.29,0.1215,411.29,banda,443.36,0,0
SPY,2021-08-20,CALL,2018-2025,2021-07-06,45,432.93,0.12219,18.574,3.715,437.0,440.71,47.03,191.722,,440.0,440.71,0.3225,446.62,delta,443.36,1,1
SPY,2021-09-17,PUT,2018-2025,2021-08-03,45,441.15,0.14171,21.95,4.39,418.61,423.0,15.92,26.72,0.511,420.0,418.61,0.2169,415.78,delta,441.4,0,0
SPY,2021-09-17,CALL,2018-2025,2021-08-03,45,441.15,0.14171,21.95,4.39,450.0,454.39,56.82,177.894,,450.0,454.39,0.2123,455.1,delta,441.4,0,0
SPY,2021-10-15,PUT,2018-2025,2021-08-31,45,451.56,0.12219,19.374,3.875,443.13,447.0,18.88,42.626,0.265,445.0,443.13,0.351,427.83,delta,445.87,0,1
SPY,2021-10-15,CALL,2018-2025,2021-08-31,45,451.56,0.12219,19.374,3.875,457.0,460.87,35.19,17.343,0.293,460.0,460.87,0.2925,464.42,delta,445.87,0,0
SPY,2021-11-19,PUT,2018-2025,2021-10-05,45,433.1,0.18073,27.484,5.497,414.5,420.0,23.59,23.199,,415.0,414.5,0.2714,405.0,delta,468.89,0,0
SPY,2021-11-19,CALL,2018-2025,2021-10-05,45,433.1,0.18073,27.484,5.497,445.0,450.5,31.43,23.352,,460.0,450.5,0.2223,451.51,delta,468.89,1,1
SPY,2021-12-17,PUT,2018-2025,2021-11-02,45,461.9,0.13683,22.191,4.438,443.56,448.0,15.21,46.524,,445.0,443.56,0.2509,436.48,delta,459.87,0,0
SPY,2021-12-17,CALL,2018-2025,2021-11-02,45,461.9,0.13683,22.191,4.438,469.0,473.44,35.62,21.286,,475.0,473.44,0.2645,476.49,delta,459.87,0,1
SPY,2022-01-21,PUT,2018-2025,2021-12-07,45,468.28,0.16609,27.31,5.462,439.54,445.0,14.4,13.571,,450.0,439.54,0.2127,437.9,delta,437.98,1,1
SPY,2022-01-21,CALL,2018-2025,2021-12-07,45,468.28,0.16609,27.31,5.462,475.0,480.46,40.38,47.118,,480.0,480.46,0.2984,487.48,delta,437.98,0,0
SPY,2022-02-18,PUT,2018-2025,2022-01-04,45,477.55,0.13195,22.125,4.425,450.57,455.0,17.16,18.484,0.496,454.0,450.57,0.1939,452.46,banda,434.23,1,1
SPY,2022-02-18,CALL,2018-2025,2022-01-04,45,477.55,0.13195,22.125,4.425,486.0,490.43,34.85,29.733,,490.0,490.43,0.2574,494.12,delta,434.23,0,0
SPY,2022-03-18,PUT,2018-2025,2022-02-01,45,452.95,0.18561,29.519,5.904,434.1,440.0,16.65,10.99,,440.0,434.1,0.2846,422.47,delta,444.52,0,1
SPY,2022-03-18,CALL,2018-2025,2022-02-01,45,452.95,0.18561,29.519,5.904,465.0,470.9,33.86,33.387,,470.0,470.9,0.2412,474.41,delta,444.52,0,0
SPY,2022-04-14,PUT,2018-2025,2022-02-28,45,436.63,0.23927,36.682,7.336,418.66,426.0,17.83,2.864,0.425,350.0,418.66,0.3173,400.06,delta,437.79,0,1
SPY,2022-04-14,CALL,2018-2025,2022-02-28,45,436.63,0.23927,36.682,7.336,450.0,457.34,26.36,12.75,,465.0,457.34,0.2554,461.81,delta,437.79,0,1
SPY,2022-05-20,PUT,2018-2025,2022-04-05,45,451.03,0.17585,27.849,5.57,429.43,435.0,18.88,6.145,,420.0,429.43,0.2483,421.9,delta,389.63,1,1
SPY,2022-05-20,CALL,2018-2025,2022-04-05,45,451.03,0.17585,27.849,5.57,460.0,465.57,33.06,122.099,,470.0,465.57,0.287,471.09,delta,389.63,0,0
SPY,2022-06-17,PUT,2018-2025,2022-05-03,45,416.38,0.25877,37.832,7.566,392.43,400.0,25.69,25.541,,400.0,392.43,0.2668,381.62,delta,365.86,1,1
SPY,2022-06-17,CALL,2018-2025,2022-05-03,45,416.38,0.25877,37.832,7.566,443.0,450.57,20.9,11.353,0.711,450.0,450.57,0.1271,443.59,banda,365.86,0,0
SPY,2022-07-15,PUT,2018-2025,2022-05-31,45,412.93,0.23439,33.983,6.797,389.2,396.0,23.12,6.799,,400.0,389.2,0.258,380.6,delta,385.13,1,1
SPY,2022-07-15,CALL,2018-2025,2022-05-31,45,412.93,0.23439,33.983,6.797,430.0,436.8,30.75,15.951,,435.0,436.8,0.2144,438.27,delta,385.13,0,0
SPY,2022-08-19,PUT,2018-2025,2022-07-05,45,381.96,0.25389,34.051,6.81,354.19,361.0,27.09,9.005,0.423,360.0,354.19,0.214,352.38,delta,422.14,0,0
SPY,2022-08-19,CALL,2018-2025,2022-07-05,45,381.96,0.25389,34.051,6.81,389.0,395.81,22.66,31.675,,400.0,395.81,0.3468,408.32,delta,422.14,1,1
SPY,2022-09-16,PUT,2018-2025,2022-08-02,45,408.06,0.21975,31.486,6.297,384.7,391.0,20.74,12.388,0.524,400.0,384.7,0.2411,378.73,delta,385.56,0,1
SPY,2022-09-16,CALL,2018-2025,2022-08-02,45,408.06,0.21975,31.486,6.297,419.0,425.3,36.88,146.382,,420.0,425.3,0.2827,432.56,delta,385.56,0,1
SPY,2022-10-21,PUT,2018-2025,2022-09-06,45,390.76,0.23926,32.828,6.566,368.43,375.0,27.98,17.08,,375.0,368.43,0.2544,360.84,delta,374.29,0,1
SPY,2022-10-21,CALL,2018-2025,2022-09-06,45,390.76,0.23926,32.828,6.566,414.0,420.57,33.81,17.037,,420.0,420.57,0.1533,415.51,banda,374.29,0,0
SPY,2022-11-18,PUT,2018-2025,2022-10-04,45,377.97,0.25877,34.342,6.868,353.13,360.0,31.12,7.521,,360.0,353.13,0.2301,348.46,delta,396.03,0,1
SPY,2022-11-18,CALL,2018-2025,2022-10-04,45,377.97,0.25877,34.342,6.868,384.0,390.87,24.75,13.154,,420.0,390.87,0.3774,407.15,delta,396.03,1,1
SPY,2022-12-16,PUT,2018-2025,2022-11-01,45,384.52,0.25877,34.938,6.988,363.01,370.0,27.71,11.223,,370.0,363.01,0.2493,356.3,delta,383.27,0,0
SPY,2022-12-16,CALL,2018-2025,2022-11-01,45,384.52,0.25877,34.938,6.988,395.0,401.99,27.54,25.156,,400.0,401.99,0.3214,413.61,delta,383.27,0,1
SPY,2023-01-20,PUT,2018-2025,2022-12-06,45,393.83,0.21487,29.714,5.943,379.06,385.0,37.57,34.059,0.137,380.0,379.06,0.29,369.03,delta,395.88,0,1
SPY,2023-01-20,CALL,2018-2025,2022-12-06,45,393.83,0.21487,29.714,5.943,410.0,415.94,36.3,250.592,,415.0,415.94,0.2252,417.54,delta,395.88,0,0
SPY,2023-02-17,PUT,2018-2025,2023-01-03,45,380.82,0.22463,30.036,6.007,359.99,366.0,31.15,16.072,,375.0,359.99,0.2272,357.06,delta,407.26,0,0
SPY,2023-02-17,CALL,2018-2025,2023-01-03,45,380.82,0.22463,30.036,6.007,394.0,400.01,21.64,8.367,,410.0,400.01,0.2782,405.94,delta,407.26,1,1
SPY,2023-03-17,PUT,2018-2025,2023-01-31,45,406.48,0.18073,25.794,5.159,379.84,385.0,22.05,21.722,0.493,380.0,379.84,0.1717,384.1,banda,389.99,0,0
SPY,2023-03-17,CALL,2018-2025,2023-01-31,45,406.48,0.18073,25.794,5.159,415.0,420.16,39.23,172.501,,420.0,420.16,0.3102,427.97,delta,389.99,0,0
SPY,2023-04-21,PUT,2018-2025,2023-03-07,45,398.27,0.18561,25.955,5.191,384.81,390.0,30.79,21.152,,390.0,384.81,0.2811,376.45,delta,412.2,0,1
SPY,2023-04-21,CALL,2018-2025,2023-03-07,45,398.27,0.18561,25.955,5.191,405.0,410.19,30.24,70.154,0.543,405.0,410.19,0.3471,419.45,delta,412.2,1,1
SPY,2023-05-19,PUT,2018-2025,2023-04-04,45,408.67,0.17097,24.533,4.907,386.09,391.0,20.83,6.75,0.517,400.0,386.09,0.1872,387.42,banda,418.62,0,0
SPY,2023-05-19,CALL,2018-2025,2023-04-04,45,408.67,0.17097,24.533,4.907,415.0,419.91,26.41,58.997,,415.0,419.91,0.356,429.24,delta,418.62,0,1
SPY,2023-06-16,PUT,2018-2025,2023-05-02,45,410.84,0.16609,23.96,4.792,395.21,400.0,19.5,25.711,,400.0,395.21,0.2509,388.46,delta,439.46,0,0
SPY,2023-06-16,CALL,2018-2025,2023-05-02,45,410.84,0.16609,23.96,4.792,416.0,420.79,30.76,1746.244,0.599,420.0,420.79,0.3596,428.89,delta,439.46,1,1
SPY,2023-07-21,PUT,2018-2025,2023-06-06,45,428.03,0.11732,17.631,3.526,396.47,400.0,15.47,10.923,0.281,415.0,396.47,0.1017,411.33,banda,452.18,0,0
SPY,2023-07-21,CALL,2018-2025,2023-06-06,45,428.03,0.11732,17.631,3.526,432.0,435.53,40.45,3049.776,,435.0,435.53,0.386,442.98,delta,452.18,1,1
SPY,2023-08-18,PUT,2018-2025,2023-07-03,46,443.79,0.12219,19.251,3.85,417.15,421.0,17.63,10.351,0.241,420.0,417.15,0.1219,428.66,banda,436.5,0,0
SPY,2023-08-18,CALL,2018-2025,2023-07-03,46,443.79,0.12219,19.251,3.85,452.0,455.85,40.03,39.78,,455.0,455.85,0.2941,460.89,delta,436.5,0,1
SPY,2023-09-15,PUT,2018-2025,2023-08-01,45,456.48,0.12707,20.367,4.073,426.93,431.0,16.64,18.925,0.548,440.0,426.93,0.117,440.0,banda,443.37,0,0
SPY,2023-09-15,CALL,2018-2025,2023-08-01,45,456.48,0.12707,20.367,4.073,460.0,464.07,47.35,414.078,,460.0,464.07,0.4084,473.96,delta,443.37,0,0
SPY,2023-10-20,PUT,2018-2025,2023-09-05,45,449.24,0.12219,19.275,3.855,426.15,430.0,17.13,15.51,0.175,430.0,426.15,0.1542,431.85,banda,421.19,1,1
SPY,2023-10-20,CALL,2018-2025,2023-09-05,45,449.24,0.12219,19.275,3.855,453.0,456.85,27.73,79.872,,455.0,456.85,0.3952,465.04,delta,421.19,0,0
SPY,2023-11-17,PUT,2018-2025,2023-10-03,45,421.59,0.17585,26.031,5.206,404.79,410.0,37.12,39.75,,400.0,404.79,0.2398,399.92,delta,450.79,0,0
SPY,2023-11-17,CALL,2018-2025,2023-10-03,45,421.59,0.17585,26.031,5.206,435.0,440.21,26.94,4.505,,440.0,440.21,0.2539,444.43,delta,450.79,1,1
SPY,2023-12-15,PUT,2018-2025,2023-10-31,45,418.2,0.17097,25.106,5.021,394.98,400.0,25.85,16.227,,400.0,394.98,0.1839,396.7,banda,469.33,0,0
SPY,2023-12-15,CALL,2018-2025,2023-10-31,45,418.2,0.17097,25.106,5.021,430.0,435.02,25.51,74.121,,430.0,435.02,0.2625,438.17,delta,469.33,1,1
SPY,2024-01-19,PUT,2018-2025,2023-12-05,45,456.6,0.11732,18.808,3.762,436.24,440.0,15.87,29.613,,440.0,436.24,0.1568,441.3,banda,482.43,0,0
SPY,2024-01-19,CALL,2018-2025,2023-12-05,45,456.6,0.11732,18.808,3.762,460.0,463.76,38.7,823.283,0.449,460.0,463.76,0.4085,472.85,delta,482.43,1,1
SPY,2024-02-16,PUT,2018-2025,2024-01-02,45,472.65,0.12219,20.278,4.056,447.94,452.0,23.56,14.88,0.337,450.0,447.94,0.1372,456.82,banda,499.51,0,0
SPY,2024-02-16,CALL,2018-2025,2024-01-02,45,472.65,0.12219,20.278,4.056,491.0,495.06,30.8,4.005,0.404,495.0,495.06,0.1391,490.75,banda,499.51,1,1
SPY,2024-03-15,PUT,2018-2025,2024-01-30,45,490.89,0.11732,20.221,4.044,448.96,453.0,11.57,4.446,0.471,460.0,448.96,0.0619,474.44,banda,509.83,0,0
SPY,2024-03-15,CALL,2018-2025,2024-01-30,45,490.89,0.11732,20.221,4.044,494.0,498.04,48.29,147.112,,494.0,498.04,0.4203,509.69,delta,509.83,1,1
SPY,2024-04-19,PUT,2018-2025,2024-03-05,45,507.18,0.12219,21.761,4.352,481.65,486.0,14.42,9.189,0.617,485.0,481.65,0.1453,488.87,banda,495.16,0,0
SPY,2024-04-19,CALL,2018-2025,2024-03-05,45,507.18,0.12219,21.761,4.352,512.0,516.35,26.32,1.467,,520.0,516.35,0.3945,527.78,delta,495.16,0,1
SPY,2024-05-17,PUT,2018-2025,2024-04-02,45,518.84,0.13195,24.038,4.808,495.19,500.0,19.21,11.616,0.404,500.0,495.19,0.1637,500.18,banda,529.45,0,1
SPY,2024-05-17,CALL,2018-2025,2024-04-02,45,518.84,0.13195,24.038,4.808,523.0,527.81,28.38,2.03,0.481,540.0,527.81,0.4111,540.36,delta,529.45,1,1
SPY,2024-06-21,PUT,2018-2025,2024-05-07,45,517.14,0.12707,23.073,4.615,496.39,501.0,17.21,16.439,,500.0,496.39,0.1787,499.82,banda,544.51,0,0
SPY,2024-06-21,CALL,2018-2025,2024-05-07,45,517.14,0.12707,23.073,4.615,521.0,525.61,29.06,4.969,,525.0,525.61,0.4108,538.56,delta,544.51,1,1
SPY,2024-07-19,PUT,2018-2025,2024-06-04,45,528.39,0.11243,20.86,4.172,499.83,504.0,29.89,23.365,,500.0,499.83,0.1301,510.69,banda,548.99,0,0
SPY,2024-07-19,CALL,2018-2025,2024-06-04,45,528.39,0.11243,20.86,4.172,532.0,536.17,27.12,5.111,,540.0,536.17,0.4187,546.97,delta,548.99,1,1
SPY,2024-08-16,PUT,2018-2025,2024-07-02,45,549.01,0.10756,20.734,4.147,516.85,521.0,20.46,10.337,0.331,520.0,516.85,0.0994,532.07,banda,554.31,0,1
SPY,2024-08-16,CALL,2018-2025,2024-07-02,45,549.01,0.10756,20.734,4.147,556.0,560.15,35.17,3.226,,560.0,560.15,0.3454,568.32,delta,554.31,0,1
SPY,2024-09-20,PUT,2018-2025,2024-08-06,45,522.15,0.21487,39.395,7.879,508.12,516.0,21.71,39.862,,510.0,508.12,0.3329,486.81,delta,568.25,0,0
SPY,2024-09-20,CALL,2018-2025,2024-08-06,45,522.15,0.21487,39.395,7.879,543.0,550.88,24.62,3.022,,550.0,550.88,0.2114,552.12,delta,568.25,1,1
SPY,2024-10-18,PUT,2018-2025,2024-09-03,45,552.08,0.15146,29.36,5.872,534.13,540.0,20.21,124.124,,540.0,534.13,0.2657,523.12,delta,584.59,0,0
SPY,2024-10-18,CALL,2018-2025,2024-09-03,45,552.08,0.15146,29.36,5.872,560.0,565.87,34.23,3.077,,560.0,565.87,0.3459,574.98,delta,584.59,1,1
SPY,2024-11-15,PUT,2018-2025,2024-10-01,45,568.62,0.17097,34.135,6.827,554.17,561.0,22.8,4.966,0.36,560.0,554.17,0.306,537.65,delta,585.75,0,0
SPY,2024-11-15,CALL,2018-2025,2024-10-01,45,568.62,0.17097,34.135,6.827,574.0,580.83,48.35,4.834,,580.0,580.83,0.3971,595.4,delta,585.75,1,1
SPY,2024-12-20,PUT,2018-2025,2024-11-05,45,576.7,0.16122,32.646,6.529,536.47,543.0,19.37,12.303,,540.0,536.47,0.1462,548.16,banda,591.15,0,0
SPY,2024-12-20,CALL,2018-2025,2024-11-05,45,576.7,0.16122,32.646,6.529,610.0,616.53,35.3,17.182,0.334,615.0,616.53,0.0993,603.86,banda,591.15,0,0
SPY,2025-01-17,PUT,2018-2025,2024-12-03,45,603.91,0.10756,22.808,4.562,567.44,572.0,17.39,12.8,0.252,600.0,567.44,0.1097,583.14,banda,597.58,0,0
SPY,2025-01-17,CALL,2018-2025,2024-12-03,45,603.91,0.10756,22.808,4.562,611.0,615.56,29.98,333.804,,615.0,615.56,0.346,624.58,delta,597.58,0,0
SPY,2025-02-21,PUT,2018-2025,2025-01-07,45,588.63,0.14658,30.295,6.059,564.94,571.0,24.55,10.773,,580.0,564.94,0.2109,562.13,delta,599.94,0,0
SPY,2025-02-21,CALL,2018-2025,2025-01-07,45,588.63,0.14658,30.295,6.059,609.0,615.06,27.33,14.642,0.608,615.0,615.06,0.19,614.11,banda,599.94,0,0
SPY,2025-03-21,PUT,2018-2025,2025-02-04,45,601.78,0.14171,29.942,5.988,569.01,575.0,19.77,14.406,,560.0,569.01,0.1708,576.09,banda,563.98,1,1
SPY,2025-03-21,CALL,2018-2025,2025-02-04,45,601.78,0.14171,29.942,5.988,615.0,620.99,47.58,33.466,,620.0,620.99,0.2608,625.93,delta,563.98,0,0
SPY,2025-04-17,PUT,2018-2025,2025-03-03,45,583.77,0.18073,37.045,7.409,557.59,565.0,25.08,29.202,,560.0,557.59,0.2412,550.19,delta,526.41,1,1
SPY,2025-04-17,CALL,2018-2025,2025-03-03,45,583.77,0.18073,37.045,7.409,605.0,612.41,26.29,6.394,,610.0,612.41,0.2032,612.75,delta,526.41,0,0
SPY,2025-05-16,PUT,2018-2025,2025-04-01,45,560.97,0.19048,37.519,7.504,547.5,555.0,22.57,27.88,,550.0,547.5,0.3239,528.7,delta,594.2,0,1
SPY,2025-05-16,CALL,2018-2025,2025-04-01,45,560.97,0.19048,37.519,7.504,574.0,581.5,23.77,11.471,0.566,600.0,581.5,0.2977,589.57,delta,594.2,1,1
SPY,2025-06-20,PUT,2018-2025,2025-05-06,45,558.8,0.21487,42.16,8.432,536.57,545.0,19.4,7.309,0.668,540.0,536.57,0.2847,521.24,delta,594.28,0,0
SPY,2025-06-20,CALL,2018-2025,2025-05-06,45,558.8,0.21487,42.16,8.432,573.0,581.43,36.81,20.186,0.249,580.0,581.43,0.2938,590.15,delta,594.28,1,1
SPY,2025-07-18,PUT,2018-2025,2025-06-03,45,596.09,0.15146,31.701,6.34,563.66,570.0,20.93,6.272,0.279,565.0,563.66,0.1927,566.24,banda,627.58,0,0
SPY,2025-07-18,CALL,2018-2025,2025-06-03,45,596.09,0.15146,31.701,6.34,609.0,615.34,44.75,27.863,,615.0,615.34,0.276,621.89,delta,627.58,1,1
SPY,2025-08-15,PUT,2018-2025,2025-07-01,45,617.65,0.1417,30.731,6.146,593.85,600.0,22.7,24.643,,600.0,593.85,0.2315,589.76,delta,643.44,0,0
SPY,2025-08-15,CALL,2018-2025,2025-07-01,45,617.65,0.1417,30.731,6.146,625.0,631.15,45.75,1382.277,,630.0,631.15,0.3718,644.42,delta,643.44,1,1
SPY,2025-09-19,PUT,2018-2025,2025-08-05,45,627.97,0.14658,32.32,6.464,599.54,606.0,24.03,9.28,0.403,600.0,599.54,0.2101,598.11,delta,663.7,0,0
SPY,2025-09-19,CALL,2018-2025,2025-08-05,45,627.97,0.14658,32.32,6.464,640.0,646.46,36.68,308.738,,640.0,646.46,0.2985,653.71,delta,663.7,1,1
SPY,2025-10-17,PUT,2018-2025,2025-09-02,45,640.27,0.1417,31.856,6.371,624.63,631.0,24.25,9.7,,630.0,624.63,0.2917,609.83,delta,664.39,0,0
SPY,2025-10-17,CALL,2018-2025,2025-09-02,45,640.27,0.1417,31.856,6.371,654.0,660.37,42.67,4.644,,660.0,660.37,0.265,664.64,delta,664.39,1,1
SPY,2025-11-21,PUT,2018-2025,2025-10-07,45,669.12,0.14658,34.438,6.888,633.11,640.0,20.96,6.942,,650.0,633.11,0.1747,638.8,banda,659.03,0,0
SPY,2025-11-21,CALL,2018-2025,2025-10-07,45,669.12,0.14658,34.438,6.888,680.0,686.89,29.99,4.811,,680.0,686.89,0.3324,697.88,delta,659.03,0,1
QQQ,2013-02-16,PUT,2013-2017,2013-01-02,45,67.2,0.16122,3.804,0.761,63.24,64.0,26.61,93.817,1.0,64.0,63.24,0.1735,63.66,banda,67.75,0,0
QQQ,2013-02-16,CALL,2013-2017,2013-01-02,45,67.2,0.16122,3.804,0.761,68.0,68.76,38.0,205.457,,68.0,68.76,0.3355,70.2,delta,67.75,0,0
QQQ,2013-03-16,PUT,2013-2017,2013-01-30,45,67.02,0.1417,3.335,0.667,65.33,66.0,27.42,937.435,,66.0,65.33,0.3068,64.01,delta,68.51,0,0
QQQ,2013-03-16,CALL,2013-2017,2013-01-30,45,67.02,0.1417,3.335,0.667,70.0,70.67,34.41,91.824,,70.0,70.67,0.1161,69.59,banda,68.51,0,0
QQQ,2013-04-20,PUT,2013-2017,2013-03-06,45,68.51,0.13194,3.174,0.635,66.37,67.0,24.63,244.73,,67.0,66.37,0.2747,65.29,delta,68.09,0,0
QQQ,2013-04-20,CALL,2013-2017,2013-03-06,45,68.51,0.13194,3.174,0.635,69.0,69.63,38.97,82.547,,69.0,69.63,0.3535,70.75,delta,68.09,0,1
QQQ,2013-05-18,PUT,2013-2017,2013-04-03,45,68.41,0.1417,3.404,0.681,64.32,65.0,43.85,206.046,1.0,65.0,64.32,0.1547,65.18,banda,74.3,0,0
QQQ,2013-05-18,CALL,2013-2017,2013-04-03,45,68.41,0.1417,3.404,0.681,69.0,69.68,41.96,18.969,,69.0,69.68,0.3472,71.0,delta,74.3,1,1
QQQ,2013-06-22,PUT,2013-2017,2013-05-08,45,72.71,0.13194,3.369,0.674,71.33,72.0,19.63,414.211,,72.0,71.33,0.3475,69.42,delta,70.43,1,1
QQQ,2013-06-22,CALL,2013-2017,2013-05-08,45,72.71,0.13194,3.369,0.674,75.0,75.67,50.17,124.16,,75.0,75.67,0.1709,75.4,banda,70.43,0,0
QQQ,2013-07-20,PUT,2013-2017,2013-06-05,45,72.05,0.16121,4.078,0.816,69.18,70.0,32.51,197.599,,70.0,69.18,0.2597,68.09,delta,74.59,0,1
QQQ,2013-07-20,CALL,2013-2017,2013-06-05,45,72.05,0.16121,4.078,0.816,75.0,75.82,42.5,43.992,,75.0,75.82,0.1429,75.0,banda,74.59,0,0
QQQ,2013-08-17,PUT,2013-2017,2013-07-03,45,72.03,0.15146,3.831,0.766,70.23,71.0,32.44,5081.515,0.849,71.0,70.23,0.3162,68.5,delta,75.48,0,0
QQQ,2013-08-17,CALL,2013-2017,2013-07-03,45,72.03,0.15146,3.831,0.766,73.0,73.77,45.23,58.093,,73.0,73.77,0.3161,74.99,delta,75.48,1,1
QQQ,2013-09-21,PUT,2013-2017,2013-08-07,45,76.42,0.12707,3.41,0.682,74.32,75.0,24.17,1347.158,0.525,75.0,74.32,0.2886,73.17,delta,78.98,0,0
QQQ,2013-09-21,CALL,2013-2017,2013-08-07,45,76.42,0.12707,3.41,0.682,78.0,78.68,46.48,100.094,,78.0,78.68,0.2395,79.08,delta,78.98,1,1
QQQ,2013-10-19,PUT,2013-2017,2013-09-04,45,76.71,0.15146,4.08,0.816,75.18,76.0,25.73,85.051,,76.0,75.18,0.3574,72.58,delta,82.14,0,0
QQQ,2013-10-19,CALL,2013-2017,2013-09-04,45,76.71,0.15146,4.08,0.816,78.0,78.82,36.59,44.916,0.691,78.0,78.82,0.2909,79.87,delta,82.14,1,1
QQQ,2013-11-16,PUT,2013-2017,2013-10-02,45,79.65,0.14658,4.099,0.82,76.18,77.0,24.66,246.298,,77.0,76.18,0.23,75.55,delta,83.96,0,0
QQQ,2013-11-16,CALL,2013-2017,2013-10-02,45,79.65,0.14658,4.099,0.82,82.0,82.82,68.37,60.924,,82.0,82.82,0.2081,82.92,delta,83.96,1,1
QQQ,2013-12-21,PUT,2013-2017,2013-11-06,45,83.01,0.13683,3.988,0.798,77.2,78.0,21.07,1046.266,0.467,78.0,77.2,0.1179,79.08,banda,86.5,0,0
QQQ,2013-12-21,CALL,2013-2017,2013-11-06,45,83.01,0.13683,3.988,0.798,85.0,85.8,44.76,234.177,,85.0,85.8,0.2128,85.92,delta,86.5,1,1
QQQ,2014-01-18,PUT,2013-2017,2013-12-04,45,85.49,0.13194,3.961,0.792,83.21,84.0,18.07,127.175,,84.0,83.21,0.2961,81.53,delta,87.88,0,0
QQQ,2014-01-18,CALL,2013-2017,2013-12-04,45,85.49,0.13194,3.961,0.792,90.0,90.79,45.23,795.484,0.206,90.0,90.79,0.0679,88.49,banda,87.88,0,0
QQQ,2014-02-22,PUT,2013-2017,2014-01-08,45,87.31,0.13195,4.045,0.809,84.19,85.0,45.77,1216.145,,85.0,84.19,0.2367,83.47,delta,89.93,0,1
QQQ,2014-02-22,CALL,2013-2017,2014-01-08,45,87.31,0.13195,4.045,0.809,90.0,90.81,41.69,120.512,0.119,90.0,90.81,0.1704,90.5,banda,89.93,0,0
QQQ,2014-03-22,PUT,2013-2017,2014-02-05,45,84.69,0.18073,5.374,1.075,81.93,83.0,49.8,356.793,,82.0,81.93,0.3129,79.48,delta,89.0,0,0
QQQ,2014-03-22,CALL,2013-2017,2014-02-05,45,84.69,0.18073,5.374,1.075,88.0,89.07,35.79,3.828,,89.0,89.07,0.1947,88.97,banda,89.0,0,1
QQQ,2014-04-19,PUT,2013-2017,2014-03-05,45,91.06,0.13194,4.219,0.844,89.16,90.0,30.75,388.763,0.437,89.63,89.16,0.3336,86.97,delta,86.2,1,1
QQQ,2014-04-19,CALL,2013-2017,2014-03-05,45,91.06,0.13194,4.219,0.844,94.0,94.84,62.67,146.095,,94.63,94.84,0.1568,94.23,banda,86.2,0,0
QQQ,2014-05-17,PUT,2013-2017,2014-04-02,45,89.44,0.1417,4.45,0.89,86.74,87.63,33.8,209.665,,87.0,86.74,0.2838,85.19,delta,87.71,0,1
QQQ,2014-05-17,CALL,2013-2017,2014-04-02,45,89.44,0.1417,4.45,0.89,90.63,91.52,59.26,53.021,,90.63,91.52,0.321,93.11,delta,87.71,0,0
QQQ,2014-06-21,PUT,2013-2017,2014-05-07,45,86.56,0.16122,4.9,0.98,84.65,85.63,20.96,275.103,0.884,85.63,84.65,0.3501,82.0,delta,92.77,0,0
QQQ,2014-06-21,CALL,2013-2017,2014-05-07,45,86.56,0.16122,4.9,0.98,89.0,89.98,25.33,6.557,,89.63,89.98,0.2211,90.23,delta,92.77,1,1
QQQ,2014-07-19,PUT,2013-2017,2014-06-04,45,91.52,0.13194,4.24,0.848,85.15,86.0,20.47,782.108,1.0,86.0,85.15,0.1196,87.39,banda,96.12,0,0
QQQ,2014-07-19,CALL,2013-2017,2014-06-04,45,91.52,0.13194,4.24,0.848,93.0,93.85,68.08,74.239,,93.0,93.85,0.2707,94.72,delta,96.12,1,1
QQQ,2014-08-16,PUT,2013-2017,2014-07-02,45,95.1,0.10756,3.592,0.718,92.28,93.0,30.89,932.77,0.418,93.0,92.28,0.2354,91.74,delta,97.4,0,0
QQQ,2014-08-16,CALL,2013-2017,2014-07-02,45,95.1,0.10756,3.592,0.718,96.0,96.72,39.12,61.817,,96.0,96.72,0.3145,97.83,delta,97.4,1,1
QQQ,2014-09-20,PUT,2013-2017,2014-08-06,45,94.52,0.15634,5.189,1.038,89.59,90.63,34.33,689.84,0.945,90.63,89.59,0.2022,89.52,delta,99.98,0,0
QQQ,2014-09-20,CALL,2013-2017,2014-08-06,45,94.52,0.15634,5.189,1.038,97.63,98.67,45.06,24.474,,98.63,98.67,0.1832,98.41,banda,99.98,1,1
QQQ,2014-10-18,PUT,2013-2017,2014-09-03,45,99.48,0.12219,4.268,0.854,97.15,98.0,17.81,204.408,,98.0,97.15,0.3075,95.02,delta,93.0,1,1
QQQ,2014-10-18,CALL,2013-2017,2014-09-03,45,99.48,0.12219,4.268,0.854,101.0,101.85,44.4,42.946,,101.0,101.85,0.2643,102.65,delta,93.0,0,0
QQQ,2014-11-22,PUT,2013-2017,2014-10-08,45,98.45,0.16122,5.573,1.115,93.89,95.0,40.58,459.311,,95.0,93.89,0.2189,93.35,delta,103.87,0,1
QQQ,2014-11-22,CALL,2013-2017,2014-10-08,45,98.45,0.16122,5.573,1.115,100.0,101.11,52.2,221.991,0.438,100.0,101.11,0.3056,102.62,delta,103.87,1,1
QQQ,2014-12-20,PUT,2013-2017,2014-11-05,45,101.37,0.15146,5.391,1.078,98.92,100.0,26.4,24.163,0.348,100.0,98.92,0.3303,96.07,delta,104.32,0,0
QQQ,2014-12-20,CALL,2013-2017,2014-11-05,45,101.37,0.15146,5.391,1.078,102.63,103.71,49.59,3.016,,102.63,103.71,0.3207,105.32,delta,104.32,1,1
QQQ,2015-01-17,PUT,2013-2017,2014-12-03,45,105.42,0.13683,5.065,1.013,99.99,101.0,33.87,161.026,0.212,100.0,99.99,0.1808,100.41,banda,100.82,0,1
QQQ,2015-01-17,CALL,2013-2017,2014-12-03,45,105.42,0.13683,5.065,1.013,109.0,110.01,60.29,28.185,,110.0,110.01,0.123,108.82,banda,100.82,0,0
QQQ,2015-02-20,PUT,2013-2017,2015-01-06,45,100.07,0.19536,6.864,1.373,97.63,99.0,34.9,67.246,0.673,98.0,97.63,0.3567,93.43,delta,108.41,0,0
QQQ,2015-02-20,CALL,2013-2017,2015-01-06,45,100.07,0.19536,6.864,1.373,103.0,104.37,33.15,17.051,,103.0,104.37,0.2471,105.15,delta,108.41,1,1
QQQ,2015-03-20,PUT,2013-2017,2015-02-03,45,102.96,0.17585,6.357,1.271,99.73,101.0,29.04,120.05,0.297,100.0,99.73,0.3143,96.7,delta,108.53,0,0
QQQ,2015-03-20,CALL,2013-2017,2015-02-03,45,102.96,0.17585,6.357,1.271,104.0,105.27,43.17,6.059,,105.0,105.27,0.3495,107.4,delta,108.53,1,1
QQQ,2015-04-17,PUT,2013-2017,2015-03-03,45,108.87,0.13194,5.044,1.009,103.99,105.0,38.44,234.55,,105.0,103.99,0.2131,103.57,delta,106.01,0,0
QQQ,2015-04-17,CALL,2013-2017,2015-03-03,45,108.87,0.13194,5.044,1.009,111.0,112.01,51.14,51.991,,112.0,112.01,0.2218,112.34,delta,106.01,0,0
QQQ,2015-05-15,PUT,2013-2017,2015-03-31,45,105.6,0.16122,5.978,1.196,101.8,103.0,46.93,187.538,0.207,102.0,101.8,0.2806,99.69,delta,109.58,0,0
QQQ,2015-05-15,CALL,2013-2017,2015-03-31,45,105.6,0.16122,5.978,1.196,109.0,110.2,47.41,40.13,,110.0,110.2,0.1825,109.95,banda,109.58,0,1
QQQ,2015-06-19,PUT,2013-2017,2015-05-05,45,107.45,0.15634,5.898,1.18,103.82,105.0,34.62,154.22,,104.0,103.82,0.2824,101.81,delta,109.89,0,0
QQQ,2015-06-19,CALL,2013-2017,2015-05-05,45,107.45,0.15634,5.898,1.18,110.0,111.18,58.55,35.185,,110.0,111.18,0.2396,111.87,delta,109.89,0,0
QQQ,2015-07-17,PUT,2013-2017,2015-06-02,45,110.07,0.13683,5.288,1.058,104.94,106.0,40.86,92.147,,106.0,104.94,0.2168,104.38,delta,113.59,0,0
QQQ,2015-07-17,CALL,2013-2017,2015-06-02,45,110.07,0.13683,5.288,1.058,113.0,114.06,56.74,126.028,,114.0,114.06,0.1677,113.67,banda,113.59,0,0
QQQ,2015-08-21,PUT,2013-2017,2015-07-07,45,107.97,0.16122,6.112,1.222,104.78,106.0,58.88,51.108,0.029,106.0,104.78,0.3084,102.04,delta,102.4,1,1
QQQ,2015-08-21,CALL,2013-2017,2015-07-07,45,107.97,0.16122,6.112,1.222,111.0,112.22,39.37,26.301,,112.0,112.22,0.2106,112.42,delta,102.4,0,1
QQQ,2015-09-18,PUT,2013-2017,2015-08-04,45,111.39,0.15146,5.924,1.185,107.82,109.0,33.33,118.115,,108.0,107.82,0.2846,105.53,delta,105.35,1,1
QQQ,2015-09-18,CALL,2013-2017,2015-08-04,45,111.39,0.15146,5.924,1.185,114.0,115.18,48.13,61.56,0.24,115.0,115.18,0.2057,115.28,delta,105.35,0,0
QQQ,2015-10-16,PUT,2013-2017,2015-09-01,45,101.05,0.30268,10.739,2.148,89.85,92.0,26.6,17.787,0.522,90.0,89.85,0.1754,91.23,banda,108.12,0,0
QQQ,2015-10-16,CALL,2013-2017,2015-09-01,45,101.05,0.30268,10.739,2.148,106.0,108.15,31.11,4.488,,108.0,108.15,0.2327,109.15,delta,108.12,0,1
QQQ,2015-11-20,PUT,2013-2017,2015-10-06,45,105.0,0.20999,7.742,1.548,98.45,100.0,27.93,89.486,,100.0,98.45,0.2218,97.57,delta,114.48,0,0
QQQ,2015-11-20,CALL,2013-2017,2015-10-06,45,105.0,0.20999,7.742,1.548,107.0,108.55,36.43,18.86,,107.0,108.55,0.3128,110.67,delta,114.48,1,1
QQQ,2015-12-18,PUT,2013-2017,2015-11-03,45,115.01,0.15634,6.313,1.263,106.74,108.0,19.02,80.724,0.132,108.0,106.74,0.1466,108.88,banda,109.83,0,0
QQQ,2015-12-18,CALL,2013-2017,2015-11-03,45,115.01,0.15634,6.313,1.263,119.0,120.26,47.2,190.408,,120.0,120.26,0.1557,119.37,banda,109.83,0,0
QQQ,2016-01-15,PUT,2013-2017,2015-12-01,45,115.16,0.15146,6.124,1.225,112.78,114.0,22.13,69.032,0.351,108.0,112.78,0.3536,108.75,delta,100.84,1,1
QQQ,2016-01-15,CALL,2013-2017,2015-12-01,45,115.16,0.15146,6.124,1.225,119.0,120.22,54.5,64.507,,120.0,120.22,0.1441,119.53,banda,100.84,0,0
QQQ,2016-02-19,PUT,2013-2017,2016-01-05,45,109.31,0.20024,7.685,1.537,106.46,108.0,35.65,181.567,,108.0,106.46,0.3478,102.25,delta,101.63,1,1
QQQ,2016-02-19,CALL,2013-2017,2016-01-05,45,109.31,0.20024,7.685,1.537,114.0,115.54,38.47,64.315,,115.0,115.54,0.1737,114.91,banda,101.63,0,0
QQQ,2016-03-18,PUT,2013-2017,2016-02-02,45,102.15,0.23926,8.582,1.716,98.28,100.0,44.52,222.426,0.17,100.0,98.28,0.3213,94.43,delta,107.37,0,1
QQQ,2016-03-18,CALL,2013-2017,2016-02-02,45,102.15,0.23926,8.582,1.716,109.0,110.72,26.02,31.776,0.714,110.0,110.72,0.1137,108.53,banda,107.37,0,0
QQQ,2016-04-15,PUT,2013-2017,2016-03-01,45,105.79,0.19049,7.076,1.415,99.58,101.0,34.59,163.533,0.11,100.0,99.58,0.2171,98.94,delta,110.64,0,0
QQQ,2016-04-15,CALL,2013-2017,2016-03-01,45,105.79,0.19049,7.076,1.415,109.0,110.42,38.43,22.716,,110.0,110.42,0.2216,110.85,delta,110.64,1,1
QQQ,2016-05-20,PUT,2013-2017,2016-04-05,45,108.88,0.16609,6.35,1.27,99.73,101.0,30.79,117.249,0.382,100.0,99.73,0.1214,102.89,banda,106.47,0,0
QQQ,2016-05-20,CALL,2013-2017,2016-04-05,45,108.88,0.16609,6.35,1.27,112.0,113.27,44.42,23.748,,113.0,113.27,0.2194,113.55,delta,106.47,0,0
QQQ,2016-06-17,PUT,2013-2017,2016-05-03,45,105.73,0.17585,6.528,1.306,102.69,104.0,36.46,19.866,0.281,104.0,102.69,0.3245,99.41,delta,106.49,0,0
QQQ,2016-06-17,CALL,2013-2017,2016-05-03,45,105.73,0.17585,6.528,1.306,108.0,109.31,36.51,83.402,,108.0,109.31,0.2733,110.46,delta,106.49,0,1
QQQ,2016-07-15,PUT,2013-2017,2016-05-31,45,110.34,0.14171,5.49,1.098,107.9,109.0,27.48,54.193,0.75,103.0,107.9,0.335,104.84,delta,111.8,0,1
QQQ,2016-07-15,CALL,2013-2017,2016-05-31,45,110.34,0.14171,5.49,1.098,112.0,113.1,70.33,42.04,,112.0,113.1,0.2759,114.15,delta,111.8,0,0
QQQ,2016-08-19,PUT,2013-2017,2016-07-05,45,107.42,0.16609,6.265,1.253,103.75,105.0,46.98,204.174,0.174,105.0,103.75,0.2813,101.36,delta,117.26,0,0
QQQ,2016-08-19,CALL,2013-2017,2016-07-05,45,107.42,0.16609,6.265,1.253,109.0,110.25,56.05,130.419,,109.0,110.25,0.3092,111.88,delta,117.26,1,1
QQQ,2016-09-16,PUT,2013-2017,2016-08-02,45,114.96,0.13683,5.523,1.105,109.9,111.0,20.68,12.718,0.459,110.0,109.9,0.2167,109.34,delta,117.29,0,0
QQQ,2016-09-16,CALL,2013-2017,2016-08-02,45,114.96,0.13683,5.523,1.105,116.0,117.1,44.57,77.991,,116.0,117.1,0.3457,119.0,delta,117.29,1,1
QQQ,2016-10-21,PUT,2013-2017,2016-09-06,45,117.85,0.12707,5.258,1.052,109.95,111.0,28.21,141.757,0.462,110.0,109.95,0.1405,112.29,banda,118.15,0,0
QQQ,2016-10-21,CALL,2013-2017,2016-09-06,45,117.85,0.12707,5.258,1.052,119.0,120.05,55.75,44.084,,120.0,120.05,0.3153,121.46,delta,118.15,0,0
QQQ,2016-11-18,PUT,2013-2017,2016-10-04,45,118.37,0.15146,6.295,1.259,114.74,116.0,35.47,377.882,,116.0,114.74,0.2919,112.19,delta,117.32,0,1
QQQ,2016-11-18,CALL,2013-2017,2016-10-04,45,118.37,0.15146,6.295,1.259,120.0,121.26,61.69,50.21,,120.0,121.26,0.3094,122.9,delta,117.32,0,0
QQQ,2016-12-16,PUT,2013-2017,2016-11-01,45,116.11,0.18561,7.567,1.513,112.49,114.0,22.58,280.454,0.775,114.0,112.49,0.3152,108.9,delta,119.6,0,0
QQQ,2016-12-16,CALL,2013-2017,2016-11-01,45,116.11,0.18561,7.567,1.513,119.0,120.51,46.0,139.568,0.337,120.0,120.51,0.2458,121.3,delta,119.6,0,1
QQQ,2017-01-20,PUT,2013-2017,2016-12-06,45,116.88,0.14171,5.815,1.163,114.84,116.0,47.95,59.616,0.121,115.0,114.84,0.3638,111.11,delta,123.25,0,0
QQQ,2017-01-20,CALL,2013-2017,2016-12-06,45,116.88,0.14171,5.815,1.163,119.0,120.16,62.33,109.375,,120.0,120.16,0.2524,120.99,delta,123.25,1,1
QQQ,2017-02-17,PUT,2013-2017,2017-01-03,45,119.54,0.15146,6.357,1.271,115.73,117.0,38.64,542.948,0.262,116.0,115.73,0.2831,113.33,delta,129.81,0,0
QQQ,2017-02-17,CALL,2013-2017,2017-01-03,45,119.54,0.15146,6.357,1.271,124.0,125.27,58.94,488.104,,125.0,125.27,0.1475,124.39,banda,129.81,1,1
QQQ,2017-03-17,PUT,2013-2017,2017-01-31,45,124.57,0.12219,5.345,1.069,119.93,121.0,26.48,663.208,,120.0,119.93,0.2268,119.06,delta,131.69,0,0
QQQ,2017-03-17,CALL,2013-2017,2017-01-31,45,124.57,0.12219,5.345,1.069,126.0,127.07,54.34,58.966,,126.0,127.07,0.3209,128.97,delta,131.69,1,1
QQQ,2017-04-21,PUT,2013-2017,2017-03-07,45,130.51,0.10268,4.705,0.941,126.06,127.0,16.85,295.969,0.792,127.0,126.06,0.215,125.6,delta,132.56,0,0
QQQ,2017-04-21,CALL,2013-2017,2017-03-07,45,130.51,0.10268,4.705,0.941,135.0,135.94,24.73,579.484,,135.0,135.94,0.1138,134.35,banda,132.56,0,0
QQQ,2017-05-19,PUT,2013-2017,2017-04-04,45,132.51,0.11244,5.232,1.046,129.95,131.0,46.51,2611.098,0.177,130.0,129.95,0.32,127.36,delta,137.84,0,0
QQQ,2017-05-19,CALL,2013-2017,2017-04-04,45,132.51,0.11244,5.232,1.046,135.0,136.05,64.46,216.036,,135.0,136.05,0.2469,136.6,delta,137.84,1,1
QQQ,2017-06-16,PUT,2013-2017,2017-05-02,45,137.43,0.11732,5.661,1.132,130.87,132.0,29.23,1094.59,0.826,132.0,130.87,0.1669,132.1,banda,138.15,0,0
QQQ,2017-06-16,CALL,2013-2017,2017-05-02,45,137.43,0.11732,5.661,1.132,139.0,140.13,89.02,620.234,,140.0,140.13,0.2931,141.51,delta,138.15,0,1
QQQ,2017-07-21,PUT,2013-2017,2017-06-06,45,142.86,0.12707,6.374,1.275,135.73,137.0,31.41,1396.058,0.622,136.0,135.73,0.1743,136.57,banda,144.11,0,0
QQQ,2017-07-21,CALL,2013-2017,2017-06-06,45,142.86,0.12707,6.374,1.275,145.0,146.27,76.36,196.189,,145.0,146.27,0.2859,147.54,delta,144.11,0,0
QQQ,2017-08-18,PUT,2013-2017,2017-07-03,46,136.19,0.17585,8.502,1.7,129.3,131.0,40.89,751.116,,130.0,129.3,0.2259,128.16,delta,141.23,0,0
QQQ,2017-08-18,CALL,2013-2017,2017-07-03,46,136.19,0.17585,8.502,1.7,142.0,143.7,35.6,40.115,,142.0,143.7,0.1436,142.48,banda,141.23,0,1
QQQ,2017-09-15,PUT,2013-2017,2017-08-01,45,143.56,0.13194,6.651,1.33,139.67,141.0,22.68,1480.781,0.661,140.0,139.67,0.2953,136.88,delta,146.06,0,0
QQQ,2017-09-15,CALL,2013-2017,2017-08-01,45,143.56,0.13194,6.651,1.33,145.0,146.33,51.79,300.549,0.319,146.0,146.33,0.3431,148.52,delta,146.06,0,1
QQQ,2017-10-20,PUT,2013-2017,2017-09-05,45,144.69,0.14171,7.199,1.44,138.56,140.0,28.67,2186.022,,142.0,138.56,0.2311,137.41,delta,148.71,0,0
QQQ,2017-10-20,CALL,2013-2017,2017-09-05,45,144.69,0.14171,7.199,1.44,146.0,147.44,59.75,223.612,,147.0,147.44,0.351,149.91,delta,148.71,1,1
QQQ,2017-11-17,PUT,2013-2017,2017-10-03,45,145.89,0.13195,6.759,1.352,141.65,143.0,32.2,585.309,,142.0,141.65,0.2719,139.51,delta,153.95,0,0
QQQ,2017-11-17,CALL,2013-2017,2017-10-03,45,145.89,0.13195,6.759,1.352,149.0,150.35,63.24,187.819,,149.0,150.35,0.2193,150.71,delta,153.95,1,1
QQQ,2017-12-15,PUT,2013-2017,2017-10-31,45,152.15,0.13683,7.31,1.462,143.54,145.0,19.8,434.367,0.955,145.0,143.54,0.1595,145.16,banda,157.65,0,0
QQQ,2017-12-15,CALL,2013-2017,2017-10-31,45,152.15,0.13683,7.31,1.462,155.0,156.46,80.2,679.26,,156.0,156.46,0.2751,158.07,delta,157.65,1,1
QQQ,2018-01-19,PUT,2018-2025,2017-12-05,45,152.81,0.14658,7.865,1.573,144.43,146.0,16.85,455.593,,145.0,144.43,0.1848,144.98,banda,166.34,0,0
QQQ,2018-01-19,CALL,2018-2025,2017-12-05,45,152.81,0.14658,7.865,1.573,155.0,156.57,47.23,157.218,0.25,155.0,156.57,0.3192,158.81,delta,166.34,1,1
QQQ,2018-02-16,PUT,2018-2025,2018-01-02,45,158.49,0.13195,7.343,1.469,149.53,151.0,20.76,418.709,0.207,145.0,149.53,0.1648,151.21,banda,164.96,0,0
QQQ,2018-02-16,CALL,2018-2025,2018-01-02,45,158.49,0.13195,7.343,1.469,162.0,163.47,43.22,599.216,,160.0,163.47,0.2262,163.84,delta,164.96,1,1
QQQ,2018-03-16,PUT,2018-2025,2018-01-30,45,168.7,0.18073,10.705,2.141,163.86,166.0,32.32,685.644,,165.0,163.86,0.3178,159.25,delta,171.02,0,1
QQQ,2018-03-16,CALL,2018-2025,2018-01-30,45,168.7,0.18073,10.705,2.141,173.0,175.14,49.38,40.76,,175.0,175.14,0.2842,177.54,delta,171.02,0,1
QQQ,2018-04-20,PUT,2018-2025,2018-03-06,45,168.54,0.17585,10.407,2.081,159.92,162.0,38.19,613.946,,160.0,159.92,0.2299,158.27,delta,162.3,0,1
QQQ,2018-04-20,CALL,2018-2025,2018-03-06,45,168.54,0.17585,10.407,2.081,173.0,175.08,47.51,5.57,,173.0,175.08,0.2545,176.28,delta,162.3,0,1
QQQ,2018-05-18,PUT,2018-2025,2018-04-03,45,157.26,0.25389,14.019,2.804,152.2,155.0,27.19,145.125,,142.0,152.2,0.342,144.73,delta,167.46,0,0
QQQ,2018-05-18,CALL,2018-2025,2018-04-03,45,157.26,0.25389,14.019,2.804,170.0,172.8,32.18,45.514,0.333,170.0,172.8,0.1011,168.14,banda,167.46,0,0
QQQ,2018-06-15,PUT,2018-2025,2018-05-01,45,162.78,0.18073,10.33,2.066,157.93,160.0,25.94,52.565,,155.0,157.93,0.3109,152.92,delta,176.98,0,0
QQQ,2018-06-15,CALL,2018-2025,2018-05-01,45,162.78,0.18073,10.33,2.066,165.0,167.07,34.41,12.158,,165.0,167.07,0.3469,170.84,delta,176.98,1,1
QQQ,2018-07-20,PUT,2018-2025,2018-06-05,45,174.84,0.12707,7.801,1.56,162.44,164.0,22.03,18.486,0.426,163.0,162.44,0.1223,166.87,banda,178.99,0,0
QQQ,2018-07-20,CALL,2018-2025,2018-06-05,45,174.84,0.12707,7.801,1.56,179.0,180.56,49.56,578.343,,180.0,180.56,0.2169,180.82,delta,178.99,0,1
QQQ,2018-08-17,PUT,2018-2025,2018-07-03,45,170.8,0.19536,11.716,2.343,164.66,167.0,38.12,349.745,0.204,165.0,164.66,0.3026,159.42,delta,179.86,0,0
QQQ,2018-08-17,CALL,2018-2025,2018-07-03,45,170.8,0.19536,11.716,2.343,175.0,177.34,50.86,37.434,,175.0,177.34,0.2844,179.55,delta,179.86,1,1
QQQ,2018-09-21,PUT,2018-2025,2018-08-07,45,181.8,0.13195,8.423,1.685,168.32,170.0,19.21,252.989,0.372,170.0,168.32,0.1112,173.55,banda,183.71,0,0
QQQ,2018-09-21,CALL,2018-2025,2018-08-07,45,181.8,0.13195,8.423,1.685,185.0,186.68,34.83,14.768,0.367,185.0,186.68,0.2821,188.55,delta,183.71,0,1
QQQ,2018-10-19,PUT,2018-2025,2018-09-04,45,185.85,0.15146,9.884,1.977,178.02,180.0,21.22,232.206,0.303,180.0,178.02,0.238,176.48,delta,173.02,1,1
QQQ,2018-10-19,CALL,2018-2025,2018-09-04,45,185.85,0.15146,9.884,1.977,192.0,193.98,27.26,2.067,,190.0,193.98,0.1786,193.33,banda,173.02,0,0
QQQ,2018-11-16,PUT,2018-2025,2018-10-02,45,185.75,0.16122,10.515,2.103,179.9,182.0,27.23,296.485,0.82,180.0,179.9,0.2904,175.97,delta,167.5,1,1
QQQ,2018-11-16,CALL,2018-2025,2018-10-02,45,185.75,0.16122,10.515,2.103,188.0,190.1,42.69,2.243,,190.0,190.1,0.3496,193.87,delta,167.5,0,0
QQQ,2018-12-21,PUT,2018-2025,2018-11-05,46,168.96,0.24414,14.644,2.929,162.07,165.0,30.39,147.485,,165.0,162.07,0.3087,155.87,delta,147.57,1,1
QQQ,2018-12-21,CALL,2018-2025,2018-11-05,46,168.96,0.24414,14.644,2.929,180.0,182.93,31.77,8.158,,180.0,182.93,0.1367,180.34,banda,147.57,0,0
QQQ,2019-01-18,PUT,2018-2025,2018-12-04,45,165.72,0.23439,13.638,2.728,154.27,157.0,28.63,151.477,,160.0,154.27,0.2093,153.78,delta,165.25,0,1
QQQ,2019-01-18,CALL,2018-2025,2018-12-04,45,165.72,0.23439,13.638,2.728,178.0,180.73,24.85,11.411,,175.0,180.73,0.0984,176.19,banda,165.25,0,0
QQQ,2019-02-15,PUT,2018-2025,2018-12-31,46,154.26,0.2978,16.308,3.262,146.74,150.0,36.64,29.533,,150.0,146.74,0.3035,140.56,delta,171.94,0,0
QQQ,2019-02-15,CALL,2018-2025,2018-12-31,46,154.26,0.2978,16.308,3.262,163.0,166.26,33.61,18.394,,165.0,166.26,0.2183,166.87,delta,171.94,1,1
QQQ,2019-03-15,PUT,2018-2025,2019-01-29,45,161.57,0.21975,12.467,2.493,154.51,157.0,28.78,50.104,0.318,155.0,154.51,0.2781,150.56,delta,178.35,0,0
QQQ,2019-03-15,CALL,2018-2025,2019-01-29,45,161.57,0.21975,12.467,2.493,168.0,170.49,30.99,41.604,,170.0,170.49,0.2213,171.29,delta,178.35,1,1
QQQ,2019-04-18,PUT,2018-2025,2019-03-04,45,174.42,0.15634,9.574,1.915,168.09,170.0,18.55,327.412,0.392,160.0,168.09,0.2641,164.85,delta,187.39,0,0
QQQ,2019-04-18,CALL,2018-2025,2019-03-04,45,174.42,0.15634,9.574,1.915,179.0,180.91,27.77,13.98,,176.0,180.91,0.2233,181.55,delta,187.39,1,1
QQQ,2019-05-17,PUT,2018-2025,2019-04-02,45,182.73,0.15634,10.031,2.006,177.99,180.0,22.62,221.749,,175.0,177.99,0.3027,173.62,delta,183.04,0,0
QQQ,2019-05-17,CALL,2018-2025,2019-04-02,45,182.73,0.15634,10.031,2.006,188.0,190.01,48.1,14.14,,185.0,190.01,0.225,190.77,delta,183.04,0,1
QQQ,2019-06-21,PUT,2018-2025,2019-05-07,45,186.24,0.20999,13.732,2.746,179.25,182.0,39.1,53.626,0.197,180.0,179.25,0.2891,174.2,delta,188.57,0,1
QQQ,2019-06-21,CALL,2018-2025,2019-05-07,45,186.24,0.20999,13.732,2.746,190.0,192.75,41.81,50.698,,190.0,192.75,0.3241,196.83,delta,188.57,0,0
QQQ,2019-07-19,PUT,2018-2025,2019-06-04,45,174.91,0.20999,12.897,2.579,169.42,172.0,34.93,66.795,,170.0,169.42,0.3219,163.6,delta,191.01,0,0
QQQ,2019-07-19,CALL,2018-2025,2019-06-04,45,174.91,0.20999,12.897,2.579,183.0,185.58,27.79,2.97,,185.0,185.58,0.1673,184.54,banda,191.01,1,1
QQQ,2019-08-16,PUT,2018-2025,2019-07-02,45,190.01,0.15146,10.105,2.021,173.98,176.0,18.24,33.922,0.51,175.0,173.98,0.1114,180.54,banda,185.48,0,0
QQQ,2019-08-16,CALL,2018-2025,2019-07-02,45,190.01,0.15146,10.105,2.021,193.0,195.02,45.72,427.24,,195.0,195.02,0.3301,198.23,delta,185.48,0,1
QQQ,2019-09-20,PUT,2018-2025,2019-08-06,45,183.26,0.21975,14.14,2.828,177.17,180.0,31.73,57.319,,180.0,177.17,0.3219,170.48,delta,190.8,0,0
QQQ,2019-09-20,CALL,2018-2025,2019-08-06,45,183.26,0.21975,14.14,2.828,193.0,195.83,37.32,19.865,,195.0,195.83,0.1514,193.76,banda,190.8,0,0
QQQ,2019-10-18,PUT,2018-2025,2019-09-04,44,188.33,0.20024,13.093,2.619,177.38,180.0,21.93,92.485,,180.0,177.38,0.222,175.77,delta,191.69,0,0
QQQ,2019-10-18,CALL,2018-2025,2019-09-04,44,188.33,0.20024,13.093,2.619,200.0,202.62,37.02,70.748,0.34,200.0,202.62,0.0649,197.4,banda,191.69,0,0
QQQ,2019-11-15,PUT,2018-2025,2019-10-01,45,187.27,0.21,13.809,2.762,182.24,185.0,32.33,447.588,,185.0,182.24,0.342,174.6,delta,202.91,0,1
QQQ,2019-11-15,CALL,2018-2025,2019-10-01,45,187.27,0.21,13.809,2.762,192.0,194.76,33.58,69.728,0.481,193.0,194.76,0.2795,197.19,delta,202.91,1,1
QQQ,2019-12-20,PUT,2018-2025,2019-11-05,45,200.21,0.15634,10.99,2.198,192.8,195.0,22.26,18.64,,193.0,192.8,0.256,190.04,delta,211.71,0,0
QQQ,2019-12-20,CALL,2018-2025,2019-11-05,45,200.21,0.15634,10.99,2.198,205.0,207.2,50.14,13.797,,205.0,207.2,0.2498,208.8,delta,211.71,1,1
QQQ,2020-01-17,PUT,2018-2025,2019-12-03,45,201.41,0.17585,12.436,2.487,193.51,196.0,20.64,21.089,0.324,195.0,193.51,0.2726,189.34,delta,223.38,0,0
QQQ,2020-01-17,CALL,2018-2025,2019-12-03,45,201.41,0.17585,12.436,2.487,210.0,212.49,46.17,12.972,0.171,210.0,212.49,0.119,210.05,banda,223.38,1,1
QQQ,2020-02-21,PUT,2018-2025,2020-01-07,45,215.53,0.15634,11.831,2.366,208.63,211.0,32.48,170.229,0.264,210.0,208.63,0.2865,204.04,delta,230.27,0,0
QQQ,2020-02-21,CALL,2018-2025,2020-01-07,45,215.53,0.15634,11.831,2.366,223.0,225.37,59.31,57.288,,225.0,225.37,0.1653,224.09,banda,230.27,1,1
QQQ,2020-03-20,PUT,2018-2025,2020-02-04,45,227.47,0.17097,13.655,2.731,217.27,220.0,19.35,18.018,,210.0,217.27,0.2441,214.5,delta,170.7,1,1
QQQ,2020-03-20,CALL,2018-2025,2020-02-04,45,227.47,0.17097,13.655,2.731,233.0,235.73,55.69,90.183,,233.0,235.73,0.2571,237.24,delta,170.7,0,1
QQQ,2020-04-17,PUT,2018-2025,2020-03-03,45,209.48,0.3417,25.133,5.027,194.97,200.0,44.76,3.049,,200.0,194.97,0.2703,187.37,delta,215.29,0,1
QQQ,2020-04-17,CALL,2018-2025,2020-03-03,45,209.48,0.3417,25.133,5.027,220.0,225.03,32.25,2.133,,220.0,225.03,0.2444,227.29,delta,215.29,0,0
QQQ,2020-05-15,PUT,2018-2025,2020-03-31,45,190.4,0.43926,29.366,5.873,169.13,175.0,25.76,2.881,0.333,160.0,169.13,0.2391,163.76,delta,223.27,0,0
QQQ,2020-05-15,CALL,2018-2025,2020-03-31,45,190.4,0.43926,29.366,5.873,210.0,215.87,31.91,5.375,,215.0,215.87,0.1422,211.13,banda,223.27,1,1
QQQ,2020-06-19,PUT,2018-2025,2020-05-05,45,217.66,0.31243,23.878,4.776,197.22,202.0,20.75,11.799,0.486,200.0,197.22,0.2167,195.54,delta,244.24,0,0
QQQ,2020-06-19,CALL,2018-2025,2020-05-05,45,217.66,0.31243,23.878,4.776,226.0,230.78,31.99,3.986,,230.0,230.78,0.2768,235.2,delta,244.24,1,1
QQQ,2020-07-17,PUT,2018-2025,2020-06-02,45,235.63,0.23927,19.796,3.959,216.04,220.0,17.67,7.294,0.345,170.0,216.04,0.2015,215.89,delta,259.42,0,0
QQQ,2020-07-17,CALL,2018-2025,2020-06-02,45,235.63,0.23927,19.796,3.959,242.0,245.96,44.46,113.228,,245.0,245.96,0.283,249.85,delta,259.42,1,1
QQQ,2020-08-21,PUT,2018-2025,2020-07-07,45,256.61,0.27829,25.074,5.015,229.99,235.0,25.38,13.245,0.203,220.0,229.99,0.174,232.8,banda,281.87,0,0
QQQ,2020-08-21,CALL,2018-2025,2020-07-07,45,256.61,0.27829,25.074,5.015,265.0,270.01,59.01,5.149,,270.0,270.01,0.2955,276.42,delta,281.87,1,1
QQQ,2020-09-18,PUT,2018-2025,2020-08-04,45,270.38,0.26853,25.493,5.099,257.9,263.0,20.61,39.524,0.332,250.0,257.9,0.3067,247.12,delta,266.87,0,0
QQQ,2020-09-18,CALL,2018-2025,2020-08-04,45,270.38,0.26853,25.493,5.099,275.0,280.1,33.83,22.554,,288.0,280.1,0.3531,289.42,delta,266.87,0,1
QQQ,2020-10-16,PUT,2018-2025,2020-09-01,45,299.92,0.31731,33.416,6.683,259.32,266.0,19.87,4.305,0.401,250.0,259.32,0.1403,270.11,banda,288.51,0,0
QQQ,2020-10-16,CALL,2018-2025,2020-09-01,45,299.92,0.31731,33.416,6.683,305.0,311.68,46.23,4.327,,310.0,311.68,0.3766,327.31,delta,288.51,0,0
QQQ,2020-11-20,PUT,2018-2025,2020-10-06,45,275.16,0.35633,34.427,6.885,258.11,265.0,25.68,5.974,,260.0,258.11,0.2978,246.04,delta,290.38,0,0
QQQ,2020-11-20,CALL,2018-2025,2020-10-06,45,275.16,0.35633,34.427,6.885,294.0,300.89,33.19,4.378,,300.0,300.89,0.2115,302.16,delta,290.38,0,0
QQQ,2020-12-18,PUT,2018-2025,2020-11-03,45,274.65,0.33195,32.011,6.402,248.6,255.0,23.97,14.058,,260.0,248.6,0.2172,246.17,delta,310.06,0,0
QQQ,2020-12-18,CALL,2018-2025,2020-11-03,45,274.65,0.33195,32.011,6.402,280.0,286.4,33.06,27.621,,280.0,286.4,0.3642,298.84,delta,310.06,1,1
QQQ,2021-01-15,PUT,2018-2025,2020-12-01,45,303.46,0.24414,26.014,5.203,274.8,280.0,26.68,37.65,0.278,280.0,274.8,0.1596,280.16,banda,311.86,0,0
QQQ,2021-01-15,CALL,2018-2025,2020-12-01,45,303.46,0.24414,26.014,5.203,310.0,315.2,40.66,12.529,,310.0,315.2,0.3338,324.82,delta,311.86,0,1
QQQ,2021-02-19,PUT,2018-2025,2021-01-05,45,311.86,0.25389,27.802,5.56,289.44,295.0,31.4,4.778,0.204,290.0,289.44,0.2279,285.74,delta,331.02,0,0
QQQ,2021-02-19,CALL,2018-2025,2021-01-05,45,311.86,0.25389,27.802,5.56,320.0,325.56,57.56,9.442,,324.0,325.56,0.3026,332.37,delta,331.02,1,1
QQQ,2021-03-19,PUT,2018-2025,2021-02-02,45,327.68,0.26365,30.335,6.067,313.93,320.0,27.34,105.058,,315.0,313.93,0.3173,299.49,delta,313.14,1,1
QQQ,2021-03-19,CALL,2018-2025,2021-02-02,45,327.68,0.26365,30.335,6.067,340.0,346.07,46.82,8.322,,345.0,346.07,0.2624,350.75,delta,313.14,0,0
QQQ,2021-04-16,PUT,2018-2025,2021-03-02,45,318.4,0.27341,30.567,6.113,298.89,305.0,21.71,3.338,,300.0,298.89,0.2713,289.56,delta,342.01,0,1
QQQ,2021-04-16,CALL,2018-2025,2021-03-02,45,318.4,0.27341,30.567,6.113,329.0,335.11,40.12,9.366,,330.0,335.11,0.2764,340.81,delta,342.01,1,1
QQQ,2021-05-21,PUT,2018-2025,2021-04-06,45,330.82,0.21,24.393,4.879,301.12,306.0,18.03,4.101,,310.0,301.12,0.1479,307.76,banda,327.01,0,0
QQQ,2021-05-21,CALL,2018-2025,2021-04-06,45,330.82,0.21,24.393,4.879,335.0,339.88,29.29,9.099,0.54,335.0,339.88,0.364,350.79,delta,327.01,0,1
QQQ,2021-06-18,PUT,2018-2025,2021-05-04,45,330.14,0.22463,26.039,5.208,304.79,310.0,22.02,44.271,0.386,310.0,304.79,0.1945,305.55,banda,342.63,0,0
QQQ,2021-06-18,CALL,2018-2025,2021-05-04,45,330.14,0.22463,26.039,5.208,335.0,340.21,34.7,4.637,0.319,340.0,340.21,0.3479,349.51,delta,342.63,1,1
QQQ,2021-07-16,PUT,2018-2025,2021-06-01,45,332.82,0.19048,22.26,4.452,318.55,323.0,26.31,41.638,,320.0,318.55,0.2793,310.41,delta,357.6,0,0
QQQ,2021-07-16,CALL,2018-2025,2021-06-01,45,332.82,0.19048,22.26,4.452,339.0,343.45,33.97,6.932,,340.0,343.45,0.3112,349.65,delta,357.6,1,1
QQQ,2021-08-20,PUT,2018-2025,2021-07-06,45,360.19,0.18073,22.857,4.571,341.43,346.0,16.03,4.103,0.677,350.0,341.43,0.2317,337.7,delta,367.73,0,0
QQQ,2021-08-20,CALL,2018-2025,2021-07-06,45,360.19,0.18073,22.857,4.571,368.0,372.57,43.54,35.358,,380.0,372.57,0.2856,377.28,delta,367.73,0,0
QQQ,2021-09-17,PUT,2018-2025,2021-08-03,45,366.81,0.17097,22.02,4.404,345.6,350.0,15.16,30.28,0.296,350.0,345.6,0.2174,343.91,delta,373.83,0,0
QQQ,2021-09-17,CALL,2018-2025,2021-08-03,45,366.81,0.17097,22.02,4.404,376.0,380.4,35.81,84.938,,380.0,380.4,0.2563,383.38,delta,373.83,0,1
QQQ,2021-10-15,PUT,2018-2025,2021-08-31,45,379.95,0.15634,20.857,4.171,362.83,367.0,17.55,14.334,,365.0,362.83,0.2461,357.15,delta,368.94,0,1
QQQ,2021-10-15,CALL,2018-2025,2021-08-31,45,379.95,0.15634,20.857,4.171,384.0,388.17,46.51,44.717,,385.0,388.17,0.342,395.52,delta,368.94,0,0
QQQ,2021-11-19,PUT,2018-2025,2021-10-05,45,357.38,0.21975,27.575,5.515,344.48,350.0,54.42,19.67,0.166,350.0,344.48,0.326,329.93,delta,403.99,0,0
QQQ,2021-11-19,CALL,2018-2025,2021-10-05,45,357.38,0.21975,27.575,5.515,370.0,375.52,34.0,7.418,,375.0,375.52,0.2277,376.82,delta,403.99,1,1
QQQ,2021-12-17,PUT,2018-2025,2021-11-02,45,389.05,0.17097,23.355,4.671,356.33,361.0,12.43,13.405,0.35,370.0,356.33,0.1381,365.71,banda,384.91,0,0
QQQ,2021-12-17,CALL,2018-2025,2021-11-02,45,389.05,0.17097,23.355,4.671,396.0,400.67,44.91,30.506,0.282,400.0,400.67,0.2998,406.65,delta,384.91,0,1
QQQ,2022-01-21,PUT,2018-2025,2021-12-07,45,397.83,0.21975,30.696,6.139,369.86,376.0,23.84,23.191,0.382,370.0,369.86,0.214,367.28,delta,351.69,1,1
QQQ,2022-01-21,CALL,2018-2025,2021-12-07,45,397.83,0.21975,30.696,6.139,414.0,420.14,47.04,50.745,,420.0,420.14,0.1902,419.54,banda,351.69,0,0
QQQ,2022-02-18,PUT,2018-2025,2022-01-04,45,396.47,0.20024,27.875,5.575,379.42,385.0,34.68,11.481,,380.0,379.42,0.2809,368.83,delta,341.51,1,1
QQQ,2022-02-18,CALL,2018-2025,2022-01-04,45,396.47,0.20024,27.875,5.575,402.0,407.58,30.43,9.615,0.514,420.0,407.58,0.3361,416.54,delta,341.51,0,0
QQQ,2022-03-18,PUT,2018-2025,2022-02-01,45,365.52,0.24901,31.959,6.392,349.61,356.0,32.32,8.017,0.055,350.0,349.61,0.3067,335.75,delta,351.49,0,1
QQQ,2022-03-18,CALL,2018-2025,2022-02-01,45,365.52,0.24901,31.959,6.392,374.0,380.39,37.66,21.447,0.286,375.0,380.39,0.3167,390.02,delta,351.49,0,0
QQQ,2022-04-14,PUT,2018-2025,2022-02-28,45,346.8,0.28804,35.075,7.015,317.99,325.0,35.11,4.759,,320.0,317.99,0.2194,314.62,delta,338.43,0,1
QQQ,2022-04-14,CALL,2018-2025,2022-02-28,45,346.8,0.28804,35.075,7.015,370.0,377.01,31.89,6.842,0.272,400.0,377.01,0.1598,372.38,banda,338.43,0,0
QQQ,2022-05-20,PUT,2018-2025,2022-04-05,45,361.1,0.24414,30.955,6.191,348.81,355.0,21.52,4.366,,330.0,348.81,0.3377,331.79,delta,288.68,1,1
QQQ,2022-05-20,CALL,2018-2025,2022-04-05,45,361.1,0.24414,30.955,6.191,380.0,386.19,32.46,10.306,,395.0,386.19,0.1803,385.19,banda,288.68,0,0
QQQ,2022-06-17,PUT,2018-2025,2022-05-03,45,318.82,0.33194,37.16,7.432,298.57,306.0,35.86,84.59,0.194,300.0,298.57,0.2775,287.87,delta,274.69,1,1
QQQ,2022-06-17,CALL,2018-2025,2022-05-03,45,318.82,0.33194,37.16,7.432,344.0,351.43,23.68,20.964,0.459,350.0,351.43,0.1632,347.95,banda,274.69,0,0
QQQ,2022-07-15,PUT,2018-2025,2022-05-31,45,308.28,0.30268,32.763,6.553,293.45,300.0,39.91,8.557,0.181,300.0,293.45,0.314,279.24,delta,291.87,1,1
QQQ,2022-07-15,CALL,2018-2025,2022-05-31,45,308.28,0.30268,32.763,6.553,324.0,330.55,44.43,39.963,,330.0,330.55,0.2386,334.5,delta,291.87,0,0
QQQ,2022-08-19,PUT,2018-2025,2022-07-05,45,286.96,0.32219,32.463,6.493,273.51,280.0,40.06,13.549,,280.0,273.51,0.3196,259.32,delta,322.86,0,0
QQQ,2022-08-19,CALL,2018-2025,2022-07-05,45,286.96,0.32219,32.463,6.493,300.0,306.49,39.55,275.376,0.227,300.0,306.49,0.2726,313.11,delta,322.86,1,1
QQQ,2022-09-16,PUT,2018-2025,2022-08-02,45,314.33,0.27829,30.714,6.143,293.86,300.0,36.69,9.012,0.122,300.0,293.86,0.2468,287.36,delta,289.32,1,1
QQQ,2022-09-16,CALL,2018-2025,2022-08-02,45,314.33,0.27829,30.714,6.143,324.0,330.14,37.48,307.813,,330.0,330.14,0.3057,338.47,delta,289.32,0,1
QQQ,2022-10-21,PUT,2018-2025,2022-09-06,45,293.05,0.30756,31.646,6.329,279.67,286.0,48.1,26.007,,280.0,279.67,0.3198,265.95,delta,275.42,1,1
QQQ,2022-10-21,CALL,2018-2025,2022-09-06,45,293.05,0.30756,31.646,6.329,300.0,306.33,25.75,6.473,0.322,300.0,306.33,0.3538,318.57,delta,275.42,0,1
QQQ,2022-11-18,PUT,2018-2025,2022-10-04,45,282.13,0.32219,31.917,6.383,269.62,276.0,49.69,9.746,,270.0,269.62,0.3211,256.27,delta,284.82,0,1
QQQ,2022-11-18,CALL,2018-2025,2022-10-04,45,282.13,0.32219,31.917,6.383,294.0,300.38,40.58,25.046,0.223,300.0,300.38,0.2975,308.95,delta,284.82,0,0
QQQ,2022-12-16,PUT,2018-2025,2022-11-01,45,275.11,0.31243,30.18,6.036,263.96,270.0,36.87,33.915,,270.0,263.96,0.3261,251.11,delta,274.25,0,1
QQQ,2022-12-16,CALL,2018-2025,2022-11-01,45,275.11,0.31243,30.18,6.036,284.0,290.04,33.49,81.569,,290.0,290.04,0.3385,302.24,delta,274.25,0,1
QQQ,2023-01-20,PUT,2018-2025,2022-12-06,45,281.68,0.27341,27.041,5.408,264.59,270.0,35.8,12.322,,270.0,264.59,0.2433,259.94,delta,282.68,0,1
QQQ,2023-01-20,CALL,2018-2025,2022-12-06,45,281.68,0.27341,27.041,5.408,300.0,305.41,36.27,1187.646,,300.0,305.41,0.1937,304.82,banda,282.68,0,0
QQQ,2023-02-17,PUT,2018-2025,2023-01-03,45,264.48,0.29292,27.202,5.44,254.56,260.0,30.57,41.75,0.64,260.0,254.56,0.3237,243.59,delta,301.16,0,0
QQQ,2023-02-17,CALL,2018-2025,2023-01-03,45,264.48,0.29292,27.202,5.44,285.0,290.44,33.17,15.625,0.294,285.0,290.44,0.1671,287.31,banda,301.16,1,1
QQQ,2023-03-17,PUT,2018-2025,2023-01-31,45,294.62,0.24902,25.761,5.152,279.85,285.0,33.8,12.794,,280.0,279.85,0.2586,273.41,delta,305.36,0,0
QQQ,2023-03-17,CALL,2018-2025,2023-01-31,45,294.62,0.24902,25.761,5.152,300.0,305.15,35.35,283.91,0.353,300.0,305.15,0.371,316.68,delta,305.36,1,1
QQQ,2023-04-21,PUT,2018-2025,2023-03-07,45,296.34,0.23927,24.896,4.979,287.02,292.0,27.44,6.775,,290.0,287.02,0.3231,276.5,delta,316.61,0,1
QQQ,2023-04-21,CALL,2018-2025,2023-03-07,45,296.34,0.23927,24.896,4.979,306.0,310.98,26.63,3.877,0.619,310.0,310.98,0.2946,317.96,delta,316.61,1,1
QQQ,2023-05-19,PUT,2018-2025,2023-04-04,45,319.07,0.22951,25.713,5.143,299.86,305.0,20.93,5.375,,300.0,299.86,0.221,297.81,delta,336.51,0,0
QQQ,2023-05-19,CALL,2018-2025,2023-04-04,45,319.07,0.22951,25.713,5.143,330.0,335.14,36.48,2.96,,325.0,335.14,0.2813,341.18,delta,336.51,1,1
QQQ,2023-06-16,PUT,2018-2025,2023-05-02,45,319.38,0.21,23.55,4.71,299.29,304.0,19.34,5.516,,300.0,299.29,0.2044,298.86,delta,367.93,0,0
QQQ,2023-06-16,CALL,2018-2025,2023-05-02,45,319.38,0.21,23.55,4.71,333.0,337.71,20.47,132.974,0.747,335.0,337.71,0.2118,338.55,delta,367.93,1,1
QQQ,2023-07-21,PUT,2018-2025,2023-06-06,45,354.84,0.17585,21.91,4.382,335.62,340.0,22.42,9.295,0.238,340.0,335.62,0.1838,337.38,banda,375.63,0,0
QQQ,2023-07-21,CALL,2018-2025,2023-06-06,45,354.84,0.17585,21.91,4.382,366.0,370.38,33.23,10.338,,370.0,370.38,0.2682,373.94,delta,375.63,1,1
QQQ,2023-08-18,PUT,2018-2025,2023-07-03,46,370.29,0.18073,23.758,4.752,357.25,362.0,16.62,7.176,,360.0,357.25,0.2644,350.98,delta,358.13,0,1
QQQ,2023-08-18,CALL,2018-2025,2023-07-03,46,370.29,0.18073,23.758,4.752,384.0,388.75,32.98,9.358,,385.0,388.75,0.2528,392.92,delta,358.13,0,0
QQQ,2023-09-15,PUT,2018-2025,2023-08-01,45,382.79,0.18073,24.291,4.858,356.14,361.0,18.97,11.788,0.533,360.0,356.14,0.1448,363.11,banda,370.81,0,1
QQQ,2023-09-15,CALL,2018-2025,2023-08-01,45,382.79,0.18073,24.291,4.858,396.0,400.86,29.16,8.1,,400.0,400.86,0.2513,404.77,delta,370.81,0,0
QQQ,2023-10-20,PUT,2018-2025,2023-09-05,45,378.07,0.18073,23.991,4.798,359.2,364.0,19.63,14.092,0.547,350.0,359.2,0.206,358.63,delta,354.6,1,1
QQQ,2023-10-20,CALL,2018-2025,2023-09-05,45,378.07,0.18073,23.991,4.798,384.0,388.8,27.85,7.886,,385.0,388.8,0.3634,398.56,delta,354.6,0,0
QQQ,2023-11-17,PUT,2018-2025,2023-10-03,45,354.92,0.22951,28.602,5.72,344.28,350.0,30.67,13.424,,350.0,344.28,0.3147,332.32,delta,386.04,0,1
QQQ,2023-11-17,CALL,2018-2025,2023-10-03,45,354.92,0.22951,28.602,5.72,370.0,375.72,24.65,3.611,0.3,375.0,375.72,0.2478,378.9,delta,386.04,1,1
QQQ,2023-12-15,PUT,2018-2025,2023-10-31,45,350.87,0.21487,26.472,5.294,334.71,340.0,28.84,11.414,,340.0,334.71,0.25,329.38,delta,405.34,0,0
QQQ,2023-12-15,CALL,2018-2025,2023-10-31,45,350.87,0.21487,26.472,5.294,370.0,375.29,26.83,30.538,,370.0,375.29,0.1775,373.31,banda,405.34,1,1
QQQ,2024-01-19,PUT,2018-2025,2023-12-05,45,387.29,0.16609,22.587,4.517,368.48,373.0,22.3,13.384,,370.0,368.48,0.1906,369.33,banda,421.18,0,0
QQQ,2024-01-19,CALL,2018-2025,2023-12-05,45,387.29,0.16609,22.587,4.517,391.0,395.52,30.8,132.101,,395.0,395.52,0.4032,407.02,delta,421.18,1,1
QQQ,2024-02-16,PUT,2018-2025,2024-01-02,45,402.59,0.16609,23.479,4.696,384.3,389.0,22.19,3.959,,384.78,384.3,0.083,403.14,banda,430.57,0,0
QQQ,2024-02-16,CALL,2018-2025,2024-01-02,45,402.59,0.16609,23.479,4.696,408.78,413.48,27.85,6.586,,409.78,413.48,0.2294,407.94,banda,430.57,1,1
QQQ,2024-03-15,PUT,2018-2025,2024-01-30,45,425.3,0.16609,24.803,4.961,405.82,410.78,14.71,9.687,,400.0,405.82,0.2025,405.58,delta,433.92,0,0
QQQ,2024-03-15,CALL,2018-2025,2024-01-30,45,425.3,0.16609,24.803,4.961,429.78,434.74,32.49,373.456,,429.78,434.74,0.3964,448.42,delta,433.92,0,1
QQQ,2024-04-19,PUT,2018-2025,2024-03-05,45,436.05,0.17585,26.924,5.385,414.62,420.0,28.01,325.542,,430.0,414.62,0.199,414.73,banda,414.65,0,1
QQQ,2024-04-19,CALL,2018-2025,2024-03-05,45,436.05,0.17585,26.924,5.385,449.78,455.16,46.86,135.971,,455.0,455.16,0.2699,461.15,delta,414.65,0,0
QQQ,2024-05-17,PUT,2018-2025,2024-04-02,45,441.11,0.17585,27.236,5.447,419.55,425.0,33.96,534.21,,425.0,419.55,0.2002,419.53,delta,451.76,0,1
QQQ,2024-05-17,CALL,2018-2025,2024-04-02,45,441.11,0.17585,27.236,5.447,459.78,465.23,51.52,110.413,,460.0,465.23,0.2125,466.14,delta,451.76,0,0
QQQ,2024-06-21,PUT,2018-2025,2024-05-07,45,440.32,0.16609,25.679,5.136,419.86,425.0,25.77,73.997,,425.0,419.86,0.1881,420.97,banda,480.18,0,0
QQQ,2024-06-21,CALL,2018-2025,2024-05-07,45,440.32,0.16609,25.679,5.136,445.0,450.14,26.05,15.534,,450.0,450.14,0.4032,464.17,delta,480.18,1,1
QQQ,2024-07-19,PUT,2018-2025,2024-06-04,45,454.37,0.15634,24.942,4.988,445.01,450.0,17.23,6.129,0.697,450.0,445.01,0.3134,434.45,delta,475.24,0,0
QQQ,2024-07-19,CALL,2018-2025,2024-06-04,45,454.37,0.15634,24.942,4.988,460.0,464.99,22.44,311.806,,460.0,464.99,0.3793,476.15,delta,475.24,1,1
QQQ,2024-08-16,PUT,2018-2025,2024-07-02,45,486.98,0.15634,26.733,5.347,464.65,470.0,34.92,249.652,,470.0,464.65,0.191,465.78,banda,475.03,0,1
QQQ,2024-08-16,CALL,2018-2025,2024-07-02,45,486.98,0.15634,26.733,5.347,495.0,500.35,73.09,105.528,,500.0,500.35,0.3495,511.41,delta,475.03,0,1
QQQ,2024-09-20,PUT,2018-2025,2024-08-06,45,439.53,0.28804,44.453,8.891,411.11,420.0,22.71,35.579,,430.0,411.11,0.2431,402.88,delta,482.44,0,0
QQQ,2024-09-20,CALL,2018-2025,2024-08-06,45,439.53,0.28804,44.453,8.891,479.78,488.67,29.16,134.191,,485.0,488.67,0.106,475.02,banda,482.44,0,0
QQQ,2024-10-18,PUT,2018-2025,2024-09-03,45,461.81,0.21975,35.633,7.127,437.87,445.0,32.13,270.351,,440.0,437.87,0.2372,431.6,delta,494.47,0,0
QQQ,2024-10-18,CALL,2018-2025,2024-09-03,45,461.81,0.21975,35.633,7.127,470.0,477.13,27.71,259.576,,475.0,477.13,0.3613,491.07,delta,494.47,1,1
QQQ,2024-11-15,PUT,2018-2025,2024-10-01,45,481.27,0.21975,37.134,7.427,467.57,475.0,21.42,96.635,,470.0,467.57,0.3217,450.34,delta,496.57,0,0
QQQ,2024-11-15,CALL,2018-2025,2024-10-01,45,481.27,0.21975,37.134,7.427,495.0,502.43,40.7,883.871,,500.0,502.43,0.3018,511.81,delta,496.57,0,1
QQQ,2024-12-20,PUT,2018-2025,2024-11-05,45,492.21,0.21487,37.136,7.427,472.57,480.0,21.78,85.727,,480.0,472.57,0.2718,462.29,delta,518.66,0,0
QQQ,2024-12-20,CALL,2018-2025,2024-11-05,45,492.21,0.21487,37.136,7.427,508.0,515.43,30.6,22.186,,500.0,515.43,0.2845,523.43,delta,518.66,1,1
QQQ,2025-01-17,PUT,2018-2025,2024-12-03,45,516.87,0.15634,28.373,5.675,499.33,505.0,24.15,41.403,0.55,500.0,499.33,0.2424,495.07,delta,521.74,0,0
QQQ,2025-01-17,CALL,2018-2025,2024-12-03,45,516.87,0.15634,28.373,5.675,524.78,530.45,42.18,780.367,,524.78,530.45,0.3512,541.13,delta,521.74,0,1
QQQ,2025-02-21,PUT,2018-2025,2025-01-07,45,515.18,0.19536,35.339,7.068,497.93,505.0,47.9,80.691,,500.0,497.93,0.2878,485.69,delta,526.08,0,0
QQQ,2025-02-21,CALL,2018-2025,2025-01-07,45,515.18,0.19536,35.339,7.068,535.0,542.07,29.63,7.982,,540.0,542.07,0.2277,544.33,delta,526.08,0,0
QQQ,2025-03-21,PUT,2018-2025,2025-02-04,45,524.47,0.19049,35.079,7.016,507.98,515.0,24.13,43.204,,500.0,507.98,0.2974,494.27,delta,480.84,1,1
QQQ,2025-03-21,CALL,2018-2025,2025-02-04,45,524.47,0.19049,35.079,7.016,545.0,552.02,34.5,990.634,,550.0,552.02,0.2116,552.94,delta,480.84,0,0
QQQ,2025-04-17,PUT,2018-2025,2025-03-03,45,497.05,0.24414,42.609,8.522,466.48,475.0,33.74,120.013,,490.0,466.48,0.224,461.61,delta,444.1,1,1
QQQ,2025-04-17,CALL,2018-2025,2025-03-03,45,497.05,0.24414,42.609,8.522,534.0,542.52,24.8,2.764,,540.0,542.52,0.116,531.49,banda,444.1,0,0
QQQ,2025-05-16,PUT,2018-2025,2025-04-01,45,472.7,0.22951,38.093,7.619,422.38,430.0,24.32,9.951,0.311,425.0,422.38,0.1194,439.8,banda,521.51,0,1
QQQ,2025-05-16,CALL,2018-2025,2025-04-01,45,472.7,0.22951,38.093,7.619,490.0,497.62,37.76,36.361,,490.0,497.62,0.2683,503.88,delta,521.51,1,1
QQQ,2025-06-20,PUT,2018-2025,2025-05-06,45,481.41,0.24902,42.093,8.419,461.58,470.0,29.5,112.788,,470.0,461.58,0.2969,446.15,delta,526.83,0,0
QQQ,2025-06-20,CALL,2018-2025,2025-05-06,45,481.41,0.24902,42.093,8.419,499.78,508.2,33.94,80.39,,500.0,508.2,0.2663,514.77,delta,526.83,1,1
QQQ,2025-07-18,PUT,2018-2025,2025-06-03,45,527.3,0.19049,35.268,7.054,514.95,522.0,20.11,7.08,0.581,500.0,514.95,0.3333,495.68,delta,561.26,0,0
QQQ,2025-07-18,CALL,2018-2025,2025-06-03,45,527.3,0.19049,35.268,7.054,540.0,547.05,46.84,35.171,,540.0,547.05,0.2991,556.44,delta,561.26,1,1
QQQ,2025-08-15,PUT,2018-2025,2025-07-01,45,546.99,0.18561,35.647,7.129,517.87,525.0,23.15,203.54,0.834,520.0,517.87,0.2114,515.68,delta,577.34,0,0
QQQ,2025-08-15,CALL,2018-2025,2025-07-01,45,546.99,0.18561,35.647,7.129,570.0,577.13,38.59,1032.043,,570.0,577.13,0.2054,577.76,delta,577.34,1,1
QQQ,2025-09-19,PUT,2018-2025,2025-08-05,45,560.27,0.17585,34.594,6.919,544.08,551.0,22.13,23.793,0.233,550.0,544.08,0.2981,528.05,delta,599.35,0,0
QQQ,2025-09-19,CALL,2018-2025,2025-08-05,45,560.27,0.17585,34.594,6.919,567.0,573.92,26.16,9.899,0.435,567.0,573.92,0.3811,588.62,delta,599.35,1,1
QQQ,2025-10-17,PUT,2018-2025,2025-09-02,45,565.62,0.19049,37.831,7.566,532.43,540.0,21.36,7.514,0.744,550.0,532.43,0.1958,533.09,banda,603.93,0,0
QQQ,2025-10-17,CALL,2018-2025,2025-09-02,45,565.62,0.19049,37.831,7.566,574.0,581.57,35.17,105.482,0.25,575.0,581.57,0.3654,595.39,delta,603.93,1,1
QQQ,2025-11-21,PUT,2018-2025,2025-10-07,45,604.51,0.19048,40.431,8.086,571.91,580.0,22.99,117.332,0.363,540.0,571.91,0.2146,568.34,delta,590.07,0,0
QQQ,2025-11-21,CALL,2018-2025,2025-10-07,45,604.51,0.19048,40.431,8.086,620.0,628.09,43.86,4.563,,620.0,628.09,0.3004,639.1,delta,590.07,0,1
QQQ,2025-12-19,PUT,2018-2025,2025-11-04,45,619.25,0.21975,47.781,9.556,599.44,609.0,27.45,179.886,0.259,600.0,599.44,0.3081,580.27,delta,610.54,0,1
QQQ,2025-12-19,CALL,2018-2025,2025-11-04,45,619.25,0.21975,47.781,9.556,641.0,650.56,28.12,1.682,,650.0,650.56,0.2685,659.72,delta,610.54,0,0
IWM,2013-02-16,PUT,2013-2017,2013-01-02,45,86.8,0.17097,5.211,1.042,81.96,83.0,25.39,167.724,0.888,80.0,81.96,0.2072,81.75,delta,91.74,0,0
IWM,2013-02-16,CALL,2013-2017,2013-01-02,45,86.8,0.17097,5.211,1.042,88.0,89.04,60.2,109.11,,88.0,89.04,0.3269,90.73,delta,91.74,1,1
IWM,2013-03-16,PUT,2013-2017,2013-01-30,45,88.97,0.16121,5.036,1.007,84.99,86.0,31.44,935.417,,85.0,84.99,0.236,84.09,delta,94.75,0,0
IWM,2013-03-16,CALL,2013-2017,2013-01-30,45,88.97,0.16121,5.036,1.007,90.0,91.01,69.87,8371.243,,90.0,91.01,0.3347,92.71,delta,94.75,1,1
IWM,2013-04-20,PUT,2013-2017,2013-03-06,45,92.43,0.14659,4.757,0.951,86.05,87.0,15.36,766.498,,87.0,86.05,0.1458,87.43,banda,90.61,0,0
IWM,2013-04-20,CALL,2013-2017,2013-03-06,45,92.43,0.14659,4.757,0.951,94.0,94.95,52.76,24.148,,94.0,94.95,0.2565,95.67,delta,90.61,0,1
IWM,2013-05-18,PUT,2013-2017,2013-04-03,45,91.13,0.17097,5.471,1.094,88.91,90.0,51.23,2023.479,0.203,90.0,88.91,0.3369,85.89,delta,99.05,0,0
IWM,2013-05-18,CALL,2013-2017,2013-04-03,45,91.13,0.17097,5.471,1.094,93.0,94.09,35.35,279.298,,94.0,94.09,0.2825,95.13,delta,99.05,1,1
IWM,2013-06-22,PUT,2013-2017,2013-05-08,45,96.43,0.17097,5.789,1.158,89.84,91.0,27.88,374.547,0.68,95.0,89.84,0.1609,91.12,banda,95.97,0,0
IWM,2013-06-22,CALL,2013-2017,2013-05-08,45,96.43,0.17097,5.789,1.158,98.0,99.16,71.75,96.406,,98.0,99.16,0.2977,100.54,delta,95.97,0,1
IWM,2013-07-20,PUT,2013-2017,2013-06-05,45,96.43,0.20511,6.945,1.389,91.61,93.0,38.21,149.058,,93.0,91.61,0.2601,89.92,delta,104.31,0,0
IWM,2013-07-20,CALL,2013-2017,2013-06-05,45,96.43,0.20511,6.945,1.389,99.0,100.39,41.81,83.452,,99.0,100.39,0.2489,101.24,delta,104.31,1,1
IWM,2013-08-17,PUT,2013-2017,2013-07-03,45,98.28,0.18561,6.405,1.281,93.72,95.0,25.36,2107.291,,95.0,93.72,0.2503,92.18,delta,101.68,0,0
IWM,2013-08-17,CALL,2013-2017,2013-07-03,45,98.28,0.18561,6.405,1.281,100.0,101.28,52.12,63.658,0.424,100.0,101.28,0.3164,103.2,delta,101.68,1,1
IWM,2013-09-21,PUT,2013-2017,2013-08-07,45,103.72,0.16122,5.871,1.174,100.83,102.0,28.35,457.108,,102.0,100.83,0.3161,98.02,delta,106.59,0,1
IWM,2013-09-21,CALL,2013-2017,2013-08-07,45,103.72,0.16122,5.871,1.174,106.0,107.17,54.42,210.089,,107.0,107.17,0.2645,108.23,delta,106.59,0,1
IWM,2013-10-19,PUT,2013-2017,2013-09-04,45,101.95,0.19537,6.993,1.399,97.6,99.0,40.29,194.0,,98.0,97.6,0.2835,95.11,delta,110.69,0,0
IWM,2013-10-19,CALL,2013-2017,2013-09-04,45,101.95,0.19537,6.993,1.399,105.0,106.4,48.46,75.795,,105.0,106.4,0.2352,107.08,delta,110.69,1,1
IWM,2013-11-16,PUT,2013-2017,2013-10-02,45,107.41,0.18561,7.0,1.4,103.6,105.0,31.99,2724.018,0.356,100.0,103.6,0.3023,100.58,delta,110.83,0,1
IWM,2013-11-16,CALL,2013-2017,2013-10-02,45,107.41,0.18561,7.0,1.4,109.0,110.4,46.51,31.908,0.367,110.0,110.4,0.3198,112.38,delta,110.83,1,1
IWM,2013-12-21,PUT,2013-2017,2013-11-06,45,109.12,0.16122,6.177,1.235,106.76,108.0,31.52,1369.766,,107.0,106.76,0.3466,103.51,delta,113.93,0,0
IWM,2013-12-21,CALL,2013-2017,2013-11-06,45,109.12,0.16122,6.177,1.235,111.0,112.24,42.93,48.193,,115.0,112.24,0.3052,113.94,delta,113.93,1,1
IWM,2014-01-18,PUT,2013-2017,2013-12-04,45,111.53,0.16609,6.504,1.301,108.7,110.0,30.51,435.249,0.51,105.0,108.7,0.34,105.11,delta,115.93,0,0
IWM,2014-01-18,CALL,2013-2017,2013-12-04,45,111.53,0.16609,6.504,1.301,113.0,114.3,44.5,3.247,0.372,113.0,114.3,0.3212,116.35,delta,115.93,1,1
IWM,2014-02-22,PUT,2013-2017,2014-01-08,45,114.86,0.15146,6.108,1.222,108.78,110.0,30.27,755.283,0.328,109.0,108.78,0.1985,108.82,banda,115.66,0,1
IWM,2014-02-22,CALL,2013-2017,2014-01-08,45,114.86,0.15146,6.108,1.222,119.0,120.22,38.47,28.858,,120.0,120.22,0.1651,119.59,banda,115.66,0,0
IWM,2014-03-22,PUT,2013-2017,2014-02-05,45,108.65,0.21975,8.384,1.677,103.32,105.0,49.94,1467.778,,105.0,103.32,0.279,100.39,delta,118.61,0,0
IWM,2014-03-22,CALL,2013-2017,2014-02-05,45,108.65,0.21975,8.384,1.677,114.0,115.68,48.53,64.019,0.236,115.0,115.68,0.1704,114.86,banda,118.61,1,1
IWM,2014-04-19,PUT,2013-2017,2014-03-05,45,119.76,0.16121,6.779,1.356,114.64,116.0,26.56,265.259,0.501,110.0,114.64,0.2592,112.81,delta,112.92,1,1
IWM,2014-04-19,CALL,2013-2017,2014-03-05,45,119.76,0.16121,6.779,1.356,122.0,123.36,53.42,20.682,,122.0,123.36,0.2798,124.68,delta,112.92,0,0
IWM,2014-05-17,PUT,2013-2017,2014-04-02,45,118.4,0.16609,6.905,1.381,114.62,116.0,32.27,891.899,,116.0,114.62,0.3017,111.83,delta,109.57,1,1
IWM,2014-05-17,CALL,2013-2017,2014-04-02,45,118.4,0.16609,6.905,1.381,120.0,121.38,44.4,5.751,,120.0,121.38,0.3256,123.65,delta,109.57,0,0
IWM,2014-06-21,PUT,2013-2017,2014-05-07,45,110.14,0.19536,7.555,1.511,106.49,108.0,33.72,1069.677,,107.0,106.49,0.3143,103.25,delta,118.25,0,0
IWM,2014-06-21,CALL,2013-2017,2014-05-07,45,110.14,0.19536,7.555,1.511,115.0,116.51,29.95,28.334,,115.0,116.51,0.1603,115.72,banda,118.25,1,1
IWM,2014-07-19,PUT,2013-2017,2014-06-04,45,112.42,0.17585,6.941,1.388,104.61,106.0,30.39,527.998,0.4,105.0,104.61,0.1695,105.67,banda,114.23,0,0
IWM,2014-07-19,CALL,2013-2017,2014-06-04,45,112.42,0.17585,6.941,1.388,114.0,115.39,44.18,39.334,,114.0,115.39,0.3173,117.4,delta,114.23,0,1
IWM,2014-08-16,PUT,2013-2017,2014-07-02,45,119.1,0.15146,6.334,1.267,114.73,116.0,30.93,685.411,0.521,115.0,114.73,0.2599,113.14,delta,113.39,1,1
IWM,2014-08-16,CALL,2013-2017,2014-07-02,45,119.1,0.15146,6.334,1.267,122.0,123.27,50.78,45.228,,122.0,123.27,0.2325,123.72,delta,113.39,0,0
IWM,2014-09-20,PUT,2013-2017,2014-08-06,45,111.73,0.19049,7.473,1.495,108.51,110.0,36.38,1250.653,,110.0,108.51,0.3376,104.28,delta,113.97,0,0
IWM,2014-09-20,CALL,2013-2017,2014-08-06,45,111.73,0.19049,7.473,1.495,115.0,116.49,24.78,10.646,0.499,120.0,116.49,0.2327,117.03,delta,113.97,0,1
IWM,2014-10-18,PUT,2013-2017,2014-09-03,45,116.46,0.16121,6.592,1.318,112.68,114.0,28.92,925.27,0.436,113.0,112.68,0.299,110.05,delta,107.48,1,1
IWM,2014-10-18,CALL,2013-2017,2014-09-03,45,116.46,0.16121,6.592,1.318,119.0,120.32,57.37,260.898,,120.0,120.32,0.2437,120.9,delta,107.48,0,0
IWM,2014-11-22,PUT,2013-2017,2014-10-08,45,108.97,0.19536,7.475,1.495,104.51,106.0,41.44,2787.552,0.312,105.0,104.51,0.2844,101.9,delta,116.58,0,1
IWM,2014-11-22,CALL,2013-2017,2014-10-08,45,108.97,0.19536,7.475,1.495,111.0,112.49,30.27,57.657,,111.0,112.49,0.3096,114.5,delta,116.58,1,1
IWM,2014-12-20,PUT,2013-2017,2014-11-05,45,116.03,0.18561,7.562,1.512,108.49,110.0,35.0,602.458,0.457,109.0,108.49,0.1909,108.78,banda,118.9,0,0
IWM,2014-12-20,CALL,2013-2017,2014-11-05,45,116.03,0.18561,7.562,1.512,119.0,120.51,44.42,473.568,,120.0,120.51,0.2619,121.66,delta,118.9,0,0
IWM,2015-01-17,PUT,2013-2017,2014-12-03,45,117.37,0.17097,7.046,1.409,109.59,111.0,23.36,392.221,0.498,115.0,109.59,0.1862,110.06,banda,116.7,0,0
IWM,2015-01-17,CALL,2013-2017,2014-12-03,45,117.37,0.17097,7.046,1.409,119.0,120.41,56.58,134.044,0.25,120.0,120.41,0.3141,122.58,delta,116.7,0,1
IWM,2015-02-20,PUT,2013-2017,2015-01-06,45,115.31,0.22463,9.095,1.819,109.18,111.0,25.71,288.248,,113.0,109.18,0.2641,106.62,delta,122.38,0,0
IWM,2015-02-20,CALL,2013-2017,2015-01-06,45,115.31,0.22463,9.095,1.819,119.0,120.82,31.9,148.495,,120.0,120.82,0.2542,121.93,delta,122.38,1,1
IWM,2015-03-20,PUT,2013-2017,2015-02-03,45,118.85,0.19536,8.153,1.631,111.37,113.0,27.79,599.732,,112.0,111.37,0.2124,110.85,delta,125.99,0,0
IWM,2015-03-20,CALL,2013-2017,2015-02-03,45,118.85,0.19536,8.153,1.631,124.0,125.63,38.32,101.354,,122.0,125.63,0.1718,124.87,banda,125.99,1,1
IWM,2015-04-17,PUT,2013-2017,2015-03-03,45,122.74,0.15634,6.738,1.348,118.65,120.0,38.83,601.317,,119.0,118.65,0.2942,115.99,delta,124.43,0,0
IWM,2015-04-17,CALL,2013-2017,2015-03-03,45,122.74,0.15634,6.738,1.348,124.0,125.35,47.49,36.057,,125.0,125.35,0.3351,127.41,delta,124.43,0,1
IWM,2015-05-15,PUT,2013-2017,2015-03-31,45,124.37,0.16609,7.253,1.451,120.55,122.0,28.25,76.469,,122.0,120.55,0.3122,117.21,delta,123.65,0,1
IWM,2015-05-15,CALL,2013-2017,2015-03-31,45,124.37,0.16609,7.253,1.451,129.0,130.45,51.08,16.989,,130.0,130.45,0.1582,129.62,banda,123.65,0,0
IWM,2015-06-19,PUT,2013-2017,2015-05-05,45,120.85,0.17585,7.462,1.492,117.51,119.0,36.39,365.693,0.485,119.0,117.51,0.3286,113.86,delta,127.86,0,0
IWM,2015-06-19,CALL,2013-2017,2015-05-05,45,120.85,0.17585,7.462,1.492,124.0,125.49,31.52,13.189,,125.0,125.49,0.2492,126.43,delta,127.86,1,1
IWM,2015-07-17,PUT,2013-2017,2015-06-02,45,124.52,0.15146,6.622,1.324,119.68,121.0,41.46,96.496,,120.0,119.68,0.265,117.66,delta,125.76,0,0
IWM,2015-07-17,CALL,2013-2017,2015-06-02,45,124.52,0.15146,6.622,1.324,127.0,128.32,33.66,19.001,,128.0,128.32,0.2435,128.89,delta,125.76,0,1
IWM,2015-08-21,PUT,2013-2017,2015-07-07,45,123.88,0.18073,7.861,1.572,119.43,121.0,42.81,143.676,,120.0,119.43,0.2964,116.21,delta,115.03,1,1
IWM,2015-08-21,CALL,2013-2017,2015-07-07,45,123.88,0.18073,7.861,1.572,129.0,130.57,37.32,4.912,,129.0,130.57,0.1423,129.37,banda,115.03,0,0
IWM,2015-09-18,PUT,2013-2017,2015-08-04,45,122.06,0.15146,6.491,1.298,118.7,120.0,32.12,941.018,,120.0,118.7,0.3126,115.49,delta,115.72,1,1
IWM,2015-09-18,CALL,2013-2017,2015-08-04,45,122.06,0.15146,6.491,1.298,126.0,127.3,44.16,73.057,,127.0,127.3,0.1648,126.7,banda,115.72,0,0
IWM,2015-10-16,PUT,2013-2017,2015-09-01,45,111.9,0.27341,10.742,2.148,107.85,110.0,56.69,240.749,0.251,110.0,107.85,0.3429,101.77,delta,115.42,0,1
IWM,2015-10-16,CALL,2013-2017,2015-09-01,45,111.9,0.27341,10.742,2.148,118.0,120.15,40.3,42.942,,118.0,120.15,0.1876,119.79,banda,115.42,0,0
IWM,2015-11-20,PUT,2013-2017,2015-10-06,45,112.49,0.21487,8.487,1.697,108.3,110.0,30.3,516.229,0.635,110.0,108.3,0.3103,104.65,delta,116.81,0,0
IWM,2015-11-20,CALL,2013-2017,2015-10-06,45,112.49,0.21487,8.487,1.697,114.0,115.7,31.11,97.244,0.492,118.0,115.7,0.3439,118.41,delta,116.81,1,1
IWM,2015-12-18,PUT,2013-2017,2015-11-03,45,118.35,0.17585,7.308,1.462,114.54,116.0,27.82,287.584,0.415,115.0,114.54,0.3115,111.25,delta,111.48,1,1
IWM,2015-12-18,CALL,2013-2017,2015-11-03,45,118.35,0.17585,7.308,1.462,120.0,121.46,61.84,312.56,,120.0,121.46,0.3238,123.6,delta,111.48,0,0
IWM,2016-01-15,PUT,2013-2017,2015-12-01,45,119.89,0.15634,6.581,1.316,111.68,113.0,22.99,111.946,0.638,115.0,111.68,0.1621,113.0,banda,100.12,1,1
IWM,2016-01-15,CALL,2013-2017,2015-12-01,45,119.89,0.15634,6.581,1.316,122.0,123.32,40.02,196.875,,123.0,123.32,0.2647,124.32,delta,100.12,0,0
IWM,2016-02-19,PUT,2013-2017,2016-01-05,45,110.25,0.20024,7.752,1.55,107.45,109.0,48.09,351.292,,108.0,107.45,0.353,102.86,delta,100.45,1,1
IWM,2016-02-19,CALL,2013-2017,2016-01-05,45,110.25,0.20024,7.752,1.55,118.0,119.55,33.28,162.763,0.291,118.0,119.55,0.069,116.17,banda,100.45,0,0
IWM,2016-03-18,PUT,2013-2017,2016-02-02,45,100.28,0.24902,8.768,1.754,96.25,98.0,36.89,161.91,,98.0,96.25,0.3131,92.6,delta,109.61,0,1
IWM,2016-03-18,CALL,2013-2017,2016-02-02,45,100.28,0.24902,8.768,1.754,104.0,105.75,29.2,591.36,,105.0,105.75,0.2518,107.03,delta,109.61,1,1
IWM,2016-04-15,PUT,2013-2017,2016-03-01,45,104.94,0.18561,6.839,1.368,98.63,100.0,25.72,99.947,0.4,100.0,98.63,0.2196,97.91,delta,112.45,0,0
IWM,2016-04-15,CALL,2013-2017,2016-03-01,45,104.94,0.18561,6.839,1.368,106.0,107.37,54.5,53.151,0.247,107.0,107.37,0.357,109.95,delta,112.45,1,1
IWM,2016-05-20,PUT,2013-2017,2016-04-05,45,108.94,0.18561,7.1,1.42,105.58,107.0,34.46,320.697,0.469,106.0,105.58,0.3167,102.22,delta,110.79,0,0
IWM,2016-05-20,CALL,2013-2017,2016-04-05,45,108.94,0.18561,7.1,1.42,114.0,115.42,59.45,829.411,,114.0,115.42,0.1474,114.15,banda,110.79,0,0
IWM,2016-06-17,PUT,2013-2017,2016-05-03,45,111.62,0.18073,7.083,1.417,108.58,110.0,25.31,355.344,0.255,110.0,108.58,0.3354,104.68,delta,114.06,0,1
IWM,2016-06-17,CALL,2013-2017,2016-05-03,45,111.62,0.18073,7.083,1.417,114.0,115.42,41.77,6166.686,,115.0,115.42,0.2842,116.95,delta,114.06,0,1
IWM,2016-07-15,PUT,2013-2017,2016-05-31,45,115.0,0.16121,6.51,1.302,109.7,111.0,35.96,1831.849,0.412,110.0,109.7,0.248,108.17,delta,119.7,0,1
IWM,2016-07-15,CALL,2013-2017,2016-05-31,45,115.0,0.16121,6.51,1.302,117.0,118.3,50.52,1073.514,,118.0,118.3,0.2817,119.55,delta,119.7,1,1
IWM,2016-08-19,PUT,2013-2017,2016-07-05,45,113.69,0.19049,7.604,1.521,109.48,111.0,34.58,1015.322,,110.0,109.48,0.3036,106.08,delta,122.94,0,0
IWM,2016-08-19,CALL,2013-2017,2016-07-05,45,113.69,0.19049,7.604,1.521,120.0,121.52,39.63,173.583,,120.0,121.52,0.1047,119.13,banda,122.94,1,1
IWM,2016-09-16,PUT,2013-2017,2016-08-02,45,119.48,0.17097,7.173,1.435,116.57,118.0,28.32,400.537,,118.0,116.57,0.3378,112.64,delta,121.86,0,0
IWM,2016-09-16,CALL,2013-2017,2016-08-02,45,119.48,0.17097,7.173,1.435,124.0,125.43,54.39,1140.355,0.091,125.0,125.43,0.1659,124.82,banda,121.86,0,1
IWM,2016-10-21,PUT,2013-2017,2016-09-06,45,124.63,0.15146,6.628,1.326,119.67,121.0,33.56,55.629,,121.0,119.67,0.2623,117.72,delta,121.07,0,0
IWM,2016-10-21,CALL,2013-2017,2016-09-06,45,124.63,0.15146,6.628,1.326,127.0,128.33,45.99,236.931,,128.0,128.33,0.2592,129.29,delta,121.07,0,0
IWM,2016-11-18,PUT,2013-2017,2016-10-04,45,123.21,0.18073,7.819,1.564,120.44,122.0,29.69,817.917,,122.0,120.44,0.3574,115.79,delta,130.99,0,1
IWM,2016-11-18,CALL,2013-2017,2016-10-04,45,123.21,0.18073,7.819,1.564,125.0,126.56,45.1,174.456,,125.0,126.56,0.3243,128.79,delta,130.99,1,1
IWM,2016-12-16,PUT,2013-2017,2016-11-01,45,117.05,0.21,8.631,1.726,113.27,115.0,31.56,512.09,0.318,115.0,113.27,0.3253,109.21,delta,135.91,0,0
IWM,2016-12-16,CALL,2013-2017,2016-11-01,45,117.05,0.21,8.631,1.726,120.0,121.73,34.99,120.818,0.308,121.0,121.73,0.2821,123.41,delta,135.91,1,1
IWM,2017-01-20,PUT,2013-2017,2016-12-06,45,134.59,0.15634,7.388,1.478,124.52,126.0,26.49,1663.327,0.427,125.0,124.52,0.1465,126.9,banda,134.44,0,0
IWM,2017-01-20,CALL,2013-2017,2016-12-06,45,134.59,0.15634,7.388,1.478,136.0,137.48,55.19,500.135,,136.0,137.48,0.329,139.75,delta,134.44,0,1
IWM,2017-02-17,PUT,2013-2017,2017-01-03,45,135.52,0.17585,8.368,1.674,129.33,131.0,30.06,81.592,,130.0,129.33,0.2477,127.47,delta,139.11,0,0
IWM,2017-02-17,CALL,2013-2017,2017-01-03,45,135.52,0.17585,8.368,1.674,140.0,141.67,28.12,144.157,,141.0,141.67,0.2295,142.34,delta,139.11,0,0
IWM,2017-03-17,PUT,2013-2017,2017-01-31,45,135.23,0.17097,8.118,1.624,130.38,132.0,30.2,604.607,,132.0,130.38,0.2778,127.78,delta,138.46,0,0
IWM,2017-03-17,CALL,2013-2017,2017-01-31,45,135.23,0.17097,8.118,1.624,140.0,141.62,29.43,130.088,,140.0,141.62,0.204,141.73,delta,138.46,0,0
IWM,2017-04-21,PUT,2013-2017,2017-03-07,45,136.8,0.15634,7.509,1.502,133.5,135.0,25.25,38.725,,135.0,133.5,0.334,129.7,delta,137.21,0,1
IWM,2017-04-21,CALL,2013-2017,2017-03-07,45,136.8,0.15634,7.509,1.502,140.0,141.5,30.22,90.736,,140.0,141.5,0.2462,142.52,delta,137.21,0,0
IWM,2017-05-19,PUT,2013-2017,2017-04-04,45,135.87,0.16122,7.691,1.538,129.46,131.0,27.93,414.459,,133.0,129.46,0.2153,128.86,delta,136.03,0,0
IWM,2017-05-19,CALL,2013-2017,2017-04-04,45,135.87,0.16122,7.691,1.538,139.0,140.54,33.82,109.479,0.35,140.0,140.54,0.2706,142.02,delta,136.03,0,1
IWM,2017-06-16,PUT,2013-2017,2017-05-02,45,139.15,0.1417,6.923,1.385,133.62,135.0,37.51,1608.262,,135.0,133.62,0.2275,132.67,delta,140.19,0,0
IWM,2017-06-16,CALL,2013-2017,2017-05-02,45,139.15,0.1417,6.923,1.385,141.0,142.38,32.44,950.516,0.478,150.0,142.38,0.3273,145.0,delta,140.19,0,1
IWM,2017-07-21,PUT,2013-2017,2017-06-06,45,138.85,0.14659,7.147,1.429,133.57,135.0,36.14,110.64,,135.0,133.57,0.249,132.04,delta,142.55,0,0
IWM,2017-07-21,CALL,2013-2017,2017-06-06,45,138.85,0.14659,7.147,1.429,143.0,144.43,44.8,65.671,,143.0,144.43,0.1928,144.26,banda,142.55,0,0
IWM,2017-08-18,PUT,2013-2017,2017-07-03,46,142.1,0.13195,6.656,1.331,136.67,138.0,32.35,332.371,0.4,138.0,136.67,0.2434,135.15,delta,134.92,1,1
IWM,2017-08-18,CALL,2013-2017,2017-07-03,46,142.1,0.13195,6.656,1.331,144.0,145.33,46.83,234.438,,145.0,145.33,0.2891,146.85,delta,134.92,0,0
IWM,2017-09-15,PUT,2013-2017,2017-08-01,45,141.78,0.12707,6.326,1.265,138.73,140.0,37.15,5237.189,0.348,140.0,138.73,0.3155,135.34,delta,142.41,0,1
IWM,2017-09-15,CALL,2013-2017,2017-08-01,45,141.78,0.12707,6.326,1.265,143.0,144.27,39.87,168.99,,143.0,144.27,0.3509,146.62,delta,142.41,0,0
IWM,2017-10-20,PUT,2013-2017,2017-09-05,45,139.17,0.14658,7.163,1.433,133.57,135.0,32.66,158.823,0.381,134.0,133.57,0.2418,132.05,delta,149.98,0,0
IWM,2017-10-20,CALL,2013-2017,2017-09-05,45,139.17,0.14658,7.163,1.433,143.0,144.43,46.85,823.837,,144.0,144.43,0.1892,144.2,banda,149.98,1,1
IWM,2017-11-17,PUT,2013-2017,2017-10-03,45,150.33,0.13195,6.965,1.393,143.61,145.0,20.0,28.917,0.788,145.0,143.61,0.1865,144.15,banda,148.45,0,0
IWM,2017-11-17,CALL,2013-2017,2017-10-03,45,150.33,0.13195,6.965,1.393,152.0,153.39,83.18,25.008,,152.0,153.39,0.3394,155.77,delta,148.45,0,0
IWM,2017-12-15,PUT,2013-2017,2017-10-31,45,149.26,0.1417,7.426,1.485,143.51,145.0,42.9,126.387,0.063,145.0,143.51,0.2285,142.55,delta,152.24,0,0
IWM,2017-12-15,CALL,2013-2017,2017-10-31,45,149.26,0.1417,7.426,1.485,154.0,155.49,40.49,44.173,,155.0,155.49,0.1847,155.1,banda,152.24,0,0
IWM,2018-01-19,PUT,2018-2025,2017-12-05,45,150.93,0.15634,8.285,1.657,141.34,143.0,18.81,765.951,,142.0,141.34,0.1686,142.81,banda,158.6,0,0
IWM,2018-01-19,CALL,2018-2025,2017-12-05,45,150.93,0.15634,8.285,1.657,153.0,154.66,35.96,20.024,0.234,154.0,154.66,0.3187,157.22,delta,158.6,1,1
IWM,2018-02-16,PUT,2018-2025,2018-01-02,45,153.9,0.12219,6.603,1.321,149.68,151.0,27.89,134.205,,148.0,149.68,0.2726,147.37,delta,153.34,0,1
IWM,2018-02-16,CALL,2018-2025,2018-01-02,45,153.9,0.12219,6.603,1.321,157.0,158.32,40.77,102.102,,157.0,158.32,0.2369,159.02,delta,153.34,0,1
IWM,2018-03-16,PUT,2018-2025,2018-01-30,45,157.18,0.16609,9.167,1.833,153.17,155.0,32.08,208.862,0.196,154.0,153.17,0.3122,149.17,delta,157.8,0,1
IWM,2018-03-16,CALL,2018-2025,2018-01-30,45,157.18,0.16609,9.167,1.833,164.0,165.83,37.54,7.848,0.322,165.0,165.83,0.1717,164.9,banda,157.8,0,0
IWM,2018-04-20,PUT,2018-2025,2018-03-06,45,155.37,0.15634,8.529,1.706,146.29,148.0,23.91,571.451,,148.0,146.29,0.1905,146.67,banda,155.55,0,0
IWM,2018-04-20,CALL,2018-2025,2018-03-06,45,155.37,0.15634,8.529,1.706,157.0,158.71,41.07,47.19,,157.0,158.71,0.3458,161.68,delta,155.55,0,1
IWM,2018-05-18,PUT,2018-2025,2018-04-03,45,150.25,0.19536,10.306,2.061,145.94,148.0,35.2,1228.944,,148.0,145.94,0.3232,140.78,delta,161.87,0,0
IWM,2018-05-18,CALL,2018-2025,2018-04-03,45,150.25,0.19536,10.306,2.061,158.0,160.06,34.78,124.424,,156.0,160.06,0.1464,158.66,banda,161.87,1,1
IWM,2018-06-15,PUT,2018-2025,2018-05-01,45,154.07,0.14658,7.93,1.586,150.41,152.0,23.69,164.138,0.415,152.0,150.41,0.3089,147.05,delta,167.81,0,0
IWM,2018-06-15,CALL,2018-2025,2018-05-01,45,154.07,0.14658,7.93,1.586,159.0,160.59,39.77,77.519,,160.0,160.59,0.186,160.23,banda,167.81,1,1
IWM,2018-07-20,PUT,2018-2025,2018-06-05,45,165.73,0.12219,7.111,1.422,154.58,156.0,27.65,70.201,0.289,155.0,154.58,0.1228,159.03,banda,168.48,0,0
IWM,2018-07-20,CALL,2018-2025,2018-06-05,45,165.73,0.12219,7.111,1.422,167.0,168.42,52.78,127.104,,168.0,168.42,0.3559,171.32,delta,168.48,1,1
IWM,2018-08-17,PUT,2018-2025,2018-07-03,45,164.96,0.16122,9.338,1.868,153.13,155.0,23.02,94.668,0.123,158.0,153.13,0.1407,156.38,banda,168.35,0,0
IWM,2018-08-17,CALL,2018-2025,2018-07-03,45,164.96,0.16122,9.338,1.868,167.0,168.87,29.87,7.943,,172.0,168.87,0.3465,172.11,delta,168.35,0,1
IWM,2018-09-21,PUT,2018-2025,2018-08-07,45,167.72,0.11732,6.909,1.382,163.62,165.0,23.22,260.862,0.466,165.0,163.62,0.2772,160.98,delta,170.4,0,0
IWM,2018-09-21,CALL,2018-2025,2018-08-07,45,167.72,0.11732,6.909,1.382,170.0,171.38,44.33,28.478,,170.0,171.38,0.3132,173.42,delta,170.4,0,1
IWM,2018-10-19,PUT,2018-2025,2018-09-04,45,172.25,0.12707,7.685,1.537,167.46,169.0,32.13,91.597,,169.0,167.46,0.2742,164.79,delta,153.36,1,1
IWM,2018-10-19,CALL,2018-2025,2018-09-04,45,172.25,0.12707,7.685,1.537,175.0,176.54,37.78,20.456,,175.0,176.54,0.2941,178.41,delta,153.36,0,0
IWM,2018-11-16,PUT,2018-2025,2018-10-02,45,164.53,0.14658,8.468,1.694,158.31,160.0,38.43,418.34,0.075,160.0,158.31,0.2369,156.48,delta,151.94,1,1
IWM,2018-11-16,CALL,2018-2025,2018-10-02,45,164.53,0.14658,8.468,1.694,170.0,171.69,21.64,2.39,0.546,170.0,171.69,0.1821,171.21,banda,151.94,0,0
IWM,2018-12-21,PUT,2018-2025,2018-11-05,46,153.88,0.21975,12.005,2.401,144.6,147.0,28.95,86.259,,145.0,144.6,0.2288,143.06,delta,128.37,1,1
IWM,2018-12-21,CALL,2018-2025,2018-11-05,46,153.88,0.21975,12.005,2.401,169.0,171.4,22.17,4.268,0.197,169.0,171.4,0.0447,163.14,banda,128.37,0,0
IWM,2019-01-18,PUT,2018-2025,2018-12-04,45,147.52,0.21487,11.13,2.226,139.77,142.0,35.31,52.761,,140.0,139.77,0.2519,137.37,delta,147.33,0,1
IWM,2019-01-18,CALL,2018-2025,2018-12-04,45,147.52,0.21487,11.13,2.226,158.0,160.23,37.0,21.55,,160.0,160.23,0.1072,156.36,banda,147.33,0,0
IWM,2019-02-15,PUT,2018-2025,2018-12-31,46,133.9,0.26853,12.765,2.553,127.45,130.0,41.61,20.115,0.055,130.0,127.45,0.2866,123.35,delta,156.22,0,0
IWM,2019-02-15,CALL,2018-2025,2018-12-31,46,133.9,0.26853,12.765,2.553,144.0,146.55,30.84,67.092,,146.0,146.55,0.1516,144.79,banda,156.22,1,1
IWM,2019-03-15,PUT,2018-2025,2019-01-29,45,146.2,0.20024,10.279,2.056,139.94,142.0,32.53,60.656,0.366,140.0,139.94,0.2678,137.16,delta,154.76,0,0
IWM,2019-03-15,CALL,2018-2025,2019-01-29,45,146.2,0.20024,10.279,2.056,148.0,150.06,47.75,42.408,,150.0,150.06,0.37,154.52,delta,154.76,1,1
IWM,2019-04-18,PUT,2018-2025,2019-03-04,45,156.81,0.15634,8.608,1.722,149.28,151.0,25.19,318.819,,150.0,149.28,0.2159,148.6,delta,155.64,0,1
IWM,2019-04-18,CALL,2018-2025,2019-03-04,45,156.81,0.15634,8.608,1.722,165.0,166.72,31.54,36.102,0.476,166.0,166.72,0.0729,163.22,banda,155.64,0,0
IWM,2019-05-17,PUT,2018-2025,2019-04-02,45,154.36,0.16609,9.002,1.8,151.2,153.0,19.15,67.995,0.37,145.0,151.2,0.343,146.28,delta,152.84,0,1
IWM,2019-05-17,CALL,2018-2025,2019-04-02,45,154.36,0.16609,9.002,1.8,159.0,160.8,32.19,102.321,,162.0,160.8,0.2169,161.16,delta,152.84,0,1
IWM,2019-06-21,PUT,2018-2025,2019-05-07,45,157.53,0.19536,10.806,2.161,149.84,152.0,37.98,86.157,,150.0,149.84,0.244,147.55,delta,153.95,0,1
IWM,2019-06-21,CALL,2018-2025,2019-05-07,45,157.53,0.19536,10.806,2.161,160.0,162.16,35.07,20.988,,160.0,162.16,0.351,165.97,delta,153.95,0,0
IWM,2019-07-19,PUT,2018-2025,2019-06-04,45,150.16,0.18561,9.786,1.957,144.04,146.0,31.42,346.847,,145.0,144.04,0.2691,141.18,delta,153.82,0,0
IWM,2019-07-19,CALL,2018-2025,2019-06-04,45,150.16,0.18561,9.786,1.957,157.0,158.96,39.36,23.772,,157.0,158.96,0.1446,157.49,banda,153.82,0,0
IWM,2019-08-16,PUT,2018-2025,2019-07-02,45,155.15,0.15146,8.251,1.65,151.35,153.0,26.19,6025.183,,150.0,151.35,0.3086,147.68,delta,148.63,1,1
IWM,2019-08-16,CALL,2018-2025,2019-07-02,45,155.15,0.15146,8.251,1.65,160.0,161.65,41.49,490.734,,160.0,161.65,0.1938,161.5,banda,148.63,0,0
IWM,2019-09-20,PUT,2018-2025,2019-08-06,45,149.36,0.21975,11.525,2.305,144.7,147.0,42.61,12.878,0.262,145.0,144.7,0.3224,139.3,delta,155.43,0,1
IWM,2019-09-20,CALL,2018-2025,2019-08-06,45,149.36,0.21975,11.525,2.305,160.0,162.3,38.7,10.471,0.251,160.0,162.3,0.0688,157.8,banda,155.43,0,0
IWM,2019-10-18,PUT,2018-2025,2019-09-04,44,147.84,0.19537,10.028,2.006,143.99,146.0,37.84,182.988,,140.0,143.99,0.3435,138.33,delta,152.61,0,0
IWM,2019-10-18,CALL,2018-2025,2019-09-04,44,147.84,0.19537,10.028,2.006,154.0,156.01,36.13,17.021,,156.0,156.01,0.1718,155.15,banda,152.61,0,1
IWM,2019-11-15,PUT,2018-2025,2019-10-01,45,148.37,0.21,10.94,2.188,142.81,145.0,43.94,1932.155,0.145,145.0,142.81,0.2951,138.69,delta,158.92,0,0
IWM,2019-11-15,CALL,2018-2025,2019-10-01,45,148.37,0.21,10.94,2.188,153.0,155.19,25.62,2.358,0.458,155.0,155.19,0.2485,156.71,delta,158.92,1,1
IWM,2019-12-20,PUT,2018-2025,2019-11-05,45,159.15,0.15146,8.464,1.693,153.31,155.0,22.03,34.181,0.297,150.0,153.31,0.2576,151.06,delta,165.97,0,0
IWM,2019-12-20,CALL,2018-2025,2019-11-05,45,159.15,0.15146,8.464,1.693,162.0,163.69,44.69,9.233,,163.0,163.69,0.294,165.49,delta,165.97,1,1
IWM,2020-01-17,PUT,2018-2025,2019-12-03,45,159.68,0.17097,9.586,1.917,148.08,150.0,23.44,20.372,0.287,150.0,148.08,0.1588,150.37,banda,169.07,0,0
IWM,2020-01-17,CALL,2018-2025,2019-12-03,45,159.68,0.17097,9.586,1.917,164.0,165.92,49.27,47.229,0.117,165.0,165.92,0.24,167.02,delta,169.07,1,1
IWM,2020-02-21,PUT,2018-2025,2020-01-07,45,164.8,0.1417,8.199,1.64,159.36,161.0,25.51,349.705,0.313,160.0,159.36,0.2675,156.84,delta,167.1,0,0
IWM,2020-02-21,CALL,2018-2025,2020-01-07,45,164.8,0.1417,8.199,1.64,172.0,173.64,54.39,588.639,,172.0,173.64,0.1053,171.23,banda,167.1,0,0
IWM,2020-03-20,PUT,2018-2025,2020-02-04,45,164.77,0.16122,9.327,1.865,156.13,158.0,27.79,80.402,,158.0,156.13,0.2037,155.99,delta,101.4,1,1
IWM,2020-03-20,CALL,2018-2025,2020-02-04,45,164.77,0.16122,9.327,1.865,169.0,170.87,41.3,91.383,,170.0,170.87,0.2385,171.85,delta,101.4,0,0
IWM,2020-04-17,PUT,2018-2025,2020-03-03,45,147.95,0.30268,15.724,3.145,139.86,143.0,41.18,43.6,,140.0,139.86,0.2988,133.49,delta,122.06,1,1
IWM,2020-04-17,CALL,2018-2025,2020-03-03,45,147.95,0.30268,15.724,3.145,157.0,160.14,45.06,6.682,,157.0,160.14,0.168,159.11,banda,122.06,0,0
IWM,2020-05-15,PUT,2018-2025,2020-03-31,45,114.46,0.50755,20.398,4.08,89.92,94.0,24.29,3.144,0.498,90.0,89.92,0.1391,96.71,banda,125.08,0,0
IWM,2020-05-15,CALL,2018-2025,2020-03-31,45,114.46,0.50755,20.398,4.08,126.0,130.08,27.92,9.12,,126.0,130.08,0.1899,129.48,banda,125.08,0,1
IWM,2020-06-19,PUT,2018-2025,2020-05-05,45,126.65,0.40511,18.015,3.603,116.4,120.0,41.66,8.072,,120.0,116.4,0.2772,111.14,delta,140.99,0,0
IWM,2020-06-19,CALL,2018-2025,2020-05-05,45,126.65,0.40511,18.015,3.603,130.0,133.6,32.86,13.742,,140.0,133.6,0.358,140.3,delta,140.99,1,1
IWM,2020-07-17,PUT,2018-2025,2020-06-02,45,141.39,0.35146,17.448,3.49,129.51,133.0,27.63,5.44,0.173,130.0,129.51,0.2516,125.82,delta,146.59,0,0
IWM,2020-07-17,CALL,2018-2025,2020-06-02,45,141.39,0.35146,17.448,3.49,152.0,155.49,29.47,33.233,,155.0,155.49,0.1638,153.84,banda,146.59,0,0
IWM,2020-08-21,PUT,2018-2025,2020-07-07,45,140.89,0.35145,17.386,3.477,129.52,133.0,29.68,17.23,,130.0,129.52,0.2556,125.53,delta,154.61,0,0
IWM,2020-08-21,CALL,2018-2025,2020-07-07,45,140.89,0.35145,17.386,3.477,152.0,155.48,32.27,44.216,0.546,145.0,155.48,0.1691,153.81,banda,154.61,0,1
IWM,2020-09-18,PUT,2018-2025,2020-08-04,45,150.79,0.28317,14.992,2.998,139.0,142.0,20.48,10.651,,145.0,139.0,0.2325,136.8,delta,153.29,0,0
IWM,2020-09-18,CALL,2018-2025,2020-08-04,45,150.79,0.28317,14.992,2.998,154.0,157.0,33.96,1743.391,0.098,155.0,157.0,0.3456,162.44,delta,153.29,0,1
IWM,2020-10-16,PUT,2018-2025,2020-09-01,45,157.21,0.28804,15.9,3.18,144.82,148.0,24.53,10.328,,140.0,144.82,0.2318,142.42,delta,162.35,0,1
IWM,2020-10-16,CALL,2018-2025,2020-09-01,45,157.21,0.28804,15.9,3.18,168.0,171.18,35.04,4.6,,170.0,171.18,0.1766,169.88,banda,162.35,0,0
IWM,2020-11-20,PUT,2018-2025,2020-10-06,45,156.62,0.32219,17.718,3.544,146.46,150.0,28.81,42.866,,140.0,146.46,0.2809,141.05,delta,177.5,0,0
IWM,2020-11-20,CALL,2018-2025,2020-10-06,45,156.62,0.32219,17.718,3.544,164.0,167.54,34.94,3.224,,160.0,167.54,0.2612,170.57,delta,177.5,1,1
IWM,2020-12-18,PUT,2018-2025,2020-11-03,45,160.24,0.3417,19.225,3.845,147.15,151.0,20.4,9.476,0.793,140.0,147.15,0.2512,142.94,delta,195.34,0,0
IWM,2020-12-18,CALL,2018-2025,2020-11-03,45,160.24,0.3417,19.225,3.845,169.0,172.85,35.13,7.182,,170.0,172.85,0.2429,174.83,delta,195.34,1,1
IWM,2021-01-15,PUT,2018-2025,2020-12-01,45,182.7,0.27341,17.539,3.508,171.49,175.0,26.91,27.372,0.232,172.0,171.49,0.2661,166.97,delta,210.75,0,0
IWM,2021-01-15,CALL,2018-2025,2020-12-01,45,182.7,0.27341,17.539,3.508,187.0,190.51,42.95,3.718,,190.0,190.51,0.3324,196.8,delta,210.75,1,1
IWM,2021-02-19,PUT,2018-2025,2021-01-05,45,196.49,0.28317,19.536,3.907,184.09,188.0,34.11,42.912,,188.0,184.09,0.2653,178.7,delta,225.19,0,0
IWM,2021-02-19,CALL,2018-2025,2021-01-05,45,196.49,0.28317,19.536,3.907,210.0,213.91,34.87,4.499,0.075,210.0,213.91,0.1667,211.66,banda,225.19,1,1
IWM,2021-03-19,PUT,2018-2025,2021-02-02,45,213.61,0.28804,21.604,4.321,205.68,210.0,26.87,27.293,,210.0,205.68,0.346,193.79,delta,226.94,0,0
IWM,2021-03-19,CALL,2018-2025,2021-02-02,45,213.61,0.28804,21.604,4.321,218.0,222.32,33.16,2.418,,230.0,222.32,0.3536,230.83,delta,226.94,1,1
IWM,2021-04-16,PUT,2018-2025,2021-03-02,45,221.72,0.30756,23.943,4.789,209.21,214.0,34.2,5.549,0.295,210.0,209.21,0.299,199.68,delta,224.65,0,1
IWM,2021-04-16,CALL,2018-2025,2021-03-02,45,221.72,0.30756,23.943,4.789,231.0,235.79,37.06,4.474,,235.0,235.79,0.2659,240.2,delta,224.65,0,0
IWM,2021-05-21,PUT,2018-2025,2021-04-06,45,224.31,0.24414,19.229,3.846,209.15,213.0,35.48,68.002,,210.0,209.15,0.2277,207.08,delta,219.97,0,0
IWM,2021-05-21,CALL,2018-2025,2021-04-06,45,224.31,0.24414,19.229,3.846,234.0,237.85,44.98,9.698,,235.0,237.85,0.2247,239.35,delta,219.97,0,0
IWM,2021-06-18,PUT,2018-2025,2021-05-04,45,223.29,0.24901,19.523,3.905,212.1,216.0,22.62,38.55,,215.0,212.1,0.2878,205.1,delta,222.13,0,1
IWM,2021-06-18,CALL,2018-2025,2021-05-04,45,223.29,0.24901,19.523,3.905,227.0,230.9,32.86,4.647,0.087,230.0,230.9,0.3464,238.25,delta,222.13,0,1
IWM,2021-07-16,PUT,2018-2025,2021-06-01,45,228.06,0.20512,16.425,3.285,211.71,215.0,42.13,256.835,0.121,212.0,211.71,0.1959,212.16,banda,214.95,0,0
IWM,2021-07-16,CALL,2018-2025,2021-06-01,45,228.06,0.20512,16.425,3.285,235.0,238.29,39.56,124.511,0.143,250.0,238.29,0.2553,240.61,delta,214.95,0,0
IWM,2021-08-20,PUT,2018-2025,2021-07-06,45,225.86,0.20512,16.267,3.253,218.75,222.0,43.34,29.212,,220.0,218.75,0.3357,210.12,delta,215.52,1,1
IWM,2021-08-20,CALL,2018-2025,2021-07-06,45,225.86,0.20512,16.267,3.253,230.0,233.25,30.97,25.637,,230.0,233.25,0.3278,238.77,delta,215.52,0,0
IWM,2021-09-17,PUT,2018-2025,2021-08-03,45,220.86,0.23439,18.176,3.635,209.36,213.0,28.25,99.485,,210.0,209.36,0.2692,203.9,delta,222.48,0,0
IWM,2021-09-17,CALL,2018-2025,2021-08-03,45,220.86,0.23439,18.176,3.635,225.0,228.64,27.83,17.432,,225.0,228.64,0.3276,234.21,delta,222.48,0,1
IWM,2021-10-15,PUT,2018-2025,2021-08-31,45,225.92,0.20024,15.884,3.177,209.82,213.0,33.05,6.743,,213.0,209.82,0.2028,209.63,delta,225.16,0,0
IWM,2021-10-15,CALL,2018-2025,2021-08-31,45,225.92,0.20024,15.884,3.177,230.0,233.18,49.61,28.227,,230.0,233.18,0.3189,238.08,delta,225.16,0,0
IWM,2021-11-19,PUT,2018-2025,2021-10-05,45,221.02,0.23926,18.568,3.714,209.29,213.0,34.46,50.394,,210.0,209.29,0.2699,204.05,delta,232.72,0,0
IWM,2021-11-19,CALL,2018-2025,2021-10-05,45,221.02,0.23926,18.568,3.714,230.0,233.71,37.09,44.925,,230.0,233.71,0.2244,235.06,delta,232.72,0,1
IWM,2021-12-17,PUT,2018-2025,2021-11-02,45,234.45,0.20024,16.484,3.297,218.7,222.0,25.13,72.158,,220.0,218.7,0.2005,218.67,delta,215.14,1,1
IWM,2021-12-17,CALL,2018-2025,2021-11-02,45,234.45,0.20024,16.484,3.297,237.0,240.3,36.59,14.243,,245.0,240.3,0.3614,247.84,delta,215.14,0,1
IWM,2022-01-21,PUT,2018-2025,2021-12-07,45,224.1,0.24414,19.211,3.842,217.16,221.0,21.35,15.466,0.291,220.0,217.16,0.355,204.63,delta,196.99,1,1
IWM,2022-01-21,CALL,2018-2025,2021-12-07,45,224.1,0.24414,19.211,3.842,238.0,241.84,26.99,8.416,,240.0,241.84,0.1476,239.07,banda,196.99,0,0
IWM,2022-02-18,PUT,2018-2025,2022-01-04,45,224.98,0.20024,15.818,3.164,213.84,217.0,38.63,17.451,,215.0,213.84,0.2586,209.64,delta,199.47,1,1
IWM,2022-02-18,CALL,2018-2025,2022-01-04,45,224.98,0.20024,15.818,3.164,232.0,235.16,40.32,24.464,,235.0,235.16,0.2533,237.83,delta,199.47,0,0
IWM,2022-03-18,PUT,2018-2025,2022-02-01,45,203.36,0.25877,18.478,3.696,196.3,200.0,22.92,5.257,0.201,200.0,196.3,0.3444,185.74,delta,207.27,0,1
IWM,2022-03-18,CALL,2018-2025,2022-02-01,45,203.36,0.25877,18.478,3.696,215.0,218.7,31.66,46.518,,215.0,218.7,0.1717,216.99,banda,207.27,0,0
IWM,2022-04-14,PUT,2018-2025,2022-02-28,45,203.32,0.30268,21.608,4.322,195.68,200.0,27.52,2.427,,200.0,195.68,0.3506,183.2,delta,198.96,0,1
IWM,2022-04-14,CALL,2018-2025,2022-02-28,45,203.32,0.30268,21.608,4.322,216.0,220.32,28.64,35.431,,220.0,220.32,0.1879,219.71,banda,198.96,0,0
IWM,2022-05-20,PUT,2018-2025,2022-04-05,45,202.99,0.23926,17.053,3.411,196.59,200.0,41.87,11.995,,200.0,196.59,0.3437,187.45,delta,176.08,1,1
IWM,2022-05-20,CALL,2018-2025,2022-04-05,45,202.99,0.23926,17.053,3.411,210.0,213.41,34.45,234.52,,210.0,213.41,0.2623,215.99,delta,176.08,0,0
IWM,2022-06-17,PUT,2018-2025,2022-05-03,45,188.49,0.30755,20.355,4.071,180.93,185.0,34.25,21.629,,185.0,180.93,0.3382,171.04,delta,165.18,1,1
IWM,2022-06-17,CALL,2018-2025,2022-05-03,45,188.49,0.30755,20.355,4.071,197.0,201.07,37.46,77.628,,200.0,201.07,0.2543,203.84,delta,165.18,0,0
IWM,2022-07-15,PUT,2018-2025,2022-05-31,45,185.31,0.29292,19.059,3.812,174.19,178.0,45.49,11.449,,175.0,174.19,0.2772,168.46,delta,173.09,1,1
IWM,2022-07-15,CALL,2018-2025,2022-05-31,45,185.31,0.29292,19.059,3.812,199.0,202.81,46.99,19.123,,200.0,202.81,0.1539,199.8,banda,173.09,0,0
IWM,2022-08-19,PUT,2018-2025,2022-07-05,45,172.83,0.30756,18.664,3.733,159.27,163.0,34.27,6.215,,160.0,159.27,0.2323,157.08,delta,194.65,0,0
IWM,2022-08-19,CALL,2018-2025,2022-07-05,45,172.83,0.30756,18.664,3.733,177.0,180.73,30.14,14.525,0.474,180.0,180.73,0.3463,187.71,delta,194.65,1,1
IWM,2022-09-16,PUT,2018-2025,2022-08-02,45,187.0,0.26365,17.311,3.462,167.54,171.0,41.2,12.188,0.143,170.0,167.54,0.1557,171.67,banda,178.99,0,0
IWM,2022-09-16,CALL,2018-2025,2022-08-02,45,187.0,0.26365,17.311,3.462,193.0,196.46,24.88,69.295,,190.0,196.46,0.3046,201.36,delta,178.99,0,1
IWM,2022-10-21,PUT,2018-2025,2022-09-06,45,178.31,0.28804,18.034,3.607,171.39,175.0,35.26,605.776,,175.0,171.39,0.3312,163.02,delta,172.7,0,1
IWM,2022-10-21,CALL,2018-2025,2022-09-06,45,178.31,0.28804,18.034,3.607,188.0,191.61,31.04,3.428,,190.0,191.61,0.2279,193.13,delta,172.7,0,0
IWM,2022-11-18,PUT,2018-2025,2022-10-04,45,176.0,0.31731,19.609,3.922,166.08,170.0,27.7,41.043,0.174,160.0,166.08,0.2847,159.87,delta,183.72,0,1
IWM,2022-11-18,CALL,2018-2025,2022-10-04,45,176.0,0.31731,19.609,3.922,183.0,186.92,31.85,34.434,,190.0,186.92,0.306,192.74,delta,183.72,0,1
IWM,2022-12-16,PUT,2018-2025,2022-11-01,45,183.58,0.2978,19.196,3.839,171.16,175.0,24.75,2650.967,,180.0,171.16,0.2419,167.99,delta,174.37,0,0
IWM,2022-12-16,CALL,2018-2025,2022-11-01,45,183.58,0.2978,19.196,3.839,198.0,201.84,33.27,436.434,0.037,200.0,201.84,0.1814,200.44,banda,174.37,0,0
IWM,2023-01-20,PUT,2018-2025,2022-12-06,45,180.07,0.24901,15.744,3.149,173.85,177.0,40.29,26.305,,175.0,173.85,0.32,167.01,delta,185.04,0,1
IWM,2023-01-20,CALL,2018-2025,2022-12-06,45,180.07,0.24901,15.744,3.149,187.0,190.15,36.65,306.214,,190.0,190.15,0.2723,193.64,delta,185.04,0,0
IWM,2023-02-17,PUT,2018-2025,2023-01-03,45,173.4,0.25877,15.755,3.151,163.85,167.0,44.88,771.424,,170.0,163.85,0.2472,160.92,delta,193.13,0,0
IWM,2023-02-17,CALL,2018-2025,2023-01-03,45,173.4,0.25877,15.755,3.151,187.0,190.15,30.01,10.073,,190.0,190.15,0.1385,187.17,banda,193.13,1,1
IWM,2023-03-17,PUT,2018-2025,2023-01-31,45,191.48,0.21975,14.774,2.955,177.05,180.0,24.21,5.909,,175.0,177.05,0.1668,179.13,banda,171.23,1,1
IWM,2023-03-17,CALL,2018-2025,2023-01-31,45,191.48,0.21975,14.774,2.955,194.0,196.95,45.28,409.29,,195.0,196.95,0.386,204.11,delta,171.23,0,1
IWM,2023-04-21,PUT,2018-2025,2023-03-07,45,186.51,0.21975,14.391,2.878,177.12,180.0,48.06,28.592,,180.0,177.12,0.2415,174.92,delta,177.56,0,1
IWM,2023-04-21,CALL,2018-2025,2023-03-07,45,186.51,0.21975,14.391,2.878,190.0,192.88,39.41,15.996,0.092,200.0,192.88,0.3586,198.87,delta,177.56,0,0
IWM,2023-05-19,PUT,2018-2025,2023-04-04,45,175.35,0.23439,14.431,2.886,167.11,170.0,34.11,24.006,,170.0,167.11,0.2668,163.24,delta,176.11,0,0
IWM,2023-05-19,CALL,2018-2025,2023-04-04,45,175.35,0.23439,14.431,2.886,179.0,181.89,31.6,23.925,0.227,180.0,181.89,0.3525,187.62,delta,176.11,0,0
IWM,2023-06-16,PUT,2018-2025,2023-05-02,45,171.7,0.21975,13.249,2.65,164.35,167.0,43.72,26.139,0.097,165.0,164.35,0.2769,159.85,delta,185.94,0,0
IWM,2023-06-16,CALL,2018-2025,2023-05-02,45,171.7,0.21975,13.249,2.65,178.0,180.65,37.2,101.891,,180.0,180.65,0.25,182.0,delta,185.94,1,1
IWM,2023-07-21,PUT,2018-2025,2023-06-06,45,184.31,0.18561,12.012,2.402,169.6,172.0,37.43,17.843,,170.0,169.6,0.1288,174.32,banda,194.46,0,0
IWM,2023-07-21,CALL,2018-2025,2023-06-06,45,184.31,0.18561,12.012,2.402,188.0,190.4,45.9,46.129,,190.0,190.4,0.342,195.44,delta,194.46,1,1
IWM,2023-08-18,PUT,2018-2025,2023-07-03,46,187.65,0.17585,11.714,2.343,174.66,177.0,34.5,1697.919,,180.0,174.66,0.139,178.63,banda,184.65,0,0
IWM,2023-08-18,CALL,2018-2025,2023-07-03,46,187.65,0.17585,11.714,2.343,190.0,192.34,35.68,1157.562,0.429,190.0,192.34,0.3932,198.69,delta,184.65,0,1
IWM,2023-09-15,PUT,2018-2025,2023-08-01,45,197.8,0.18073,12.552,2.51,187.49,190.0,27.15,20.862,,190.0,187.49,0.1972,187.63,banda,183.61,1,1
IWM,2023-09-15,CALL,2018-2025,2023-08-01,45,197.8,0.18073,12.552,2.51,203.0,205.51,33.95,723.48,,205.0,205.51,0.2978,209.16,delta,183.61,0,0
IWM,2023-10-20,PUT,2018-2025,2023-09-05,45,186.83,0.16609,10.896,2.179,178.82,181.0,43.86,151.744,,181.0,178.82,0.228,177.22,delta,166.44,1,1
IWM,2023-10-20,CALL,2018-2025,2023-09-05,45,186.83,0.16609,10.896,2.179,190.0,192.18,37.63,323.344,0.314,190.0,192.18,0.3518,196.95,delta,166.44,0,0
IWM,2023-11-17,PUT,2018-2025,2023-10-03,45,171.14,0.21975,13.205,2.641,165.36,168.0,60.08,127.613,,168.0,165.36,0.2962,160.65,delta,178.29,0,1
IWM,2023-11-17,CALL,2018-2025,2023-10-03,45,171.14,0.21975,13.205,2.641,175.0,177.64,28.79,65.17,0.199,175.0,177.64,0.3441,182.66,delta,178.29,1,1
IWM,2023-12-15,PUT,2018-2025,2023-10-31,45,164.52,0.21487,12.413,2.483,157.52,160.0,39.46,26.282,,160.0,157.52,0.2581,154.73,delta,197.04,0,0
IWM,2023-12-15,CALL,2018-2025,2023-10-31,45,164.52,0.21487,12.413,2.483,175.0,177.48,24.59,111.175,,175.0,177.48,0.1449,175.38,banda,197.04,1,1
IWM,2024-01-19,PUT,2018-2025,2023-12-05,45,184.39,0.18561,12.017,2.403,169.6,172.0,24.22,23.317,0.61,170.0,169.6,0.1232,174.83,banda,192.43,0,0
IWM,2024-01-19,CALL,2018-2025,2023-12-05,45,184.39,0.18561,12.017,2.403,190.0,192.4,41.68,10817.333,,190.0,192.4,0.2965,196.19,delta,192.43,1,1
IWM,2024-02-16,PUT,2018-2025,2024-01-02,45,199.52,0.20512,14.37,2.874,189.13,192.0,40.54,524.678,,190.0,189.13,0.215,188.27,delta,201.66,0,1
IWM,2024-02-16,CALL,2018-2025,2024-01-02,45,199.52,0.20512,14.37,2.874,209.0,211.87,33.26,13.241,,210.0,211.87,0.234,213.61,delta,201.66,0,0
IWM,2024-03-15,PUT,2018-2025,2024-01-30,45,197.71,0.20999,14.578,2.916,187.08,190.0,24.43,32.141,,190.0,187.08,0.2006,187.05,delta,202.41,0,0
IWM,2024-03-15,CALL,2018-2025,2024-01-30,45,197.71,0.20999,14.578,2.916,200.0,202.92,35.69,66.648,,200.0,202.92,0.4156,212.6,delta,202.41,0,1
IWM,2024-04-19,PUT,2018-2025,2024-03-05,45,203.73,0.21487,15.371,3.074,192.93,196.0,30.55,16.782,,196.0,192.93,0.2131,191.75,delta,193.14,0,1
IWM,2024-04-19,CALL,2018-2025,2024-03-05,45,203.73,0.21487,15.371,3.074,212.0,215.07,45.78,21.255,,215.0,215.07,0.2713,218.8,delta,193.14,0,0
IWM,2024-05-17,PUT,2018-2025,2024-04-02,45,204.49,0.20512,14.728,2.946,197.05,200.0,33.06,63.499,,198.0,197.05,0.2649,193.46,delta,208.08,0,1
IWM,2024-05-17,CALL,2018-2025,2024-04-02,45,204.49,0.20512,14.728,2.946,208.0,210.95,32.65,6.788,0.147,210.0,210.95,0.377,218.93,delta,208.08,0,0
IWM,2024-06-21,PUT,2018-2025,2024-05-07,45,204.97,0.19537,14.06,2.812,193.19,196.0,26.23,52.552,,200.0,193.19,0.1865,193.92,banda,200.35,0,0
IWM,2024-06-21,CALL,2018-2025,2024-05-07,45,204.97,0.19537,14.06,2.812,210.0,212.81,26.11,4.831,0.195,210.0,212.81,0.3241,218.08,delta,200.35,0,0
IWM,2024-07-19,PUT,2018-2025,2024-06-04,45,201.97,0.18073,12.816,2.563,192.44,195.0,37.63,211.808,,195.0,192.44,0.2173,191.58,delta,216.84,0,0
IWM,2024-07-19,CALL,2018-2025,2024-06-04,45,201.97,0.18073,12.816,2.563,214.0,216.56,27.29,4.566,0.273,215.0,216.56,0.1534,214.23,banda,216.84,1,1
IWM,2024-08-16,PUT,2018-2025,2024-07-02,45,201.88,0.17097,12.119,2.424,189.58,192.0,37.38,188.207,,192.0,189.58,0.1468,192.51,banda,212.6,0,0
IWM,2024-08-16,CALL,2018-2025,2024-07-02,45,201.88,0.17097,12.119,2.424,210.0,212.42,39.75,12.601,,210.0,212.42,0.2253,213.48,delta,212.6,1,1
IWM,2024-09-20,PUT,2018-2025,2024-08-06,45,204.4,0.30268,21.723,4.345,188.66,193.0,30.2,4.176,,200.0,188.66,0.2141,187.18,delta,221.57,0,0
IWM,2024-09-20,CALL,2018-2025,2024-08-06,45,204.4,0.30268,21.723,4.345,210.0,214.34,23.02,4.362,,210.0,214.34,0.3557,223.02,delta,221.57,1,1
IWM,2024-10-18,PUT,2018-2025,2024-09-03,45,213.35,0.22951,17.193,3.439,206.56,210.0,42.63,20.12,,210.0,206.56,0.3126,199.25,delta,225.65,0,1
IWM,2024-10-18,CALL,2018-2025,2024-09-03,45,213.35,0.22951,17.193,3.439,223.0,226.44,28.11,8.449,,220.0,226.44,0.2479,229.13,delta,225.65,0,1
IWM,2024-11-15,PUT,2018-2025,2024-10-01,45,217.89,0.24902,19.052,3.81,208.19,212.0,35.85,26.769,,210.0,208.19,0.2813,202.33,delta,228.48,0,0
IWM,2024-11-15,CALL,2018-2025,2024-10-01,45,217.89,0.24902,19.052,3.81,228.0,231.81,31.3,4.512,,230.0,231.81,0.2565,235.34,delta,228.48,0,1
IWM,2024-12-20,PUT,2018-2025,2024-11-05,45,224.23,0.25877,20.374,4.075,207.93,212.0,24.89,16.851,,210.0,207.93,0.196,208.47,banda,221.92,0,0
IWM,2024-12-20,CALL,2018-2025,2024-11-05,45,224.23,0.25877,20.374,4.075,228.0,232.07,25.91,32.615,0.667,230.0,232.07,0.3926,243.82,delta,221.92,0,1
IWM,2025-01-17,PUT,2018-2025,2024-12-03,45,240.03,0.20511,17.287,3.457,228.54,232.0,35.5,72.773,0.333,230.0,228.54,0.2362,225.7,delta,225.46,1,1
IWM,2025-01-17,CALL,2018-2025,2024-12-03,45,240.03,0.20511,17.287,3.457,247.0,250.46,40.53,10.795,,250.0,250.46,0.3023,255.94,delta,225.46,0,0
IWM,2025-02-21,PUT,2018-2025,2025-01-07,45,222.72,0.21,16.422,3.284,211.72,215.0,42.64,1296.994,,214.0,211.72,0.2311,209.36,delta,217.8,0,0
IWM,2025-02-21,CALL,2018-2025,2025-01-07,45,222.72,0.21,16.422,3.284,227.0,230.28,23.62,8.192,,235.0,230.28,0.358,238.15,delta,217.8,0,1
IWM,2025-03-21,PUT,2018-2025,2025-02-04,45,226.93,0.20512,16.344,3.269,214.73,218.0,39.38,15.603,,215.0,214.73,0.2142,213.72,delta,203.79,1,1
IWM,2025-03-21,CALL,2018-2025,2025-02-04,45,226.93,0.20512,16.344,3.269,232.0,235.27,29.08,37.383,,235.0,235.27,0.335,241.15,delta,203.79,0,0
IWM,2025-04-17,PUT,2018-2025,2025-03-03,45,208.78,0.24902,18.255,3.651,202.35,206.0,63.99,55.532,,205.0,202.35,0.3269,194.25,delta,186.48,1,1
IWM,2025-04-17,CALL,2018-2025,2025-03-03,45,208.78,0.24902,18.255,3.651,222.0,225.65,35.31,25.489,,222.0,225.65,0.1725,224.38,banda,186.48,0,0
IWM,2025-05-16,PUT,2018-2025,2025-04-01,45,199.51,0.24414,17.103,3.421,189.58,193.0,51.38,17.487,,190.0,189.58,0.2594,185.62,delta,209.85,0,1
IWM,2025-05-16,CALL,2018-2025,2025-04-01,45,199.51,0.24414,17.103,3.421,207.0,210.42,21.55,26.766,,215.0,210.42,0.2803,214.68,delta,209.85,0,0
IWM,2025-06-20,PUT,2018-2025,2025-05-06,45,196.77,0.25877,17.879,3.576,188.42,192.0,33.73,15.0,,190.0,188.42,0.3004,181.43,delta,209.21,0,0
IWM,2025-06-20,CALL,2018-2025,2025-05-06,45,196.77,0.25877,17.879,3.576,207.0,210.58,25.92,35.491,,210.0,210.58,0.2204,211.73,delta,209.21,0,1
IWM,2025-07-18,PUT,2018-2025,2025-06-03,45,209.03,0.21975,16.129,3.226,197.77,201.0,24.88,4.975,0.161,200.0,197.77,0.2321,195.48,delta,222.33,0,0
IWM,2025-07-18,CALL,2018-2025,2025-06-03,45,209.03,0.21975,16.129,3.226,220.0,223.23,44.03,925.202,,220.0,223.23,0.1997,223.21,banda,222.33,0,1
IWM,2025-08-15,PUT,2018-2025,2025-07-01,45,218.01,0.21487,16.448,3.29,204.71,208.0,27.44,8.599,,205.0,204.71,0.2048,204.4,delta,227.13,0,0
IWM,2025-08-15,CALL,2018-2025,2025-07-01,45,218.01,0.21487,16.448,3.29,230.0,233.29,45.22,492.041,0.047,230.0,233.29,0.2115,233.95,delta,227.13,0,0
IWM,2025-09-19,PUT,2018-2025,2025-08-05,45,220.85,0.22951,17.797,3.559,208.44,212.0,39.15,15.948,,210.0,208.44,0.2367,205.48,delta,242.98,0,0
IWM,2025-09-19,CALL,2018-2025,2025-08-05,45,220.85,0.22951,17.797,3.559,228.0,231.56,32.14,17.689,,230.0,231.56,0.2971,236.15,delta,242.98,1,1
IWM,2025-10-17,PUT,2018-2025,2025-09-02,45,233.9,0.21975,18.048,3.61,221.39,225.0,25.52,12.201,,215.0,221.39,0.2317,218.74,delta,243.41,0,0
IWM,2025-10-17,CALL,2018-2025,2025-09-02,45,233.9,0.21975,18.048,3.61,237.0,240.61,44.08,3.877,,240.0,240.61,0.3855,250.12,delta,243.41,1,1
IWM,2025-11-21,PUT,2018-2025,2025-10-07,45,244.16,0.21487,18.421,3.684,231.32,235.0,30.99,154.563,,235.0,231.32,0.2229,229.43,delta,235.6,0,1
IWM,2025-11-21,CALL,2018-2025,2025-10-07,45,244.16,0.21487,18.421,3.684,252.0,255.68,37.15,502.583,,250.0,255.68,0.2915,261.02,delta,235.6,0,0
IWM,2025-12-19,PUT,2018-2025,2025-11-04,45,241.2,0.24414,20.676,4.135,230.86,235.0,28.69,8.546,0.392,235.0,230.86,0.287,224.29,delta,251.93,0,1
IWM,2025-12-19,CALL,2018-2025,2025-11-04,45,241.2,0.24414,20.676,4.135,246.0,250.14,32.7,16.921,,250.0,250.14,0.3553,258.58,delta,251.93,1,1
