simbolo,vencimiento,lado,ventana,fecha_medicion,dte,spot,atm_iv,em,w,banda_lo,banda_hi,pct_lado,xmed,xvalle,argmax,borde,delta_borde,k_delta_max,ata,spot_venc,cerro_mas_alla,toco
SPY,2013-02-16,PUT,2013-2017,2013-01-02,45,146.06,0.13195,6.767,2.03,139.97,142.0,33.27,855.325,,145.0,139.97,0.2165,139.5,delta,152.11,0,0
SPY,2013-02-16,CALL,2013-2017,2013-01-02,45,146.06,0.13195,6.767,2.03,148.0,150.03,86.24,310.528,,150.0,150.03,0.2566,151.15,delta,152.11,1,1
SPY,2013-03-16,PUT,2013-2017,2013-01-30,45,150.07,0.13194,6.953,2.086,143.91,146.0,29.71,3272.96,,145.0,143.91,0.2216,142.95,delta,155.83,0,0
SPY,2013-03-16,CALL,2013-2017,2013-01-30,45,150.07,0.13194,6.953,2.086,154.0,156.09,54.84,1148.96,,155.0,156.09,0.1431,154.83,banda,155.83,0,1
SPY,2013-04-20,PUT,2013-2017,2013-03-06,45,154.5,0.11244,6.099,1.83,149.17,151.0,23.58,1455.614,,150.0,149.17,0.2453,147.95,delta,155.48,0,0
SPY,2013-04-20,CALL,2013-2017,2013-03-06,45,154.5,0.11244,6.099,1.83,158.0,159.83,44.89,976.058,,159.0,159.83,0.1278,158.46,banda,155.48,0,0
SPY,2013-05-18,PUT,2013-2017,2013-04-03,45,155.23,0.12707,6.926,2.078,150.92,153.0,35.57,1460.921,,153.0,150.92,0.2774,148.26,delta,166.94,0,0
SPY,2013-05-18,CALL,2013-2017,2013-04-03,45,155.23,0.12707,6.926,2.078,157.0,159.08,45.5,226.823,,163.0,159.08,0.2561,160.15,delta,166.94,1,1
SPY,2013-06-22,PUT,2013-2017,2013-05-08,45,163.34,0.12219,7.008,2.102,154.9,157.0,27.24,1398.994,,155.0,154.9,0.1538,156.42,banda,159.07,0,0
SPY,2013-06-22,CALL,2013-2017,2013-05-08,45,163.34,0.12219,7.008,2.102,165.0,167.1,82.01,118.334,,166.0,167.1,0.2689,168.0,delta,159.07,0,1
SPY,2013-07-20,PUT,2013-2017,2013-06-05,45,161.27,0.15634,8.853,2.656,156.34,159.0,34.66,101.988,,158.0,156.34,0.3066,152.39,delta,169.17,0,1
SPY,2013-07-20,CALL,2013-2017,2013-06-05,45,161.27,0.15634,8.853,2.656,163.0,165.66,42.72,10.399,,165.0,165.66,0.2793,167.39,delta,169.17,1,1
SPY,2013-08-17,PUT,2013-2017,2013-07-03,45,161.28,0.15634,8.853,2.656,154.34,157.0,37.11,189.435,,155.0,154.34,0.2303,153.21,delta,165.83,0,0
SPY,2013-08-17,CALL,2013-2017,2013-07-03,45,161.28,0.15634,8.853,2.656,165.0,167.66,42.88,8.724,,166.0,167.66,0.2091,167.9,delta,165.83,0,1
SPY,2013-09-21,PUT,2013-2017,2013-08-07,45,169.18,0.12707,7.548,2.265,164.74,167.0,35.56,5317.49,0.444,165.0,164.74,0.2906,162.02,delta,170.72,0,1
SPY,2013-09-21,CALL,2013-2017,2013-08-07,45,169.18,0.12707,7.548,2.265,171.0,173.26,46.75,54.276,,175.0,173.26,0.2615,174.35,delta,170.72,0,1
SPY,2013-10-19,PUT,2013-2017,2013-09-04,45,165.75,0.14659,8.531,2.559,159.44,162.0,36.85,267.099,,160.0,159.44,0.2597,157.07,delta,174.39,0,0
SPY,2013-10-19,CALL,2013-2017,2013-09-04,45,165.75,0.14659,8.531,2.559,169.0,171.56,58.54,81.093,,170.0,171.56,0.1982,171.52,banda,174.39,1,1
SPY,2013-11-16,PUT,2013-2017,2013-10-02,45,169.18,0.14658,8.707,2.612,164.39,167.0,34.86,204.937,,165.0,164.39,0.3052,160.49,delta,180.05,0,0
SPY,2013-11-16,CALL,2013-2017,2013-10-02,45,169.18,0.14658,8.707,2.612,172.0,174.61,49.65,43.799,,172.0,174.61,0.226,175.05,delta,180.05,1,1
SPY,2013-12-21,PUT,2013-2017,2013-11-06,45,177.17,0.12219,7.602,2.28,169.72,172.0,26.19,768.911,,170.0,169.72,0.2018,169.66,delta,181.56,0,0
SPY,2013-12-21,CALL,2013-2017,2013-11-06,45,177.17,0.12219,7.602,2.28,180.0,182.28,56.14,229.402,,180.0,182.28,0.1978,182.23,banda,181.56,0,0
SPY,2014-01-18,PUT,2013-2017,2013-12-04,45,179.73,0.11732,7.403,2.221,174.78,177.0,31.26,385.44,0.504,175.0,174.78,0.29,171.65,delta,183.64,0,0
SPY,2014-01-18,CALL,2013-2017,2013-12-04,45,179.73,0.11732,7.403,2.221,181.0,183.22,53.89,57.001,,183.0,183.22,0.2849,184.86,delta,183.64,1,1
SPY,2014-02-22,PUT,2013-2017,2014-01-08,45,183.52,0.10756,6.931,2.079,179.92,182.0,40.18,1664.366,,180.0,179.92,0.3139,176.41,delta,183.89,0,1
SPY,2014-02-22,CALL,2013-2017,2014-01-08,45,183.52,0.10756,6.931,2.079,187.0,189.08,55.5,34.288,,187.0,189.08,0.1855,188.84,banda,183.89,0,0
SPY,2014-03-22,PUT,2013-2017,2014-02-05,45,175.17,0.17097,10.516,3.155,169.85,173.0,46.01,369.647,,170.0,169.85,0.3173,164.65,delta,186.2,0,0
SPY,2014-03-22,CALL,2013-2017,2014-02-05,45,175.17,0.17097,10.516,3.155,177.0,180.15,36.01,7.058,,180.0,180.15,0.2932,182.36,delta,186.2,1,1
SPY,2014-04-19,PUT,2013-2017,2014-03-05,45,187.75,0.11732,7.734,2.32,179.68,182.0,29.33,863.633,,180.0,179.68,0.2011,179.6,delta,186.39,0,0
SPY,2014-04-19,CALL,2013-2017,2014-03-05,45,187.75,0.11732,7.734,2.32,189.0,191.32,75.43,19.464,,190.0,191.32,0.289,193.06,delta,186.39,0,0
SPY,2014-05-17,PUT,2013-2017,2014-04-02,45,188.88,0.11244,7.457,2.237,183.76,186.0,27.43,811.466,,180.0,183.76,0.2718,181.37,delta,188.05,0,1
SPY,2014-05-17,CALL,2013-2017,2014-04-02,45,188.88,0.11244,7.457,2.237,190.0,192.24,55.91,14.286,,190.0,192.24,0.3204,194.28,delta,188.05,0,0
SPY,2014-06-21,PUT,2013-2017,2014-05-07,45,187.88,0.12219,8.061,2.418,182.58,185.0,28.42,3224.461,,180.0,182.58,0.2793,179.85,delta,195.94,0,0
SPY,2014-06-21,CALL,2013-2017,2014-05-07,45,187.88,0.12219,8.061,2.418,193.0,195.42,51.61,10.167,,194.0,195.42,0.1185,193.51,banda,195.94,1,1
SPY,2014-07-19,PUT,2013-2017,2014-06-04,45,193.19,0.10755,7.296,2.189,186.81,189.0,23.91,393.193,,191.0,186.81,0.2415,185.51,delta,197.71,0,0
SPY,2014-07-19,CALL,2013-2017,2014-06-04,45,193.19,0.10755,7.296,2.189,195.0,197.19,61.3,31.402,,195.0,197.19,0.2478,198.11,delta,197.71,1,1
SPY,2014-08-16,PUT,2013-2017,2014-07-02,45,197.23,0.09292,6.435,1.93,191.07,193.0,23.79,395.801,,192.0,191.07,0.2214,190.42,delta,195.72,0,1
SPY,2014-08-16,CALL,2013-2017,2014-07-02,45,197.23,0.09292,6.435,1.93,199.0,200.93,69.08,207.278,,200.0,200.93,0.2759,202.43,delta,195.72,0,0
SPY,2014-09-20,PUT,2013-2017,2014-08-06,45,192.07,0.14659,9.886,2.966,187.03,190.0,32.42,82.868,,190.0,187.03,0.3176,181.97,delta,200.7,0,0
SPY,2014-09-20,CALL,2013-2017,2014-08-06,45,192.07,0.14659,9.886,2.966,198.0,200.97,44.45,39.506,,198.0,200.97,0.1042,198.46,banda,200.7,0,1
SPY,2014-10-18,PUT,2013-2017,2014-09-03,45,200.5,0.10755,7.572,2.272,192.73,195.0,27.23,158.976,,195.0,192.73,0.2203,192.02,delta,188.47,1,1
SPY,2014-10-18,CALL,2013-2017,2014-09-03,45,200.5,0.10755,7.572,2.272,205.0,207.27,88.65,140.591,,205.0,207.27,0.1517,205.85,banda,188.47,0,0
SPY,2014-11-22,PUT,2013-2017,2014-10-08,45,196.64,0.13195,9.11,2.733,192.27,195.0,34.98,47.071,,195.0,192.27,0.3237,187.3,delta,206.68,0,1
SPY,2014-11-22,CALL,2013-2017,2014-10-08,45,196.64,0.13195,9.11,2.733,199.0,201.73,41.37,63.334,0.428,200.0,201.73,0.2663,202.91,delta,206.68,1,1
SPY,2014-12-20,PUT,2013-2017,2014-11-05,45,202.34,0.13194,9.374,2.812,194.19,197.0,23.66,37.158,,195.0,194.19,0.2347,192.45,delta,206.52,0,0
SPY,2014-12-20,CALL,2013-2017,2014-11-05,45,202.34,0.13194,9.374,2.812,204.0,206.81,56.2,183.838,0.106,205.0,206.81,0.2979,208.74,delta,206.52,0,1
SPY,2015-01-17,PUT,2013-2017,2014-12-03,45,207.89,0.11244,8.207,2.462,197.54,200.0,26.26,199.756,0.433,200.0,197.54,0.1756,198.56,banda,201.63,0,0
SPY,2015-01-17,CALL,2013-2017,2014-12-03,45,207.89,0.11244,8.207,2.462,210.0,212.46,64.18,78.03,,212.0,212.46,0.2349,213.2,delta,201.63,0,1
SPY,2015-02-20,PUT,2013-2017,2015-01-06,45,199.82,0.17585,12.338,3.701,192.3,196.0,43.48,580.675,,196.0,192.3,0.2881,187.35,delta,211.24,0,0
SPY,2015-02-20,CALL,2013-2017,2015-01-06,45,199.82,0.17585,12.338,3.701,207.0,210.7,38.97,5.079,,210.0,210.7,0.132,208.66,banda,211.24,1,1
SPY,2015-03-20,PUT,2013-2017,2015-02-03,45,204.84,0.15146,10.894,3.268,196.73,200.0,29.72,34.895,0.584,200.0,196.73,0.2705,193.07,delta,210.41,0,0
SPY,2015-03-20,CALL,2013-2017,2015-02-03,45,204.84,0.15146,10.894,3.268,208.0,211.27,35.93,6.826,,210.0,211.27,0.2242,211.96,delta,210.41,0,1
SPY,2015-04-17,PUT,2013-2017,2015-03-03,45,211.12,0.12219,9.058,2.717,204.28,207.0,26.94,294.572,0.426,205.0,204.28,0.2702,201.11,delta,207.95,0,1
SPY,2015-04-17,CALL,2013-2017,2015-03-03,45,211.12,0.12219,9.058,2.717,213.0,215.72,41.19,48.169,,215.0,215.72,0.2617,216.69,delta,207.95,0,0
SPY,2015-05-15,PUT,2013-2017,2015-03-31,45,206.43,0.14658,10.624,3.187,198.81,202.0,35.44,109.453,,200.0,198.81,0.2576,196.1,delta,212.44,0,0
SPY,2015-05-15,CALL,2013-2017,2015-03-31,45,206.43,0.14658,10.624,3.187,210.0,213.19,48.92,31.744,,210.0,213.19,0.2138,213.6,delta,212.44,0,0
SPY,2015-06-19,PUT,2013-2017,2015-05-05,45,208.9,0.14171,10.394,3.118,203.88,207.0,34.41,82.306,,205.0,203.88,0.3226,198.46,delta,210.81,0,0
SPY,2015-06-19,CALL,2013-2017,2015-05-05,45,208.9,0.14171,10.394,3.118,212.0,215.12,47.07,9.344,,215.0,215.12,0.2335,215.7,delta,210.81,0,0
SPY,2015-07-17,PUT,2013-2017,2015-06-02,45,211.36,0.12219,9.068,2.72,206.28,209.0,31.46,297.151,0.405,200.0,206.28,0.3203,201.33,delta,212.47,0,1
SPY,2015-07-17,CALL,2013-2017,2015-06-02,45,211.36,0.12219,9.068,2.72,217.0,219.72,34.25,3.318,,218.0,219.72,0.0959,216.84,banda,212.47,0,0
SPY,2015-08-21,PUT,2013-2017,2015-07-07,45,208.01,0.1417,10.349,3.105,202.9,206.0,38.14,60.41,,205.0,202.9,0.3273,197.19,delta,197.63,1,1
SPY,2015-08-21,CALL,2013-2017,2015-07-07,45,208.01,0.1417,10.349,3.105,210.0,213.1,36.21,6.765,,210.0,213.1,0.2932,215.25,delta,197.63,0,1
SPY,2015-09-18,PUT,2013-2017,2015-08-04,45,209.32,0.12707,9.339,2.802,203.2,206.0,27.7,204.358,,205.0,203.2,0.2874,199.85,delta,195.36,1,1
SPY,2015-09-18,CALL,2013-2017,2015-08-04,45,209.32,0.12707,9.339,2.802,213.0,215.8,38.54,24.853,,215.0,215.8,0.1588,215.18,banda,195.36,0,0
SPY,2015-10-16,PUT,2013-2017,2015-09-01,45,191.77,0.25877,17.425,5.227,179.77,185.0,43.24,95.324,,185.0,179.77,0.2633,174.41,delta,203.27,0,0
SPY,2015-10-16,CALL,2013-2017,2015-09-01,45,191.77,0.25877,17.425,5.227,205.0,210.23,37.32,13.717,,200.0,210.23,0.0672,203.61,banda,203.27,0,0
SPY,2015-11-20,PUT,2013-2017,2015-10-06,45,197.79,0.17585,12.213,3.664,186.34,190.0,27.08,229.488,,190.0,186.34,0.208,185.87,delta,209.31,0,0
SPY,2015-11-20,CALL,2013-2017,2015-10-06,45,197.79,0.17585,12.213,3.664,204.0,207.66,37.26,247.79,,200.0,207.66,0.1591,206.55,banda,209.31,1,1
SPY,2016-01-15,PUT,2013-2017,2015-12-01,45,210.68,0.13195,9.761,2.928,202.07,205.0,20.73,207.95,,205.0,202.07,0.2439,200.15,delta,187.81,1,1
SPY,2016-01-15,CALL,2013-2017,2015-12-01,45,210.68,0.13195,9.761,2.928,213.0,215.93,45.87,3.86,,215.0,215.93,0.232,216.71,delta,187.81,0,0
SPY,2016-02-19,PUT,2013-2017,2016-01-05,45,201.36,0.17585,12.433,3.73,194.27,198.0,36.98,1635.7,,198.0,194.27,0.2887,189.84,delta,192.0,1,1
SPY,2016-02-19,CALL,2013-2017,2016-01-05,45,201.36,0.17585,12.433,3.73,205.0,208.73,43.74,57.934,,207.0,208.73,0.2457,209.81,delta,192.0,0,0
SPY,2016-03-18,PUT,2013-2017,2016-02-02,45,190.16,0.20999,14.021,4.206,183.79,188.0,36.22,120.498,0.594,185.0,183.79,0.3254,176.95,delta,204.38,0,1
SPY,2016-03-18,CALL,2013-2017,2016-02-02,45,190.16,0.20999,14.021,4.206,199.0,203.21,42.73,58.742,,200.0,203.21,0.1129,199.86,banda,204.38,1,1
SPY,2016-04-15,PUT,2013-2017,2016-03-01,45,198.11,0.16121,11.214,3.364,189.64,193.0,28.96,172.194,,190.0,189.64,0.2571,186.55,delta,207.78,0,0
SPY,2016-04-15,CALL,2013-2017,2016-03-01,45,198.11,0.16121,11.214,3.364,202.0,205.36,53.5,379.357,,202.0,205.36,0.2104,205.69,delta,207.78,1,1
SPY,2016-05-20,PUT,2013-2017,2016-04-05,45,204.19,0.1417,10.159,3.048,198.95,202.0,38.25,418.692,0.487,200.0,198.95,0.3102,194.05,delta,205.49,0,0
SPY,2016-05-20,CALL,2013-2017,2016-04-05,45,204.19,0.1417,10.159,3.048,209.0,212.05,49.51,8.89,,211.0,212.05,0.1764,211.36,banda,205.49,0,0
SPY,2016-06-17,PUT,2013-2017,2016-05-03,45,206.16,0.15146,10.964,3.289,193.71,197.0,24.81,492.519,,194.0,193.71,0.1769,195.39,banda,206.52,0,0
SPY,2016-06-17,CALL,2013-2017,2016-05-03,45,206.16,0.15146,10.964,3.289,210.0,213.29,39.67,178.317,,210.0,213.29,0.1971,213.24,banda,206.52,0,0
SPY,2016-07-15,PUT,2013-2017,2016-05-31,45,209.84,0.11732,8.644,2.593,199.41,202.0,22.03,103.28,,205.0,199.41,0.1881,199.93,banda,215.83,0,1
SPY,2016-07-15,CALL,2013-2017,2016-05-31,45,209.84,0.11732,8.644,2.593,215.0,217.59,45.71,8.244,,215.0,217.59,0.1128,215.53,banda,215.83,0,0
SPY,2016-08-19,PUT,2013-2017,2016-07-05,45,208.41,0.13683,10.013,3.004,203.0,206.0,28.49,195.715,,205.0,203.0,0.3078,198.13,delta,218.54,0,0
SPY,2016-08-19,CALL,2013-2017,2016-07-05,45,208.41,0.13683,10.013,3.004,210.0,213.0,40.25,4.421,,210.0,213.0,0.3173,215.44,delta,218.54,1,1
SPY,2016-09-16,PUT,2013-2017,2016-08-02,45,215.55,0.12219,9.248,2.774,209.23,212.0,25.28,68.666,0.305,212.0,209.23,0.2758,205.89,delta,213.37,0,0
SPY,2016-09-16,CALL,2013-2017,2016-08-02,45,215.55,0.12219,9.248,2.774,218.0,220.77,41.19,1847.79,,220.0,220.77,0.2415,221.79,delta,213.37,0,0
SPY,2016-10-21,PUT,2013-2017,2016-09-06,45,219.03,0.10268,7.897,2.369,214.63,217.0,31.19,993.093,0.417,215.0,214.63,0.3187,209.84,delta,213.98,1,1
SPY,2016-10-21,CALL,2013-2017,2016-09-06,45,219.03,0.10268,7.897,2.369,232.0,234.37,35.7,240.073,0.142,232.0,234.37,0.0143,224.01,banda,213.98,0,0
SPY,2016-11-18,PUT,2013-2017,2016-10-04,45,214.68,0.13195,9.946,2.984,209.02,212.0,38.67,385.353,,212.0,209.02,0.3051,204.05,delta,218.5,0,1
SPY,2016-11-18,CALL,2013-2017,2016-10-04,45,214.68,0.13195,9.946,2.984,218.0,220.98,43.97,29.033,,220.0,220.98,0.2207,221.56,delta,218.5,0,0
SPY,2016-12-16,PUT,2013-2017,2016-11-01,45,211.01,0.16609,12.306,3.692,199.31,203.0,29.48,91.636,,200.0,199.31,0.2136,198.43,delta,225.04,0,0
SPY,2016-12-16,CALL,2013-2017,2016-11-01,45,211.01,0.16609,12.306,3.692,215.0,218.69,30.81,22.867,,215.0,218.69,0.2121,219.05,delta,225.04,1,1
SPY,2017-01-20,PUT,2013-2017,2016-12-06,45,221.7,0.10268,7.993,2.398,212.6,215.0,21.72,28.633,0.689,215.0,212.6,0.1964,212.95,banda,226.74,0,0
SPY,2017-01-20,CALL,2013-2017,2016-12-06,45,221.7,0.10268,7.993,2.398,223.0,225.4,58.63,110.308,,225.0,225.4,0.2719,226.77,delta,226.74,1,1
SPY,2017-02-17,PUT,2013-2017,2017-01-03,45,225.24,0.11244,8.893,2.668,217.33,220.0,28.68,132.571,,223.0,217.33,0.224,215.86,delta,235.09,0,0
SPY,2017-02-17,CALL,2013-2017,2017-01-03,45,225.24,0.11244,8.893,2.668,227.0,229.67,44.23,7.374,,227.0,229.67,0.3091,231.83,delta,235.09,1,1
SPY,2017-03-17,PUT,2013-2017,2017-01-31,45,227.53,0.10756,8.593,2.578,222.42,225.0,22.64,63.974,,225.0,222.42,0.2989,218.61,delta,237.03,0,0
SPY,2017-03-17,CALL,2013-2017,2017-01-31,45,227.53,0.10756,8.593,2.578,234.0,236.58,38.33,82.256,,230.0,236.58,0.0979,233.67,banda,237.03,1,1
SPY,2017-04-21,PUT,2013-2017,2017-03-07,45,237.0,0.09781,8.139,2.442,227.56,230.0,29.96,252.618,0.918,230.0,227.56,0.1795,228.36,banda,234.59,0,0
SPY,2017-04-21,CALL,2013-2017,2017-03-07,45,237.0,0.09781,8.139,2.442,240.0,242.44,45.71,44.083,,242.0,242.44,0.2023,242.49,delta,234.59,0,0
SPY,2017-05-19,PUT,2013-2017,2017-04-04,45,235.48,0.10268,8.49,2.547,229.45,232.0,28.21,325.823,,230.0,229.45,0.2575,226.97,delta,238.31,0,0
SPY,2017-05-19,CALL,2013-2017,2017-04-04,45,235.48,0.10268,8.49,2.547,240.0,242.55,49.33,4852.837,,242.0,242.55,0.1693,241.73,banda,238.31,0,0
SPY,2017-06-16,PUT,2013-2017,2017-05-02,45,238.77,0.09292,7.791,2.337,233.66,236.0,25.1,196.278,0.151,230.0,233.66,0.2814,230.37,delta,242.64,0,0
SPY,2017-06-16,CALL,2013-2017,2017-05-02,45,238.77,0.09292,7.791,2.337,240.0,242.34,42.15,40.376,,240.0,242.34,0.3164,244.38,delta,242.64,1,1
SPY,2017-07-21,PUT,2013-2017,2017-06-06,45,243.21,0.08804,7.519,2.256,237.74,240.0,27.07,206.767,,235.0,237.74,0.2709,235.06,delta,246.88,0,0
SPY,2017-07-21,CALL,2013-2017,2017-06-06,45,243.21,0.08804,7.519,2.256,245.0,247.26,52.79,27.131,,245.0,247.26,0.2802,248.52,delta,246.88,0,1
SPY,2017-08-18,PUT,2013-2017,2017-07-03,46,242.21,0.09292,7.99,2.397,234.6,237.0,31.25,1591.372,,235.0,234.6,0.2215,233.43,delta,242.71,0,0
SPY,2017-08-18,CALL,2013-2017,2017-07-03,46,242.21,0.09292,7.99,2.397,244.0,246.4,68.99,305.826,,245.0,246.4,0.2926,248.03,delta,242.71,0,1
SPY,2017-09-15,PUT,2013-2017,2017-08-01,45,247.32,0.08317,7.222,2.167,239.83,242.0,21.17,134.741,,245.0,239.83,0.2053,239.3,delta,249.19,0,0
SPY,2017-09-15,CALL,2013-2017,2017-08-01,45,247.32,0.08317,7.222,2.167,249.0,251.17,64.86,84.4,,250.0,251.17,0.2696,252.46,delta,249.19,0,0
SPY,2017-10-20,PUT,2013-2017,2017-09-05,45,246.06,0.09781,8.45,2.535,239.46,242.0,30.53,503.951,0.232,240.0,239.46,0.2686,235.96,delta,257.11,0,0
SPY,2017-10-20,CALL,2013-2017,2017-09-05,45,246.06,0.09781,8.45,2.535,248.0,250.54,50.51,17.602,,249.0,250.54,0.2647,251.51,delta,257.11,1,1
SPY,2017-11-17,PUT,2013-2017,2017-10-03,45,252.86,0.07829,6.951,2.085,247.91,250.0,33.47,280.821,,250.0,247.91,0.2725,245.4,delta,257.86,0,0
SPY,2017-11-17,CALL,2013-2017,2017-10-03,45,252.86,0.07829,6.951,2.085,254.0,256.09,38.01,9.441,,255.0,256.09,0.3336,258.1,delta,257.86,1,1
SPY,2017-12-15,PUT,2013-2017,2017-10-31,45,257.15,0.08804,7.95,2.385,252.62,255.0,22.28,76.498,,250.0,252.62,0.3074,247.91,delta,266.51,0,0
SPY,2017-12-15,CALL,2013-2017,2017-10-31,45,257.15,0.08804,7.95,2.385,259.0,261.38,40.52,24.793,,260.0,261.38,0.285,262.68,delta,266.51,1,1
SPY,2018-01-19,PUT,2018-2025,2017-12-05,45,263.19,0.08804,8.136,2.441,254.56,257.0,23.26,57.407,,260.0,254.56,0.2197,253.75,delta,280.41,0,0
SPY,2018-01-19,CALL,2018-2025,2017-12-05,45,263.19,0.08804,8.136,2.441,268.0,270.44,49.39,28.508,,268.0,270.44,0.1278,268.66,banda,280.41,1,1
SPY,2018-02-16,PUT,2018-2025,2018-01-02,45,268.77,0.07829,7.388,2.217,264.78,267.0,25.11,402.932,0.726,265.0,264.78,0.303,260.64,delta,273.11,0,1
SPY,2018-02-16,CALL,2018-2025,2018-01-02,45,268.77,0.07829,7.388,2.217,271.0,273.22,43.51,4.411,,272.0,273.22,0.2601,274.44,delta,273.11,0,1
SPY,2018-03-16,PUT,2018-2025,2018-01-30,45,281.76,0.12707,12.571,3.771,274.23,278.0,24.92,52.222,,275.0,274.23,0.2848,268.83,delta,274.2,1,1
SPY,2018-03-16,CALL,2018-2025,2018-01-30,45,281.76,0.12707,12.571,3.771,285.0,288.77,40.59,69.57,,285.0,288.77,0.2884,291.14,delta,274.2,0,0
SPY,2018-04-20,PUT,2018-2025,2018-03-06,45,272.88,0.13683,13.11,3.933,266.07,270.0,24.44,426.164,,270.0,266.07,0.3155,258.29,delta,266.61,0,1
SPY,2018-04-20,CALL,2018-2025,2018-03-06,45,272.88,0.13683,13.11,3.933,275.0,278.93,33.61,17.458,0.654,278.0,278.93,0.3115,282.82,delta,266.61,0,1
SPY,2018-05-18,PUT,2018-2025,2018-04-03,45,260.77,0.18073,16.548,4.964,249.04,254.0,35.54,408.535,0.358,250.0,249.04,0.2536,244.97,delta,271.33,0,0
SPY,2018-05-18,CALL,2018-2025,2018-04-03,45,260.77,0.18073,16.548,4.964,276.0,280.96,25.54,41.769,,280.0,280.96,0.076,273.67,banda,271.33,0,0
SPY,2018-06-15,PUT,2018-2025,2018-05-01,45,264.98,0.14171,13.184,3.955,259.04,263.0,28.97,102.724,0.474,260.0,259.04,0.3208,252.23,delta,277.13,0,0
SPY,2018-06-15,CALL,2018-2025,2018-05-01,45,264.98,0.14171,13.184,3.955,267.0,270.96,40.64,542.545,,270.0,270.96,0.3266,274.73,delta,277.13,1,1
SPY,2018-07-20,PUT,2018-2025,2018-06-05,45,275.1,0.10268,9.918,2.975,269.02,272.0,19.3,551.036,0.5,260.0,269.02,0.2907,264.69,delta,279.68,0,1
SPY,2018-07-20,CALL,2018-2025,2018-06-05,45,275.1,0.10268,9.918,2.975,279.0,281.98,38.42,2190.699,,280.0,281.98,0.1947,281.9,banda,279.68,0,0
SPY,2018-08-17,PUT,2018-2025,2018-07-03,45,270.9,0.12707,12.087,3.626,262.37,266.0,24.56,192.001,,265.0,262.37,0.2629,257.93,delta,285.06,0,0
SPY,2018-08-17,CALL,2018-2025,2018-07-03,45,270.9,0.12707,12.087,3.626,277.0,280.63,39.99,8.887,,277.0,280.63,0.1608,279.26,banda,285.06,1,1
SPY,2018-09-21,PUT,2018-2025,2018-08-07,45,285.58,0.09292,9.318,2.795,278.2,281.0,21.44,163.783,,280.0,278.2,0.2431,276.35,delta,291.99,0,0
SPY,2018-09-21,CALL,2018-2025,2018-08-07,45,285.58,0.09292,9.318,2.795,290.0,292.8,35.23,2349.055,,290.0,292.8,0.1942,292.64,banda,291.99,0,1
SPY,2018-10-19,PUT,2018-2025,2018-09-04,45,289.81,0.09781,9.953,2.986,277.01,280.0,31.92,763.806,,280.0,277.01,0.1785,278.93,banda,276.25,1,1
SPY,2018-10-19,CALL,2018-2025,2018-09-04,45,289.81,0.09781,9.953,2.986,298.0,300.99,32.02,50.049,,300.0,300.99,0.1147,296.97,banda,276.25,0,0
SPY,2018-11-16,PUT,2018-2025,2018-10-02,45,291.56,0.10268,10.512,3.154,283.85,287.0,36.26,309.16,,285.0,283.85,0.2547,280.7,delta,273.73,1,1
SPY,2018-11-16,CALL,2018-2025,2018-10-02,45,291.56,0.10268,10.512,3.154,299.0,302.15,46.1,41.126,,300.0,302.15,0.1325,299.76,banda,273.73,0,0
SPY,2018-12-21,PUT,2018-2025,2018-11-05,46,273.39,0.18561,18.014,5.404,259.6,265.0,30.59,89.277,,260.0,259.6,0.2303,256.83,delta,240.7,1,1
SPY,2018-12-21,CALL,2018-2025,2018-11-05,46,273.39,0.18561,18.014,5.404,280.0,285.4,34.64,35.557,,277.0,285.4,0.2288,286.37,delta,240.7,0,0
SPY,2019-01-18,PUT,2018-2025,2018-12-04,45,270.25,0.18561,17.612,5.284,259.72,265.0,39.13,84.539,,260.0,259.72,0.278,254.04,delta,266.46,0,1
SPY,2019-01-18,CALL,2018-2025,2018-12-04,45,270.25,0.18561,17.612,5.284,280.0,285.28,39.07,21.521,,285.0,285.28,0.1567,282.92,banda,266.46,0,0
SPY,2019-02-15,PUT,2018-2025,2018-12-31,46,249.92,0.22463,19.93,5.979,239.02,245.0,51.88,82.89,,240.0,239.02,0.28,232.4,delta,277.37,0,0
SPY,2019-02-15,CALL,2018-2025,2018-12-31,46,249.92,0.22463,19.93,5.979,255.0,260.98,35.21,3.165,,260.0,260.98,0.2977,265.97,delta,277.37,1,1
SPY,2019-03-15,PUT,2018-2025,2019-01-29,45,263.41,0.17585,16.264,4.879,254.12,259.0,29.1,105.427,,255.0,254.12,0.2783,248.31,delta,281.31,0,0
SPY,2019-03-15,CALL,2018-2025,2019-01-29,45,263.41,0.17585,16.264,4.879,269.0,273.88,33.55,9.829,,270.0,273.88,0.2423,275.45,delta,281.31,1,1
SPY,2019-04-18,PUT,2018-2025,2019-03-04,45,279.4,0.12219,11.987,3.596,268.4,272.0,26.16,158.227,,270.0,268.4,0.2224,266.9,delta,290.02,0,0
SPY,2019-04-18,CALL,2018-2025,2019-03-04,45,279.4,0.12219,11.987,3.596,283.0,286.6,52.98,10.343,,285.0,286.6,0.2256,287.33,delta,290.02,1,1
SPY,2019-05-17,PUT,2018-2025,2019-04-02,45,285.97,0.11732,11.78,3.534,279.47,283.0,20.77,279.638,,280.0,279.47,0.2923,274.65,delta,285.84,0,0
SPY,2019-05-17,CALL,2018-2025,2019-04-02,45,285.97,0.11732,11.78,3.534,290.0,293.53,41.96,34.074,,290.0,293.53,0.2544,294.96,delta,285.84,0,1
SPY,2019-06-21,PUT,2018-2025,2019-05-07,45,287.93,0.17097,17.285,5.185,279.81,285.0,31.01,27.511,,280.0,279.81,0.3083,271.43,delta,294.0,0,1
SPY,2019-06-21,CALL,2018-2025,2019-05-07,45,287.93,0.17097,17.285,5.185,295.0,300.19,47.0,11.535,,300.0,300.19,0.1892,299.83,banda,294.0,0,0
SPY,2019-07-19,PUT,2018-2025,2019-06-04,45,280.53,0.15146,14.919,4.476,273.52,278.0,32.67,198.531,,275.0,273.52,0.3169,265.84,delta,297.17,0,0
SPY,2019-07-19,CALL,2018-2025,2019-06-04,45,280.53,0.15146,14.919,4.476,283.0,287.48,38.27,19.358,,285.0,287.48,0.3157,291.09,delta,297.17,1,1
SPY,2019-08-16,PUT,2018-2025,2019-07-02,45,296.43,0.11244,11.703,3.511,284.49,288.0,25.36,185.759,,285.0,284.49,0.1963,284.69,banda,288.85,0,1
SPY,2019-08-16,CALL,2018-2025,2019-07-02,45,296.43,0.11244,11.703,3.511,299.0,302.51,42.88,5.102,,300.0,302.51,0.3118,305.76,delta,288.85,0,0
SPY,2019-09-20,PUT,2018-2025,2019-08-06,45,287.8,0.18073,18.263,5.479,279.52,285.0,37.15,72.418,,280.0,279.52,0.323,269.81,delta,298.28,0,0
SPY,2019-09-20,CALL,2018-2025,2019-08-06,45,287.8,0.18073,18.263,5.479,295.0,300.48,43.26,16.281,,300.0,300.48,0.1884,300.18,banda,298.28,0,1
SPY,2019-10-18,PUT,2018-2025,2019-09-04,44,294.04,0.15146,15.463,4.639,285.36,290.0,21.88,60.501,,280.0,285.36,0.305,277.26,delta,297.97,0,1
SPY,2019-10-18,CALL,2018-2025,2019-09-04,44,294.04,0.15146,15.463,4.639,300.0,304.64,36.76,4.638,,300.0,304.64,0.1834,303.98,banda,297.97,0,0
SPY,2019-11-15,PUT,2018-2025,2019-10-01,45,293.24,0.17097,17.604,5.281,284.72,290.0,41.16,96.202,,290.0,284.72,0.3077,276.26,delta,311.79,0,0
SPY,2019-11-15,CALL,2018-2025,2019-10-01,45,293.24,0.17097,17.604,5.281,300.0,305.28,50.85,9.74,,300.0,305.28,0.1944,305.01,banda,311.79,1,1
SPY,2019-12-20,PUT,2018-2025,2019-11-05,45,307.03,0.12219,13.173,3.952,294.05,298.0,16.84,29.644,0.86,290.0,294.05,0.2046,292.99,delta,320.73,0,0
SPY,2019-12-20,CALL,2018-2025,2019-11-05,45,307.03,0.12219,13.173,3.952,310.0,313.95,51.42,14.215,0.369,310.0,313.95,0.2922,316.66,delta,320.73,1,1
SPY,2020-01-17,PUT,2018-2025,2019-12-03,45,309.55,0.1417,15.402,4.621,299.38,304.0,27.49,86.21,0.462,302.0,299.38,0.284,293.04,delta,331.95,0,0
SPY,2020-01-17,CALL,2018-2025,2019-12-03,45,309.55,0.1417,15.402,4.621,312.0,316.62,53.31,11.48,,315.0,316.62,0.2895,319.91,delta,331.95,1,1
SPY,2020-02-21,PUT,2018-2025,2020-01-07,45,322.73,0.12219,13.846,4.154,315.85,320.0,26.32,70.327,0.386,320.0,315.85,0.3098,308.79,delta,333.48,0,0
SPY,2020-02-21,CALL,2018-2025,2020-01-07,45,322.73,0.12219,13.846,4.154,328.0,332.15,49.08,6.042,,330.0,332.15,0.2099,332.54,delta,333.48,1,1
SPY,2020-03-20,PUT,2018-2025,2020-02-04,45,329.06,0.14658,16.936,5.081,309.92,315.0,29.6,22.234,,320.0,309.92,0.1698,312.35,banda,228.8,1,1
SPY,2020-03-20,CALL,2018-2025,2020-02-04,45,329.06,0.14658,16.936,5.081,335.0,340.08,57.09,13.399,,335.0,340.08,0.2222,341.05,delta,228.8,0,0
SPY,2020-04-17,PUT,2018-2025,2020-03-03,45,300.24,0.30268,31.908,9.573,281.43,291.0,43.34,102.284,,290.0,281.43,0.28,270.25,delta,286.64,0,1
SPY,2020-04-17,CALL,2018-2025,2020-03-03,45,300.24,0.30268,31.908,9.573,315.0,324.57,35.12,2.764,,320.0,324.57,0.1533,321.48,banda,286.64,0,0
SPY,2020-05-15,PUT,2018-2025,2020-03-31,45,257.75,0.43926,39.753,11.926,239.07,251.0,25.98,4.463,,250.0,239.07,0.3077,221.39,delta,286.28,0,0
SPY,2020-05-15,CALL,2018-2025,2020-03-31,45,257.75,0.43926,39.753,11.926,269.0,280.93,34.99,9.433,,280.0,280.93,0.2521,284.94,delta,286.28,1,1
SPY,2020-06-19,PUT,2018-2025,2020-05-05,45,286.19,0.30268,30.415,9.125,271.88,281.0,29.88,8.911,,280.0,271.88,0.3185,257.11,delta,308.64,0,0
SPY,2020-06-19,CALL,2018-2025,2020-05-05,45,286.19,0.30268,30.415,9.125,291.0,300.12,51.26,17.802,,300.0,300.12,0.3004,306.33,delta,308.64,1,1
SPY,2020-07-17,PUT,2018-2025,2020-06-02,45,308.08,0.21975,23.771,7.131,284.87,292.0,25.95,14.689,,290.0,284.87,0.2177,282.93,delta,321.72,0,0
SPY,2020-07-17,CALL,2018-2025,2020-06-02,45,308.08,0.21975,23.771,7.131,315.0,322.13,49.75,23.232,,320.0,322.13,0.2384,324.66,delta,321.72,0,1
SPY,2020-08-21,PUT,2018-2025,2020-07-07,45,313.78,0.24902,27.436,8.231,297.77,306.0,27.65,6.719,,300.0,297.77,0.2897,286.79,delta,339.48,0,0
SPY,2020-08-21,CALL,2018-2025,2020-07-07,45,313.78,0.24902,27.436,8.231,327.0,335.23,38.44,5.28,,320.0,335.23,0.1702,333.37,banda,339.48,1,1
SPY,2020-09-18,PUT,2018-2025,2020-08-04,45,330.06,0.20024,23.206,6.962,308.04,315.0,24.66,20.432,,310.0,308.04,0.2175,305.49,delta,330.65,0,0
SPY,2020-09-18,CALL,2018-2025,2020-08-04,45,330.06,0.20024,23.206,6.962,334.0,340.96,45.03,18.715,0.314,340.0,340.96,0.3053,346.77,delta,330.65,0,1
SPY,2020-10-16,PUT,2018-2025,2020-09-01,45,352.6,0.20024,24.791,7.437,317.56,325.0,21.49,13.013,,320.0,317.56,0.1596,325.52,banda,347.29,0,0
SPY,2020-10-16,CALL,2018-2025,2020-09-01,45,352.6,0.20024,24.791,7.437,359.0,366.44,46.4,8.021,,365.0,366.44,0.2712,371.27,delta,347.29,0,0
SPY,2020-11-20,PUT,2018-2025,2020-10-06,45,334.93,0.26853,31.58,9.474,314.53,324.0,31.12,34.072,0.369,315.0,314.53,0.2674,305.36,delta,355.33,0,0
SPY,2020-11-20,CALL,2018-2025,2020-10-06,45,334.93,0.26853,31.58,9.474,341.0,350.47,54.93,10.003,,350.0,350.47,0.3011,358.24,delta,355.33,1,1
SPY,2020-12-18,PUT,2018-2025,2020-11-03,45,336.03,0.28804,33.985,10.196,319.8,330.0,28.9,13.428,0.445,320.0,319.8,0.3197,302.63,delta,369.18,0,0
SPY,2020-12-18,CALL,2018-2025,2020-11-03,45,336.03,0.28804,33.985,10.196,355.0,365.2,50.76,22.048,,363.0,365.2,0.1378,359.69,banda,369.18,1,1
SPY,2021-01-15,PUT,2018-2025,2020-12-01,45,366.02,0.18561,23.854,7.156,337.84,345.0,21.03,18.65,,340.0,337.84,0.1767,341.39,banda,375.7,0,0
SPY,2021-01-15,CALL,2018-2025,2020-12-01,45,366.02,0.18561,23.854,7.156,370.0,377.16,49.26,18.827,,370.0,377.16,0.3088,383.36,delta,375.7,0,1
SPY,2021-02-19,PUT,2018-2025,2021-01-05,45,371.33,0.20024,26.108,7.832,359.17,367.0,25.19,8.448,,350.0,359.17,0.3246,344.57,delta,390.03,0,0
SPY,2021-02-19,CALL,2018-2025,2021-01-05,45,371.33,0.20024,26.108,7.832,379.0,386.83,71.99,31.019,,380.0,386.83,0.2444,390.12,delta,390.03,1,1
SPY,2021-03-19,PUT,2018-2025,2021-02-02,45,381.55,0.21,28.134,8.44,364.56,373.0,27.9,62.339,,360.0,364.56,0.2919,352.25,delta,389.48,0,0
SPY,2021-03-19,CALL,2018-2025,2021-02-02,45,381.55,0.21,28.134,8.44,392.0,400.44,51.8,8.285,,397.0,400.44,0.2197,402.09,delta,389.48,0,0
SPY,2021-04-16,PUT,2018-2025,2021-03-02,45,386.54,0.19049,25.853,7.756,368.24,376.0,27.5,8.727,,370.0,368.24,0.2745,357.76,delta,417.26,0,0
SPY,2021-04-16,CALL,2018-2025,2021-03-02,45,386.54,0.19049,25.853,7.756,404.0,411.76,56.22,14.602,,410.0,411.76,0.1231,404.84,banda,417.26,1,1
SPY,2021-05-21,PUT,2018-2025,2021-04-06,45,406.12,0.1417,20.206,6.062,384.94,391.0,31.01,37.23,,385.0,384.94,0.2024,383.76,delta,414.94,0,0
SPY,2021-05-21,CALL,2018-2025,2021-04-06,45,406.12,0.1417,20.206,6.062,410.0,416.06,38.63,3.512,,420.0,416.06,0.3096,421.48,delta,414.94,0,1
SPY,2021-06-18,PUT,2018-2025,2021-05-04,45,415.62,0.16121,23.527,7.058,392.94,400.0,25.45,15.701,,400.0,392.94,0.2216,389.66,delta,414.92,0,0
SPY,2021-06-18,CALL,2018-2025,2021-05-04,45,415.62,0.16121,23.527,7.058,423.0,430.06,47.5,7.692,,430.0,430.06,0.2382,432.27,delta,414.92,0,0
SPY,2021-07-16,PUT,2018-2025,2021-06-01,45,419.67,0.13683,20.162,6.049,409.95,416.0,29.07,36.796,0.338,400.0,409.95,0.3367,396.56,delta,431.34,0,0
SPY,2021-07-16,CALL,2018-2025,2021-06-01,45,419.67,0.13683,20.162,6.049,424.0,430.05,55.8,39.508,,425.0,430.05,0.2752,434.09,delta,431.34,1,1
SPY,2021-08-20,PUT,2018-2025,2021-07-06,45,432.93,0.12219,18.574,5.572,414.43,420.0,18.37,10.667,0.582,400.0,414.43,0.2238,411.29,delta,443.36,0,0
SPY,2021-08-20,CALL,2018-2025,2021-07-06,45,432.93,0.12219,18.574,5.572,436.0,441.57,66.67,174.081,,440.0,441.57,0.2993,446.62,delta,443.36,1,1
SPY,2021-09-17,PUT,2018-2025,2021-08-03,45,441.15,0.14171,21.95,6.585,418.42,425.0,23.08,28.116,,420.0,418.42,0.2149,415.78,delta,441.4,0,0
SPY,2021-09-17,CALL,2018-2025,2021-08-03,45,441.15,0.14171,21.95,6.585,449.0,455.58,65.18,145.933,,450.0,455.58,0.1918,455.1,banda,441.4,0,0
SPY,2021-10-15,PUT,2018-2025,2021-08-31,45,451.56,0.12219,19.374,5.812,439.19,445.0,28.81,44.923,0.317,445.0,439.19,0.3014,427.83,delta,445.87,0,1
SPY,2021-10-15,CALL,2018-2025,2021-08-31,45,451.56,0.12219,19.374,5.812,455.0,460.81,49.17,19.052,,460.0,460.81,0.2938,464.42,delta,445.87,0,0
SPY,2021-11-19,PUT,2018-2025,2021-10-05,45,433.1,0.18073,27.484,8.245,407.75,416.0,27.59,19.742,,415.0,407.75,0.2234,405.0,delta,468.89,0,0
SPY,2021-11-19,CALL,2018-2025,2021-10-05,45,433.1,0.18073,27.484,8.245,442.0,450.25,40.1,27.459,,460.0,450.25,0.2256,451.51,delta,468.89,1,1
SPY,2021-12-17,PUT,2018-2025,2021-11-02,45,461.9,0.13683,22.191,6.657,443.34,450.0,23.49,54.205,0.572,445.0,443.34,0.2484,436.48,delta,459.87,0,0
SPY,2021-12-17,CALL,2018-2025,2021-11-02,45,461.9,0.13683,22.191,6.657,469.0,475.66,52.52,25.537,,475.0,475.66,0.2139,476.49,delta,459.87,0,0
SPY,2022-01-21,PUT,2018-2025,2021-12-07,45,468.28,0.16609,27.31,8.193,437.81,446.0,18.38,11.822,,450.0,437.81,0.1993,437.9,banda,437.98,0,0
SPY,2022-01-21,CALL,2018-2025,2021-12-07,45,468.28,0.16609,27.31,8.193,473.0,481.19,47.8,35.575,,480.0,481.19,0.2871,487.48,delta,437.98,0,0
SPY,2022-02-18,PUT,2018-2025,2022-01-04,45,477.55,0.13195,22.125,6.638,448.36,455.0,22.8,18.586,0.457,454.0,448.36,0.1753,452.46,banda,434.23,1,1
SPY,2022-02-18,CALL,2018-2025,2022-01-04,45,477.55,0.13195,22.125,6.638,484.0,490.64,48.38,27.487,,490.0,490.64,0.2539,494.12,delta,434.23,0,0
SPY,2022-03-18,PUT,2018-2025,2022-02-01,45,452.95,0.18561,29.519,8.856,431.14,440.0,20.43,9.43,,440.0,431.14,0.2631,422.47,delta,444.52,0,1
SPY,2022-03-18,CALL,2018-2025,2022-02-01,45,452.95,0.18561,29.519,8.856,464.0,472.86,42.32,28.987,,470.0,472.86,0.2176,474.41,delta,444.52,0,0
SPY,2022-04-14,PUT,2018-2025,2022-02-28,45,436.63,0.23927,36.682,11.005,419.0,430.0,23.34,2.475,,350.0,419.0,0.3186,400.06,delta,437.79,0,1
SPY,2022-04-14,CALL,2018-2025,2022-02-28,45,436.63,0.23927,36.682,11.005,457.0,468.0,37.17,12.1,,465.0,468.0,0.1445,461.81,banda,437.79,0,0
SPY,2022-05-20,PUT,2018-2025,2022-04-05,45,451.03,0.17585,27.849,8.355,423.65,432.0,22.96,4.34,,420.0,423.65,0.2085,421.9,delta,389.63,1,1
SPY,2022-05-20,CALL,2018-2025,2022-04-05,45,451.03,0.17585,27.849,8.355,462.0,470.35,42.02,125.594,,470.0,470.35,0.209,471.09,delta,389.63,0,0
SPY,2022-06-17,PUT,2018-2025,2022-05-03,45,416.38,0.25877,37.832,11.35,398.65,410.0,37.02,27.062,,400.0,398.65,0.3139,381.62,delta,365.86,1,1
SPY,2022-06-17,CALL,2018-2025,2022-05-03,45,416.38,0.25877,37.832,11.35,440.0,451.35,29.4,14.289,,450.0,451.35,0.1218,443.59,banda,365.86,0,0
SPY,2022-07-15,PUT,2018-2025,2022-05-31,45,412.93,0.23439,33.983,10.195,384.8,395.0,36.7,8.137,,400.0,384.8,0.2242,380.6,delta,385.13,0,1
SPY,2022-07-15,CALL,2018-2025,2022-05-31,45,412.93,0.23439,33.983,10.195,430.0,440.2,38.19,13.28,,435.0,440.2,0.1822,438.27,banda,385.13,0,0
SPY,2022-08-19,PUT,2018-2025,2022-07-05,45,381.96,0.25389,34.051,10.215,359.78,370.0,38.61,7.663,,360.0,359.78,0.2543,352.38,delta,422.14,0,0
SPY,2022-08-19,CALL,2018-2025,2022-07-05,45,381.96,0.25389,34.051,10.215,390.0,400.22,32.44,37.035,,400.0,400.22,0.2942,408.32,delta,422.14,1,1
SPY,2022-09-16,PUT,2018-2025,2022-08-02,45,408.06,0.21975,31.486,9.446,390.55,400.0,24.83,10.852,0.707,400.0,390.55,0.2879,378.73,delta,385.56,1,1
SPY,2022-09-16,CALL,2018-2025,2022-08-02,45,408.06,0.21975,31.486,9.446,416.0,425.45,45.34,165.031,,420.0,425.45,0.2808,432.56,delta,385.56,0,1
SPY,2022-10-21,PUT,2018-2025,2022-09-06,45,390.76,0.23926,32.828,9.848,372.15,382.0,34.51,16.296,,375.0,372.15,0.2818,360.84,delta,374.29,0,1
SPY,2022-10-21,CALL,2018-2025,2022-09-06,45,390.76,0.23926,32.828,9.848,411.0,420.85,38.34,15.02,,420.0,420.85,0.1509,415.51,banda,374.29,0,0
SPY,2022-11-18,PUT,2018-2025,2022-10-04,45,377.97,0.25877,34.342,10.303,354.7,365.0,43.13,7.769,,360.0,354.7,0.2431,348.46,delta,396.03,0,1
SPY,2022-11-18,CALL,2018-2025,2022-10-04,45,377.97,0.25877,34.342,10.303,385.0,395.3,35.09,11.955,,420.0,395.3,0.3276,407.15,delta,396.03,1,1
SPY,2022-12-16,PUT,2018-2025,2022-11-01,45,384.52,0.25877,34.938,10.481,359.52,370.0,38.4,8.266,,370.0,359.52,0.2258,356.3,delta,383.27,0,0
SPY,2022-12-16,CALL,2018-2025,2022-11-01,45,384.52,0.25877,34.938,10.481,390.0,400.48,40.43,29.105,,400.0,400.48,0.342,413.61,delta,383.27,0,1
SPY,2023-01-20,PUT,2018-2025,2022-12-06,45,393.83,0.21487,29.714,8.914,379.09,388.0,43.77,30.075,,380.0,379.09,0.2903,369.03,delta,395.88,0,1
SPY,2023-01-20,CALL,2018-2025,2022-12-06,45,393.83,0.21487,29.714,8.914,407.0,415.91,39.26,271.029,,415.0,415.91,0.2255,417.54,delta,395.88,0,0
SPY,2023-02-17,PUT,2018-2025,2023-01-03,45,380.82,0.22463,30.036,9.011,356.99,366.0,35.73,11.367,,375.0,356.99,0.1994,357.06,banda,407.26,0,0
SPY,2023-02-17,CALL,2018-2025,2023-01-03,45,380.82,0.22463,30.036,9.011,391.0,400.01,28.04,8.121,,410.0,400.01,0.2782,405.94,delta,407.26,1,1
SPY,2023-03-17,PUT,2018-2025,2023-01-31,45,406.48,0.18073,25.794,7.738,373.26,381.0,27.15,21.207,0.516,380.0,373.26,0.1313,384.1,banda,389.99,0,0
SPY,2023-03-17,CALL,2018-2025,2023-01-31,45,406.48,0.18073,25.794,7.738,413.0,420.74,45.15,198.505,,420.0,420.74,0.3011,427.97,delta,389.99,0,0
SPY,2023-04-21,PUT,2018-2025,2023-03-07,45,398.27,0.18561,25.955,7.787,377.21,385.0,36.35,22.533,,390.0,377.21,0.2054,376.45,delta,412.2,0,0
SPY,2023-04-21,CALL,2018-2025,2023-03-07,45,398.27,0.18561,25.955,7.787,403.0,410.79,33.47,70.837,,405.0,410.79,0.3377,419.45,delta,412.2,1,1
SPY,2023-05-19,PUT,2018-2025,2023-04-04,45,408.67,0.17097,24.533,7.36,383.64,391.0,29.19,7.994,,400.0,383.64,0.175,387.42,banda,418.62,0,0
SPY,2023-05-19,CALL,2018-2025,2023-04-04,45,408.67,0.17097,24.533,7.36,413.0,420.36,43.56,49.922,,415.0,420.36,0.3477,429.24,delta,418.62,0,1
SPY,2023-06-16,PUT,2018-2025,2023-05-02,45,410.84,0.16609,23.96,7.188,393.81,401.0,29.65,30.971,,400.0,393.81,0.2446,388.46,delta,439.46,0,0
SPY,2023-06-16,CALL,2018-2025,2023-05-02,45,410.84,0.16609,23.96,7.188,415.0,422.19,44.66,1556.655,,420.0,422.19,0.3313,428.89,delta,439.46,1,1
SPY,2023-07-21,PUT,2018-2025,2023-06-06,45,428.03,0.11732,17.631,5.289,394.71,400.0,20.77,10.154,0.537,415.0,394.71,0.0904,411.33,banda,452.18,0,0
SPY,2023-07-21,CALL,2018-2025,2023-06-06,45,428.03,0.11732,17.631,5.289,435.0,440.29,49.64,549.226,,435.0,440.29,0.2558,442.98,delta,452.18,1,1
SPY,2023-08-18,PUT,2018-2025,2023-07-03,46,443.79,0.12219,19.251,5.775,414.22,420.0,23.67,10.442,,420.0,414.22,0.1018,428.66,banda,436.5,0,0
SPY,2023-08-18,CALL,2018-2025,2023-07-03,46,443.79,0.12219,19.251,5.775,450.0,455.78,60.55,36.765,,455.0,455.78,0.2956,460.89,delta,436.5,0,1
SPY,2023-09-15,PUT,2018-2025,2023-08-01,45,456.48,0.12707,20.367,6.11,424.89,431.0,21.79,17.179,0.565,440.0,424.89,0.1029,440.0,banda,443.37,0,0
SPY,2023-09-15,CALL,2018-2025,2023-08-01,45,456.48,0.12707,20.367,6.11,460.0,466.11,60.61,400.403,,460.0,466.11,0.3525,473.96,delta,443.37,0,0
SPY,2023-10-20,PUT,2018-2025,2023-09-05,45,449.24,0.12219,19.275,5.782,424.22,430.0,24.22,12.746,,430.0,424.22,0.137,431.85,banda,421.19,1,1
SPY,2023-10-20,CALL,2018-2025,2023-09-05,45,449.24,0.12219,19.275,5.782,455.0,460.78,41.93,90.765,,455.0,460.78,0.3074,465.04,delta,421.19,0,0
SPY,2023-11-17,PUT,2018-2025,2023-10-03,45,421.59,0.17585,26.031,7.809,404.19,412.0,43.58,46.663,,400.0,404.19,0.2333,399.92,delta,450.79,0,0
SPY,2023-11-17,CALL,2018-2025,2023-10-03,45,421.59,0.17585,26.031,7.809,438.0,445.81,30.71,4.301,,440.0,445.81,0.1704,444.43,banda,450.79,1,1
SPY,2023-12-15,PUT,2018-2025,2023-10-31,45,418.2,0.17097,25.106,7.532,394.47,402.0,29.31,13.099,,400.0,394.47,0.1793,396.7,banda,469.33,0,0
SPY,2023-12-15,CALL,2018-2025,2023-10-31,45,418.2,0.17097,25.106,7.532,429.0,436.53,30.39,74.225,,430.0,436.53,0.2312,438.17,delta,469.33,1,1
SPY,2024-01-19,PUT,2018-2025,2023-12-05,45,456.6,0.11732,18.808,5.642,434.36,440.0,22.35,27.764,,440.0,434.36,0.1381,441.3,banda,482.43,0,0
SPY,2024-01-19,CALL,2018-2025,2023-12-05,45,456.6,0.11732,18.808,5.642,460.0,465.64,54.43,752.317,,460.0,465.64,0.3656,472.85,delta,482.43,1,1
SPY,2024-02-16,PUT,2018-2025,2024-01-02,45,472.65,0.12219,20.278,6.084,448.92,455.0,29.29,15.586,,450.0,448.92,0.1328,456.82,banda,499.51,0,0
SPY,2024-02-16,CALL,2018-2025,2024-01-02,45,472.65,0.12219,20.278,6.084,490.0,496.08,43.64,5.071,,495.0,496.08,0.1268,490.75,banda,499.51,1,1
SPY,2024-03-15,PUT,2018-2025,2024-01-30,45,490.89,0.11732,20.221,6.066,458.93,465.0,16.48,4.452,,460.0,458.93,0.1037,474.44,banda,509.83,0,0
SPY,2024-03-15,CALL,2018-2025,2024-01-30,45,490.89,0.11732,20.221,6.066,494.0,500.07,64.66,126.361,,494.0,500.07,0.377,509.69,delta,509.83,1,1
SPY,2024-04-19,PUT,2018-2025,2024-03-05,45,507.18,0.12219,21.761,6.528,478.47,485.0,21.83,10.043,,485.0,478.47,0.1272,488.87,banda,495.16,0,0
SPY,2024-04-19,CALL,2018-2025,2024-03-05,45,507.18,0.12219,21.761,6.528,520.0,526.53,40.54,2.159,,520.0,526.53,0.2231,527.78,delta,495.16,0,0
SPY,2024-05-17,PUT,2018-2025,2024-04-02,45,518.84,0.13195,24.038,7.211,492.79,500.0,24.62,9.272,,500.0,492.79,0.1459,500.18,banda,529.45,0,0
SPY,2024-05-17,CALL,2018-2025,2024-04-02,45,518.84,0.13195,24.038,7.211,523.0,530.21,40.41,1.828,,540.0,530.21,0.3705,540.36,delta,529.45,0,1
SPY,2024-06-21,PUT,2018-2025,2024-05-07,45,517.14,0.12707,23.073,6.922,493.08,500.0,23.69,18.12,,500.0,493.08,0.1478,499.82,banda,544.51,0,0
SPY,2024-06-21,CALL,2018-2025,2024-05-07,45,517.14,0.12707,23.073,6.922,525.0,531.92,39.47,5.984,0.324,525.0,531.92,0.2989,538.56,delta,544.51,1,1
SPY,2024-07-19,PUT,2018-2025,2024-06-04,45,528.39,0.11243,20.86,6.258,497.74,504.0,35.55,16.435,0.297,500.0,497.74,0.1151,510.69,banda,548.99,0,0
SPY,2024-07-19,CALL,2018-2025,2024-06-04,45,528.39,0.11243,20.86,6.258,534.0,540.26,43.12,4.893,,540.0,540.26,0.3341,546.97,delta,548.99,1,1
SPY,2024-08-16,PUT,2018-2025,2024-07-02,45,549.01,0.10756,20.734,6.22,513.78,520.0,28.41,12.339,0.271,520.0,513.78,0.084,532.07,banda,554.31,0,1
SPY,2024-08-16,CALL,2018-2025,2024-07-02,45,549.01,0.10756,20.734,6.22,554.0,560.22,51.69,4.077,,560.0,560.22,0.344,568.32,delta,554.31,0,1
SPY,2024-09-20,PUT,2018-2025,2024-08-06,45,522.15,0.21487,39.395,11.818,498.18,510.0,30.65,37.095,,510.0,498.18,0.2628,486.81,delta,568.25,0,0
SPY,2024-09-20,CALL,2018-2025,2024-08-06,45,522.15,0.21487,39.395,11.818,540.0,551.82,34.9,3.328,,550.0,551.82,0.2028,552.12,delta,568.25,1,1
SPY,2024-10-18,PUT,2018-2025,2024-09-03,45,552.08,0.15146,29.36,8.808,531.19,540.0,29.0,95.707,,540.0,531.19,0.2491,523.12,delta,584.59,0,0
SPY,2024-10-18,CALL,2018-2025,2024-09-03,45,552.08,0.15146,29.36,8.808,560.0,568.81,47.85,3.294,,560.0,568.81,0.3012,574.98,delta,584.59,1,1
SPY,2024-11-15,PUT,2018-2025,2024-10-01,45,568.62,0.17097,34.135,10.241,549.76,560.0,29.51,4.587,,560.0,549.76,0.2744,537.65,delta,585.75,0,0
SPY,2024-11-15,CALL,2018-2025,2024-10-01,45,568.62,0.17097,34.135,10.241,575.0,585.24,59.47,3.599,,580.0,585.24,0.332,595.4,delta,585.75,1,1
SPY,2024-12-20,PUT,2018-2025,2024-11-05,45,576.7,0.16122,32.646,9.794,536.21,546.0,27.31,17.346,,540.0,536.21,0.1447,548.16,banda,591.15,0,0
SPY,2024-12-20,CALL,2018-2025,2024-11-05,45,576.7,0.16122,32.646,9.794,606.0,615.79,36.07,17.555,,615.0,615.79,0.1036,603.86,banda,591.15,0,0
SPY,2025-01-17,PUT,2018-2025,2024-12-03,45,603.91,0.10756,22.808,6.842,568.16,575.0,19.38,7.596,0.27,600.0,568.16,0.1139,583.14,banda,597.58,0,0
SPY,2025-01-17,CALL,2018-2025,2024-12-03,45,603.91,0.10756,22.808,6.842,610.0,616.84,50.71,252.205,,615.0,616.84,0.3228,624.58,delta,597.58,0,0
SPY,2025-02-21,PUT,2018-2025,2025-01-07,45,588.63,0.14658,30.295,9.089,566.91,576.0,28.56,8.829,,580.0,566.91,0.2281,562.13,delta,599.94,0,0
SPY,2025-02-21,CALL,2018-2025,2025-01-07,45,588.63,0.14658,30.295,9.089,606.0,615.09,37.44,20.061,,615.0,615.09,0.1897,614.11,banda,599.94,0,0
SPY,2025-03-21,PUT,2018-2025,2025-02-04,45,601.78,0.14171,29.942,8.983,566.02,575.0,26.43,19.264,,560.0,566.02,0.1517,576.09,banda,563.98,1,1
SPY,2025-03-21,CALL,2018-2025,2025-02-04,45,601.78,0.14171,29.942,8.983,612.0,620.98,49.45,23.208,,620.0,620.98,0.2609,625.93,delta,563.98,0,0
SPY,2025-04-17,PUT,2018-2025,2025-03-03,45,583.77,0.18073,37.045,11.114,559.89,571.0,38.84,32.09,,560.0,559.89,0.2506,550.19,delta,526.41,1,1
SPY,2025-04-17,CALL,2018-2025,2025-03-03,45,583.77,0.18073,37.045,11.114,600.0,611.11,36.86,7.945,,610.0,611.11,0.2154,612.75,delta,526.41,0,0
SPY,2025-05-16,PUT,2018-2025,2025-04-01,45,560.97,0.19048,37.519,11.256,538.74,550.0,32.99,25.124,,550.0,538.74,0.2576,528.7,delta,594.2,0,1
SPY,2025-05-16,CALL,2018-2025,2025-04-01,45,560.97,0.19048,37.519,11.256,574.0,585.26,33.94,12.363,,600.0,585.26,0.2515,589.57,delta,594.2,1,1
SPY,2025-06-20,PUT,2018-2025,2025-05-06,45,558.8,0.21487,42.16,12.648,537.35,550.0,28.18,8.001,,540.0,537.35,0.2903,521.24,delta,594.28,0,0
SPY,2025-06-20,CALL,2018-2025,2025-05-06,45,558.8,0.21487,42.16,12.648,569.0,581.65,49.87,19.56,,580.0,581.65,0.2917,590.15,delta,594.28,1,1
SPY,2025-07-18,PUT,2018-2025,2025-06-03,45,596.09,0.15146,31.701,9.51,561.49,571.0,21.66,5.692,0.551,565.0,561.49,0.1787,566.24,banda,627.58,0,0
SPY,2025-07-18,CALL,2018-2025,2025-06-03,45,596.09,0.15146,31.701,9.51,606.0,615.51,47.03,29.284,,615.0,615.51,0.2738,621.89,delta,627.58,1,1
SPY,2025-08-15,PUT,2018-2025,2025-07-01,45,617.65,0.1417,30.731,9.219,590.78,600.0,22.7,14.566,,600.0,590.78,0.2073,589.76,delta,643.44,0,0
SPY,2025-08-15,CALL,2018-2025,2025-07-01,45,617.65,0.1417,30.731,9.219,625.0,634.22,45.75,1382.277,,630.0,634.22,0.3328,644.42,delta,643.44,1,1
SPY,2025-09-19,PUT,2018-2025,2025-08-05,45,627.97,0.14658,32.32,9.696,595.3,605.0,26.66,10.297,,600.0,595.3,0.1919,598.11,banda,663.7,0,0
SPY,2025-09-19,CALL,2018-2025,2025-08-05,45,627.97,0.14658,32.32,9.696,640.0,649.7,36.68,308.738,,640.0,649.7,0.2591,653.71,delta,663.7,1,1
SPY,2025-10-17,PUT,2018-2025,2025-09-02,45,640.27,0.1417,31.856,9.557,623.44,633.0,25.04,8.756,,630.0,623.44,0.2869,609.83,delta,664.39,0,0
SPY,2025-10-17,CALL,2018-2025,2025-09-02,45,640.27,0.1417,31.856,9.557,652.0,661.56,45.23,3.493,,660.0,661.56,0.2504,664.64,delta,664.39,1,1
SPY,2025-11-21,PUT,2018-2025,2025-10-07,45,669.12,0.14658,34.438,10.331,629.67,640.0,31.15,9.886,,650.0,629.67,0.1658,638.8,banda,659.03,0,0
SPY,2025-11-21,CALL,2018-2025,2025-10-07,45,669.12,0.14658,34.438,10.331,680.0,690.33,46.12,5.618,,680.0,690.33,0.2782,697.88,delta,659.03,0,0
QQQ,2013-02-16,PUT,2013-2017,2013-01-02,45,67.2,0.16122,3.804,1.141,63.86,65.0,44.63,86.825,,64.0,63.86,0.2128,63.66,delta,67.75,0,0
QQQ,2013-02-16,CALL,2013-2017,2013-01-02,45,67.2,0.16122,3.804,1.141,68.0,69.14,74.94,251.515,,68.0,69.14,0.2946,70.2,delta,67.75,0,0
QQQ,2013-03-16,PUT,2013-2017,2013-01-30,45,67.02,0.1417,3.335,1.0,65.0,66.0,51.44,924.758,0.42,66.0,65.0,0.2726,64.01,delta,68.51,0,0
QQQ,2013-03-16,CALL,2013-2017,2013-01-30,45,67.02,0.1417,3.335,1.0,69.0,70.0,57.29,84.545,,70.0,70.0,0.1613,69.59,banda,68.51,0,0
QQQ,2013-04-20,PUT,2013-2017,2013-03-06,45,68.51,0.13194,3.174,0.952,66.05,67.0,24.63,244.73,,67.0,66.05,0.2487,65.29,delta,68.09,0,0
QQQ,2013-04-20,CALL,2013-2017,2013-03-06,45,68.51,0.13194,3.174,0.952,69.0,69.95,38.97,82.547,,69.0,69.95,0.3082,70.75,delta,68.09,0,1
QQQ,2013-05-18,PUT,2013-2017,2013-04-03,45,68.41,0.1417,3.404,1.021,64.98,66.0,55.48,156.947,,65.0,64.98,0.1871,65.18,banda,74.3,0,0
QQQ,2013-05-18,CALL,2013-2017,2013-04-03,45,68.41,0.1417,3.404,1.021,69.0,70.02,75.89,31.142,,69.0,70.02,0.3028,71.0,delta,74.3,1,1
QQQ,2013-06-22,PUT,2013-2017,2013-05-08,45,72.71,0.13194,3.369,1.011,70.99,72.0,38.56,361.175,0.565,72.0,70.99,0.3159,69.42,delta,70.43,1,1
QQQ,2013-06-22,CALL,2013-2017,2013-05-08,45,72.71,0.13194,3.369,1.011,74.0,75.01,89.09,131.161,,75.0,75.01,0.2415,75.4,delta,70.43,0,0
QQQ,2013-07-20,PUT,2013-2017,2013-06-05,45,72.05,0.16121,4.078,1.224,69.78,71.0,50.69,121.543,,70.0,69.78,0.2981,68.09,delta,74.59,0,1
QQQ,2013-07-20,CALL,2013-2017,2013-06-05,45,72.05,0.16121,4.078,1.224,75.0,76.22,65.3,34.45,,75.0,76.22,0.1187,75.0,banda,74.59,0,0
QQQ,2013-08-17,PUT,2013-2017,2013-07-03,45,72.03,0.15146,3.831,1.149,69.85,71.0,52.21,4498.092,,71.0,69.85,0.2858,68.5,delta,75.48,0,0
QQQ,2013-08-17,CALL,2013-2017,2013-07-03,45,72.03,0.15146,3.831,1.149,73.0,74.15,67.87,28.81,,73.0,74.15,0.2755,74.99,delta,75.48,1,1
QQQ,2013-09-21,PUT,2013-2017,2013-08-07,45,76.42,0.12707,3.41,1.023,73.98,75.0,40.65,1133.918,0.826,75.0,73.98,0.2614,73.17,delta,78.98,0,0
QQQ,2013-09-21,CALL,2013-2017,2013-08-07,45,76.42,0.12707,3.41,1.023,77.0,78.02,65.75,127.068,,78.0,78.02,0.3076,79.08,delta,78.98,1,1
QQQ,2013-10-19,PUT,2013-2017,2013-09-04,45,76.71,0.15146,4.08,1.224,74.78,76.0,43.83,92.867,0.584,76.0,74.78,0.3268,72.58,delta,82.14,0,0
QQQ,2013-10-19,CALL,2013-2017,2013-09-04,45,76.71,0.15146,4.08,1.224,78.0,79.22,61.87,75.871,,78.0,79.22,0.2527,79.87,delta,82.14,1,1
QQQ,2013-11-16,PUT,2013-2017,2013-10-02,45,79.65,0.14658,4.099,1.23,76.77,78.0,40.02,313.08,,77.0,76.77,0.263,75.55,delta,83.96,0,1
QQQ,2013-11-16,CALL,2013-2017,2013-10-02,45,79.65,0.14658,4.099,1.23,81.0,82.23,89.68,28.889,,82.0,82.23,0.2551,82.92,delta,83.96,1,1
QQQ,2013-12-21,PUT,2013-2017,2013-11-06,45,83.01,0.13683,3.988,1.196,77.8,79.0,30.9,450.181,0.827,78.0,77.8,0.1365,79.08,banda,86.5,0,0
QQQ,2013-12-21,CALL,2013-2017,2013-11-06,45,83.01,0.13683,3.988,1.196,84.0,85.2,76.73,312.631,,85.0,85.2,0.2775,85.92,delta,86.5,1,1
QQQ,2014-01-18,PUT,2013-2017,2013-12-04,45,85.49,0.13194,3.961,1.188,82.81,84.0,32.85,96.563,,84.0,82.81,0.2686,81.53,delta,87.88,0,0
QQQ,2014-01-18,CALL,2013-2017,2013-12-04,45,85.49,0.13194,3.961,1.188,89.0,90.19,54.55,844.025,,90.0,90.19,0.0926,88.49,banda,87.88,0,0
QQQ,2014-02-22,PUT,2013-2017,2014-01-08,45,87.31,0.13195,4.045,1.214,84.79,86.0,67.81,1343.472,,85.0,84.79,0.2729,83.47,delta,89.93,0,1
QQQ,2014-02-22,CALL,2013-2017,2014-01-08,45,87.31,0.13195,4.045,1.214,89.0,90.21,46.65,7.499,,90.0,90.21,0.2268,90.5,delta,89.93,0,1
QQQ,2014-03-22,PUT,2013-2017,2014-02-05,45,84.69,0.18073,5.374,1.612,81.39,83.0,49.8,356.793,,82.0,81.39,0.2824,79.48,delta,89.0,0,0
QQQ,2014-03-22,CALL,2013-2017,2014-02-05,45,84.69,0.18073,5.374,1.612,88.0,89.61,35.79,3.828,,89.0,89.61,0.1677,88.97,banda,89.0,0,1
QQQ,2014-04-19,PUT,2013-2017,2014-03-05,45,91.06,0.13194,4.219,1.266,88.36,89.63,36.88,258.887,,89.63,88.36,0.2768,86.97,delta,86.2,1,1
QQQ,2014-04-19,CALL,2013-2017,2014-03-05,45,91.06,0.13194,4.219,1.266,93.63,94.9,66.11,78.218,,94.63,94.9,0.1534,94.23,banda,86.2,0,0
QQQ,2014-05-17,PUT,2013-2017,2014-04-02,45,89.44,0.1417,4.45,1.335,86.66,88.0,49.95,186.634,,87.0,86.66,0.2786,85.19,delta,87.71,0,1
QQQ,2014-05-17,CALL,2013-2017,2014-04-02,45,89.44,0.1417,4.45,1.335,90.63,91.97,78.0,56.412,,90.63,91.97,0.2826,93.11,delta,87.71,0,0
QQQ,2014-06-21,PUT,2013-2017,2014-05-07,45,86.56,0.16122,4.9,1.47,84.16,85.63,34.6,242.401,,85.63,84.16,0.3175,82.0,delta,92.77,0,0
QQQ,2014-06-21,CALL,2013-2017,2014-05-07,45,86.56,0.16122,4.9,1.47,89.63,91.1,47.89,6.347,,89.63,91.1,0.1422,90.23,banda,92.77,1,1
QQQ,2014-07-19,PUT,2013-2017,2014-06-04,45,91.52,0.13194,4.24,1.272,85.73,87.0,33.8,483.364,,86.0,85.73,0.1353,87.39,banda,96.12,0,0
QQQ,2014-07-19,CALL,2013-2017,2014-06-04,45,91.52,0.13194,4.24,1.272,93.0,94.27,81.8,56.603,,93.0,94.27,0.235,94.72,delta,96.12,1,1
QQQ,2014-08-16,PUT,2013-2017,2014-07-02,45,95.1,0.10756,3.592,1.077,91.92,93.0,42.33,670.162,,93.0,91.92,0.209,91.74,delta,97.4,0,0
QQQ,2014-08-16,CALL,2013-2017,2014-07-02,45,95.1,0.10756,3.592,1.077,96.0,97.08,66.84,53.581,,96.0,97.08,0.2715,97.83,delta,97.4,1,1
QQQ,2014-09-20,PUT,2013-2017,2014-08-06,45,94.52,0.15634,5.189,1.557,89.07,90.63,34.33,689.84,,90.63,89.07,0.1852,89.52,banda,99.98,0,0
QQQ,2014-09-20,CALL,2013-2017,2014-08-06,45,94.52,0.15634,5.189,1.557,97.63,99.19,45.06,24.474,,98.63,99.19,0.1461,98.41,banda,99.98,1,1
QQQ,2014-10-18,PUT,2013-2017,2014-09-03,45,99.48,0.12219,4.268,1.28,96.72,98.0,35.58,215.608,0.635,98.0,96.72,0.2814,95.02,delta,93.0,1,1
QQQ,2014-10-18,CALL,2013-2017,2014-09-03,45,99.48,0.12219,4.268,1.28,101.0,102.28,75.11,56.637,,101.0,102.28,0.2287,102.65,delta,93.0,0,0
QQQ,2014-11-22,PUT,2013-2017,2014-10-08,45,98.45,0.16122,5.573,1.672,93.33,95.0,40.58,459.311,,95.0,93.33,0.1992,93.35,banda,103.87,0,1
QQQ,2014-11-22,CALL,2013-2017,2014-10-08,45,98.45,0.16122,5.573,1.672,100.0,101.67,52.2,221.991,0.438,100.0,101.67,0.2685,102.62,delta,103.87,1,1
QQQ,2014-12-20,PUT,2013-2017,2014-11-05,45,101.37,0.15146,5.391,1.617,98.38,100.0,29.36,22.721,0.34,100.0,98.38,0.2982,96.07,delta,104.32,0,0
QQQ,2014-12-20,CALL,2013-2017,2014-11-05,45,101.37,0.15146,5.391,1.617,102.63,104.25,49.59,3.016,,102.63,104.25,0.2825,105.32,delta,104.32,1,1
QQQ,2015-01-17,PUT,2013-2017,2014-12-03,45,105.42,0.13683,5.065,1.519,99.48,101.0,37.72,159.845,0.149,100.0,99.48,0.1718,100.41,banda,100.82,0,1
QQQ,2015-01-17,CALL,2013-2017,2014-12-03,45,105.42,0.13683,5.065,1.519,109.63,111.15,61.84,28.907,,110.0,111.15,0.0774,108.82,banda,100.82,0,0
QQQ,2015-02-20,PUT,2013-2017,2015-01-06,45,100.07,0.19536,6.864,2.059,96.94,99.0,42.82,60.878,,98.0,96.94,0.3261,93.43,delta,108.41,0,0
QQQ,2015-02-20,CALL,2013-2017,2015-01-06,45,100.07,0.19536,6.864,2.059,103.0,105.06,52.29,25.864,,103.0,105.06,0.2039,105.15,delta,108.41,1,1
QQQ,2015-03-20,PUT,2013-2017,2015-02-03,45,102.96,0.17585,6.357,1.907,99.09,101.0,29.04,120.05,0.328,100.0,99.09,0.2879,96.7,delta,108.53,0,0
QQQ,2015-03-20,CALL,2013-2017,2015-02-03,45,102.96,0.17585,6.357,1.907,104.0,105.91,43.17,6.059,,105.0,105.91,0.3083,107.4,delta,108.53,1,1
QQQ,2015-04-17,PUT,2013-2017,2015-03-03,45,108.87,0.13194,5.044,1.513,103.49,105.0,38.44,234.55,,105.0,103.49,0.1973,103.57,banda,106.01,0,0
QQQ,2015-04-17,CALL,2013-2017,2015-03-03,45,108.87,0.13194,5.044,1.513,111.0,112.51,51.14,51.991,,112.0,112.51,0.1884,112.34,banda,106.01,0,0
QQQ,2015-05-15,PUT,2013-2017,2015-03-31,45,105.6,0.16122,5.978,1.793,101.21,103.0,46.93,187.538,0.207,102.0,101.21,0.2518,99.69,delta,109.58,0,0
QQQ,2015-05-15,CALL,2013-2017,2015-03-31,45,105.6,0.16122,5.978,1.793,109.0,110.79,47.41,40.13,,110.0,110.79,0.1415,109.95,banda,109.58,0,1
QQQ,2015-06-19,PUT,2013-2017,2015-05-05,45,107.45,0.15634,5.898,1.77,103.86,105.63,37.33,123.276,,104.0,103.86,0.2845,101.81,delta,109.89,0,0
QQQ,2015-06-19,CALL,2013-2017,2015-05-05,45,107.45,0.15634,5.898,1.77,109.63,111.4,62.36,37.478,,110.0,111.4,0.227,111.87,delta,109.89,0,0
QQQ,2015-07-17,PUT,2013-2017,2015-06-02,45,110.07,0.13683,5.288,1.586,104.41,106.0,40.86,92.147,,106.0,104.41,0.2009,104.38,delta,113.59,0,0
QQQ,2015-07-17,CALL,2013-2017,2015-06-02,45,110.07,0.13683,5.288,1.586,113.0,114.59,56.74,126.028,,114.0,114.59,0.1389,113.67,banda,113.59,0,0
QQQ,2015-08-21,PUT,2013-2017,2015-07-07,45,107.97,0.16122,6.112,1.834,104.17,106.0,58.88,51.108,0.029,106.0,104.17,0.2826,102.04,delta,102.4,1,1
QQQ,2015-08-21,CALL,2013-2017,2015-07-07,45,107.97,0.16122,6.112,1.834,111.0,112.83,39.37,26.301,,112.0,112.83,0.1783,112.42,banda,102.4,0,1
QQQ,2015-09-18,PUT,2013-2017,2015-08-04,45,111.39,0.15146,5.924,1.777,107.22,109.0,33.33,118.115,,108.0,107.22,0.2609,105.53,delta,105.35,1,1
QQQ,2015-09-18,CALL,2013-2017,2015-08-04,45,111.39,0.15146,5.924,1.777,114.0,115.78,48.13,61.56,0.24,115.0,115.78,0.171,115.28,banda,105.35,0,0
QQQ,2015-10-16,PUT,2013-2017,2015-09-01,45,101.05,0.30268,10.739,3.222,89.78,93.0,31.7,19.02,,90.0,89.78,0.1742,91.23,banda,108.12,0,0
QQQ,2015-10-16,CALL,2013-2017,2015-09-01,45,101.05,0.30268,10.739,3.222,105.0,108.22,38.87,5.435,,108.0,108.22,0.2303,109.15,delta,108.12,0,1
QQQ,2015-11-20,PUT,2013-2017,2015-10-06,45,105.0,0.20999,7.742,2.323,97.68,100.0,39.17,79.581,,100.0,97.68,0.2025,97.57,delta,114.48,0,0
QQQ,2015-11-20,CALL,2013-2017,2015-10-06,45,105.0,0.20999,7.742,2.323,107.0,109.32,50.29,17.327,,107.0,109.32,0.27,110.67,delta,114.48,1,1
QQQ,2015-12-18,PUT,2013-2017,2015-11-03,45,115.01,0.15634,6.313,1.894,106.11,108.0,19.92,48.912,0.655,108.0,106.11,0.129,108.88,banda,109.83,0,0
QQQ,2015-12-18,CALL,2013-2017,2015-11-03,45,115.01,0.15634,6.313,1.894,119.0,120.89,47.2,56.688,,120.0,120.89,0.128,119.37,banda,109.83,0,0
QQQ,2016-01-15,PUT,2013-2017,2015-12-01,45,115.16,0.15146,6.124,1.837,112.16,114.0,22.13,62.853,0.392,108.0,112.16,0.3256,108.75,delta,100.84,1,1
QQQ,2016-01-15,CALL,2013-2017,2015-12-01,45,115.16,0.15146,6.124,1.837,119.0,120.84,54.5,64.507,,120.0,120.84,0.1167,119.53,banda,100.84,0,0
QQQ,2016-02-19,PUT,2013-2017,2016-01-05,45,109.31,0.20024,7.685,2.306,105.69,108.0,41.75,153.609,0.371,108.0,105.69,0.3158,102.25,delta,101.63,1,1
QQQ,2016-02-19,CALL,2013-2017,2016-01-05,45,109.31,0.20024,7.685,2.306,113.0,115.31,51.41,70.073,,115.0,115.31,0.1828,114.91,banda,101.63,0,0
QQQ,2016-03-18,PUT,2013-2017,2016-02-02,45,102.15,0.23926,8.582,2.574,97.43,100.0,51.02,164.714,0.218,100.0,97.43,0.2899,94.43,delta,107.37,0,1
QQQ,2016-03-18,CALL,2013-2017,2016-02-02,45,102.15,0.23926,8.582,2.574,108.0,110.57,34.85,26.065,,110.0,110.57,0.1195,108.53,banda,107.37,0,0
QQQ,2016-04-15,PUT,2013-2017,2016-03-01,45,105.79,0.19049,7.076,2.123,98.88,101.0,39.66,145.087,0.233,100.0,98.88,0.1984,98.94,banda,110.64,0,0
QQQ,2016-04-15,CALL,2013-2017,2016-03-01,45,105.79,0.19049,7.076,2.123,108.0,110.12,51.53,27.534,,110.0,110.12,0.2362,110.85,delta,110.64,1,1
QQQ,2016-05-20,PUT,2013-2017,2016-04-05,45,108.88,0.16609,6.35,1.905,99.1,101.0,30.79,117.249,0.382,100.0,99.1,0.1115,102.89,banda,106.47,0,0
QQQ,2016-05-20,CALL,2013-2017,2016-04-05,45,108.88,0.16609,6.35,1.905,112.0,113.9,44.42,23.748,,113.0,113.9,0.1754,113.55,banda,106.47,0,0
QQQ,2016-06-17,PUT,2013-2017,2016-05-03,45,105.73,0.17585,6.528,1.958,102.04,104.0,36.46,19.866,,104.0,102.04,0.2924,99.41,delta,106.49,0,0
QQQ,2016-06-17,CALL,2013-2017,2016-05-03,45,105.73,0.17585,6.528,1.958,108.0,109.96,36.51,83.402,,108.0,109.96,0.2261,110.46,delta,106.49,0,1
QQQ,2016-07-15,PUT,2013-2017,2016-05-31,45,110.34,0.14171,5.49,1.647,107.35,109.0,27.48,54.193,0.781,103.0,107.35,0.3087,104.84,delta,111.8,0,1
QQQ,2016-07-15,CALL,2013-2017,2016-05-31,45,110.34,0.14171,5.49,1.647,112.0,113.65,70.33,42.04,,112.0,113.65,0.2373,114.15,delta,111.8,0,0
QQQ,2016-08-19,PUT,2013-2017,2016-07-05,45,107.42,0.16609,6.265,1.879,103.12,105.0,46.98,204.174,,105.0,103.12,0.2565,101.36,delta,117.26,0,0
QQQ,2016-08-19,CALL,2013-2017,2016-07-05,45,107.42,0.16609,6.265,1.879,109.0,110.88,56.05,130.419,,109.0,110.88,0.2597,111.88,delta,117.26,1,1
QQQ,2016-09-16,PUT,2013-2017,2016-08-02,45,114.96,0.13683,5.523,1.657,109.34,111.0,20.68,12.718,0.592,110.0,109.34,0.2001,109.34,delta,117.29,0,0
QQQ,2016-09-16,CALL,2013-2017,2016-08-02,45,114.96,0.13683,5.523,1.657,116.0,117.66,44.57,77.991,,116.0,117.66,0.3067,119.0,delta,117.29,0,1
QQQ,2016-10-21,PUT,2013-2017,2016-09-06,45,117.85,0.12707,5.258,1.577,109.42,111.0,28.21,141.757,0.462,110.0,109.42,0.1255,112.29,banda,118.15,0,0
QQQ,2016-10-21,CALL,2013-2017,2016-09-06,45,117.85,0.12707,5.258,1.577,119.0,120.58,55.75,44.084,,120.0,120.58,0.2746,121.46,delta,118.15,0,0
QQQ,2016-11-18,PUT,2013-2017,2016-10-04,45,118.37,0.15146,6.295,1.889,114.11,116.0,35.47,377.882,,116.0,114.11,0.2679,112.19,delta,117.32,0,1
QQQ,2016-11-18,CALL,2013-2017,2016-10-04,45,118.37,0.15146,6.295,1.889,120.0,121.89,61.69,50.21,,120.0,121.89,0.2599,122.9,delta,117.32,0,0
QQQ,2016-12-16,PUT,2013-2017,2016-11-01,45,116.11,0.18561,7.567,2.27,107.73,110.0,27.9,272.17,,114.0,107.73,0.1673,108.9,banda,119.6,0,0
QQQ,2016-12-16,CALL,2013-2017,2016-11-01,45,116.11,0.18561,7.567,2.27,118.0,120.27,59.76,136.67,,120.0,120.27,0.2619,121.3,delta,119.6,0,1
QQQ,2017-01-20,PUT,2013-2017,2016-12-06,45,116.88,0.14171,5.815,1.745,114.26,116.0,47.95,59.616,0.121,115.0,114.26,0.3308,111.11,delta,123.25,0,0
QQQ,2017-01-20,CALL,2013-2017,2016-12-06,45,116.88,0.14171,5.815,1.745,119.0,120.74,62.33,109.375,,120.0,120.74,0.2153,120.99,delta,123.25,1,1
QQQ,2017-02-17,PUT,2013-2017,2017-01-03,45,119.54,0.15146,6.357,1.907,115.09,117.0,38.64,542.948,0.262,116.0,115.09,0.2597,113.33,delta,129.81,0,0
QQQ,2017-02-17,CALL,2013-2017,2017-01-03,45,119.54,0.15146,6.357,1.907,124.0,125.91,58.94,488.104,,125.0,125.91,0.1215,124.39,banda,129.81,1,1
QQQ,2017-03-17,PUT,2013-2017,2017-01-31,45,124.57,0.12219,5.345,1.603,119.4,121.0,26.48,663.208,,120.0,119.4,0.2103,119.06,delta,131.69,0,0
QQQ,2017-03-17,CALL,2013-2017,2017-01-31,45,124.57,0.12219,5.345,1.603,126.0,127.6,54.34,58.966,,126.0,127.6,0.2846,128.97,delta,131.69,1,1
QQQ,2017-04-21,PUT,2013-2017,2017-03-07,45,130.51,0.10268,4.705,1.412,126.59,128.0,26.93,185.932,,127.0,126.59,0.2429,125.6,delta,132.56,0,0
QQQ,2017-04-21,CALL,2013-2017,2017-03-07,45,130.51,0.10268,4.705,1.412,134.0,135.41,49.04,750.246,,135.0,135.41,0.1397,134.35,banda,132.56,0,0
QQQ,2017-05-19,PUT,2013-2017,2017-04-04,45,132.51,0.11244,5.232,1.569,129.43,131.0,46.51,2611.098,0.177,130.0,129.43,0.2901,127.36,delta,137.84,0,0
QQQ,2017-05-19,CALL,2013-2017,2017-04-04,45,132.51,0.11244,5.232,1.569,135.0,136.57,64.46,216.036,,135.0,136.57,0.2024,136.6,delta,137.84,1,1
QQQ,2017-06-16,PUT,2013-2017,2017-05-02,45,137.43,0.11732,5.661,1.698,130.3,132.0,29.23,1094.59,,132.0,130.3,0.1475,132.1,banda,138.15,0,0
QQQ,2017-06-16,CALL,2013-2017,2017-05-02,45,137.43,0.11732,5.661,1.698,139.0,140.7,89.02,620.234,,140.0,140.7,0.2526,141.51,delta,138.15,0,1
QQQ,2017-07-21,PUT,2013-2017,2017-06-06,45,142.86,0.12707,6.374,1.912,135.09,137.0,31.41,1396.058,0.724,136.0,135.09,0.1624,136.57,banda,144.11,0,0
QQQ,2017-07-21,CALL,2013-2017,2017-06-06,45,142.86,0.12707,6.374,1.912,145.0,146.91,76.36,196.189,,145.0,146.91,0.2356,147.54,delta,144.11,0,0
QQQ,2017-08-18,PUT,2013-2017,2017-07-03,46,136.19,0.17585,8.502,2.551,129.45,132.0,58.94,1046.553,,130.0,129.45,0.2306,128.16,delta,141.23,0,0
QQQ,2017-08-18,CALL,2013-2017,2017-07-03,46,136.19,0.17585,8.502,2.551,142.0,144.55,47.85,19.358,,142.0,144.55,0.1124,142.48,banda,141.23,0,1
QQQ,2017-09-15,PUT,2013-2017,2017-08-01,45,143.56,0.13194,6.651,1.995,139.0,141.0,22.68,1480.781,0.661,140.0,139.0,0.2666,136.88,delta,146.06,0,0
QQQ,2017-09-15,CALL,2013-2017,2017-08-01,45,143.56,0.13194,6.651,1.995,145.0,147.0,51.79,300.549,0.319,146.0,147.0,0.2936,148.52,delta,146.06,0,0
QQQ,2017-10-20,PUT,2013-2017,2017-09-05,45,144.69,0.14171,7.199,2.16,137.84,140.0,36.13,2025.734,,142.0,137.84,0.2086,137.41,delta,148.71,0,0
QQQ,2017-10-20,CALL,2013-2017,2017-09-05,45,144.69,0.14171,7.199,2.16,146.0,148.16,75.46,233.81,,147.0,148.16,0.3067,149.91,delta,148.71,1,1
QQQ,2017-11-17,PUT,2013-2017,2017-10-03,45,145.89,0.13195,6.759,2.028,141.97,144.0,51.28,357.104,,142.0,141.97,0.286,139.51,delta,153.95,0,0
QQQ,2017-11-17,CALL,2013-2017,2017-10-03,45,145.89,0.13195,6.759,2.028,148.0,150.03,77.56,203.779,,149.0,150.03,0.2365,150.71,delta,153.95,1,1
QQQ,2017-12-15,PUT,2013-2017,2017-10-31,45,152.15,0.13683,7.31,2.193,144.81,147.0,26.91,440.259,0.603,145.0,144.81,0.1908,145.16,banda,157.65,0,0
QQQ,2017-12-15,CALL,2013-2017,2017-10-31,45,152.15,0.13683,7.31,2.193,154.0,156.19,89.91,569.285,,156.0,156.19,0.2884,158.07,delta,157.65,1,1
QQQ,2018-01-19,PUT,2018-2025,2017-12-05,45,152.81,0.14658,7.865,2.359,144.64,147.0,23.62,494.508,,145.0,144.64,0.1907,144.98,banda,166.34,0,0
QQQ,2018-01-19,CALL,2018-2025,2017-12-05,45,152.81,0.14658,7.865,2.359,155.0,157.36,55.27,137.784,,155.0,157.36,0.2753,158.81,delta,166.34,1,1
QQQ,2018-02-16,PUT,2018-2025,2018-01-02,45,158.49,0.13195,7.343,2.203,149.8,152.0,28.82,370.785,,145.0,149.8,0.1717,151.21,banda,164.96,0,0
QQQ,2018-02-16,CALL,2018-2025,2018-01-02,45,158.49,0.13195,7.343,2.203,160.0,162.2,59.31,647.946,,160.0,162.2,0.3011,163.84,delta,164.96,1,1
QQQ,2018-03-16,PUT,2018-2025,2018-01-30,45,168.7,0.18073,10.705,3.212,162.79,166.0,35.45,647.156,,165.0,162.79,0.2853,159.25,delta,171.02,0,1
QQQ,2018-03-16,CALL,2018-2025,2018-01-30,45,168.7,0.18073,10.705,3.212,172.0,175.21,60.17,48.899,,175.0,175.21,0.281,177.54,delta,171.02,0,0
QQQ,2018-04-20,PUT,2018-2025,2018-03-06,45,168.54,0.17585,10.407,3.122,159.88,163.0,40.84,515.801,0.197,160.0,159.88,0.2293,158.27,delta,162.3,0,1
QQQ,2018-04-20,CALL,2018-2025,2018-03-06,45,168.54,0.17585,10.407,3.122,172.0,175.12,55.86,5.985,,173.0,175.12,0.2525,176.28,delta,162.3,0,1
QQQ,2018-05-18,PUT,2018-2025,2018-04-03,45,157.26,0.25389,14.019,4.206,150.79,155.0,41.15,138.527,0.343,142.0,150.79,0.3097,144.73,delta,167.46,0,0
QQQ,2018-05-18,CALL,2018-2025,2018-04-03,45,157.26,0.25389,14.019,4.206,169.0,173.21,39.2,45.207,,170.0,173.21,0.0954,168.14,banda,167.46,0,0
QQQ,2018-06-15,PUT,2018-2025,2018-05-01,45,162.78,0.18073,10.33,3.099,156.9,160.0,28.81,55.559,,155.0,156.9,0.2864,152.92,delta,176.98,0,0
QQQ,2018-06-15,CALL,2018-2025,2018-05-01,45,162.78,0.18073,10.33,3.099,165.0,168.1,43.67,9.792,,165.0,168.1,0.3077,170.84,delta,176.98,1,1
QQQ,2018-07-20,PUT,2018-2025,2018-06-05,45,174.84,0.12707,7.801,2.34,162.66,165.0,31.2,23.581,0.595,163.0,162.66,0.1264,166.87,banda,178.99,0,0
QQQ,2018-07-20,CALL,2018-2025,2018-06-05,45,174.84,0.12707,7.801,2.34,178.0,180.34,62.46,510.592,,180.0,180.34,0.2312,180.82,delta,178.99,0,1
QQQ,2018-08-17,PUT,2018-2025,2018-07-03,45,170.8,0.19536,11.716,3.515,164.49,168.0,50.2,353.166,0.389,165.0,164.49,0.2993,159.42,delta,179.86,0,0
QQQ,2018-08-17,CALL,2018-2025,2018-07-03,45,170.8,0.19536,11.716,3.515,174.0,177.51,54.45,35.491,,175.0,177.51,0.2767,179.55,delta,179.86,1,1
QQQ,2018-09-21,PUT,2018-2025,2018-08-07,45,181.8,0.13195,8.423,2.527,169.47,172.0,24.15,223.101,0.541,170.0,169.47,0.1263,173.55,banda,183.71,0,0
QQQ,2018-09-21,CALL,2018-2025,2018-08-07,45,181.8,0.13195,8.423,2.527,184.0,186.53,42.66,8.521,,185.0,186.53,0.2918,188.55,delta,183.71,0,1
QQQ,2018-10-19,PUT,2018-2025,2018-09-04,45,185.85,0.15146,9.884,2.965,178.03,181.0,26.64,218.88,0.438,180.0,178.03,0.2382,176.48,delta,173.02,1,1
QQQ,2018-10-19,CALL,2018-2025,2018-09-04,45,185.85,0.15146,9.884,2.965,188.0,190.97,36.9,1.754,,190.0,190.97,0.3044,193.33,delta,173.02,0,0
QQQ,2018-11-16,PUT,2018-2025,2018-10-02,45,185.75,0.16122,10.515,3.154,176.85,180.0,38.7,321.782,,180.0,176.85,0.2201,175.97,delta,167.5,1,1
QQQ,2018-11-16,CALL,2018-2025,2018-10-02,45,185.75,0.16122,10.515,3.154,188.0,191.15,46.41,1.977,,190.0,191.15,0.3072,193.87,delta,167.5,0,0
QQQ,2018-12-21,PUT,2018-2025,2018-11-05,46,168.96,0.24414,14.644,4.393,160.61,165.0,37.02,166.794,,165.0,160.61,0.2774,155.87,delta,147.57,1,1
QQQ,2018-12-21,CALL,2018-2025,2018-11-05,46,168.96,0.24414,14.644,4.393,178.0,182.39,42.93,9.171,,180.0,182.39,0.1534,180.34,banda,147.57,0,0
QQQ,2019-01-18,PUT,2018-2025,2018-12-04,45,165.72,0.23439,13.638,4.092,156.91,161.0,43.27,148.818,,160.0,156.91,0.2561,153.78,delta,165.25,0,1
QQQ,2019-01-18,CALL,2018-2025,2018-12-04,45,165.72,0.23439,13.638,4.092,174.0,178.09,31.66,11.006,,175.0,178.09,0.1581,176.19,banda,165.25,0,0
QQQ,2019-02-15,PUT,2018-2025,2018-12-31,46,154.26,0.2978,16.308,4.893,145.11,150.0,38.48,27.155,,150.0,145.11,0.2749,140.56,delta,171.94,0,0
QQQ,2019-02-15,CALL,2018-2025,2018-12-31,46,154.26,0.2978,16.308,4.893,162.0,166.89,38.14,18.55,,165.0,166.89,0.1992,166.87,banda,171.94,1,1
QQQ,2019-03-15,PUT,2018-2025,2019-01-29,45,161.57,0.21975,12.467,3.74,154.26,158.0,36.1,58.794,0.574,155.0,154.26,0.272,150.56,delta,178.35,0,0
QQQ,2019-03-15,CALL,2018-2025,2019-01-29,45,161.57,0.21975,12.467,3.74,167.0,170.74,39.11,33.529,,170.0,170.74,0.2145,171.29,delta,178.35,1,1
QQQ,2019-04-18,PUT,2018-2025,2019-03-04,45,174.42,0.15634,9.574,2.872,167.13,170.0,24.29,272.671,,160.0,167.13,0.2457,164.85,delta,187.39,0,0
QQQ,2019-04-18,CALL,2018-2025,2019-03-04,45,174.42,0.15634,9.574,2.872,178.0,180.87,43.74,9.763,0.055,176.0,180.87,0.225,181.55,delta,187.39,1,1
QQQ,2019-05-17,PUT,2018-2025,2019-04-02,45,182.73,0.15634,10.031,3.009,174.99,178.0,28.86,203.876,,175.0,174.99,0.2343,173.62,delta,183.04,0,0
QQQ,2019-05-17,CALL,2018-2025,2019-04-02,45,182.73,0.15634,10.031,3.009,185.0,188.01,67.88,15.097,,185.0,188.01,0.299,190.77,delta,183.04,0,1
QQQ,2019-06-21,PUT,2018-2025,2019-05-07,45,186.24,0.20999,13.732,4.12,177.88,182.0,45.37,33.433,,180.0,177.88,0.2598,174.2,delta,188.57,0,1
QQQ,2019-06-21,CALL,2018-2025,2019-05-07,45,186.24,0.20999,13.732,4.12,189.0,193.12,51.46,30.771,,190.0,193.12,0.311,196.83,delta,188.57,0,0
QQQ,2019-07-19,PUT,2018-2025,2019-06-04,45,174.91,0.20999,12.897,3.869,166.13,170.0,40.96,74.697,,170.0,166.13,0.2452,163.6,delta,191.01,0,0
QQQ,2019-07-19,CALL,2018-2025,2019-06-04,45,174.91,0.20999,12.897,3.869,185.0,188.87,31.08,2.436,,185.0,188.87,0.0887,184.54,banda,191.01,1,1
QQQ,2019-08-16,PUT,2018-2025,2019-07-02,45,190.01,0.15146,10.105,3.031,174.97,178.0,23.5,22.986,,175.0,174.97,0.1163,180.54,banda,185.48,0,0
QQQ,2019-08-16,CALL,2018-2025,2019-07-02,45,190.01,0.15146,10.105,3.031,192.0,195.03,62.43,489.561,,195.0,195.03,0.3296,198.23,delta,185.48,0,1
QQQ,2019-09-20,PUT,2018-2025,2019-08-06,45,183.26,0.21975,14.14,4.242,176.76,181.0,42.96,44.439,,180.0,176.76,0.3132,170.48,delta,190.8,0,0
QQQ,2019-09-20,CALL,2018-2025,2019-08-06,45,183.26,0.21975,14.14,4.242,191.0,195.24,43.9,15.89,,195.0,195.24,0.1634,193.76,banda,190.8,0,0
QQQ,2019-10-18,PUT,2018-2025,2019-09-04,44,188.33,0.20024,13.093,3.928,174.07,178.0,27.2,99.922,,180.0,174.07,0.1712,175.77,banda,191.69,0,0
QQQ,2019-10-18,CALL,2018-2025,2019-09-04,44,188.33,0.20024,13.093,3.928,199.0,202.93,39.89,62.626,,200.0,202.93,0.0606,197.4,banda,191.69,0,0
QQQ,2019-11-15,PUT,2018-2025,2019-10-01,45,187.27,0.21,13.809,4.143,180.86,185.0,42.53,284.028,,185.0,180.86,0.309,174.6,delta,202.91,0,0
QQQ,2019-11-15,CALL,2018-2025,2019-10-01,45,187.27,0.21,13.809,4.143,190.0,194.14,46.23,76.437,,193.0,194.14,0.2975,197.19,delta,202.91,1,1
QQQ,2019-12-20,PUT,2018-2025,2019-11-05,45,200.21,0.15634,10.99,3.297,191.7,195.0,26.91,16.658,0.344,193.0,191.7,0.2312,190.04,delta,211.71,0,0
QQQ,2019-12-20,CALL,2018-2025,2019-11-05,45,200.21,0.15634,10.99,3.297,205.0,208.3,56.94,14.526,,205.0,208.3,0.215,208.8,delta,211.71,1,1
QQQ,2020-01-17,PUT,2018-2025,2019-12-03,45,201.41,0.17585,12.436,3.731,192.27,196.0,22.79,20.121,,195.0,192.27,0.2508,189.34,delta,223.38,0,0
QQQ,2020-01-17,CALL,2018-2025,2019-12-03,45,201.41,0.17585,12.436,3.731,209.0,212.73,48.15,11.815,,210.0,212.73,0.1137,210.05,banda,223.38,1,1
QQQ,2020-02-21,PUT,2018-2025,2020-01-07,45,215.53,0.15634,11.831,3.549,208.45,212.0,36.9,157.826,0.347,210.0,208.45,0.2835,204.04,delta,230.27,0,0
QQQ,2020-02-21,CALL,2018-2025,2020-01-07,45,215.53,0.15634,11.831,3.549,222.0,225.55,63.62,48.212,,225.0,225.55,0.1607,224.09,banda,230.27,1,1
QQQ,2020-03-20,PUT,2018-2025,2020-02-04,45,227.47,0.17097,13.655,4.097,218.9,223.0,27.58,15.182,,210.0,218.9,0.2713,214.5,delta,170.7,1,1
QQQ,2020-03-20,CALL,2018-2025,2020-02-04,45,227.47,0.17097,13.655,4.097,233.0,237.1,68.86,82.744,,233.0,237.1,0.2036,237.24,delta,170.7,0,1
QQQ,2020-04-17,PUT,2018-2025,2020-03-03,45,209.48,0.3417,25.133,7.54,193.46,201.0,48.07,2.97,,200.0,193.46,0.2557,187.37,delta,215.29,0,1
QQQ,2020-04-17,CALL,2018-2025,2020-03-03,45,209.48,0.3417,25.133,7.54,220.0,227.54,37.43,1.742,,220.0,227.54,0.1942,227.29,banda,215.29,0,0
QQQ,2020-05-15,PUT,2018-2025,2020-03-31,45,190.4,0.43926,29.366,8.81,157.19,166.0,28.59,1.972,,160.0,157.19,0.1581,163.76,banda,223.27,0,0
QQQ,2020-05-15,CALL,2018-2025,2020-03-31,45,190.4,0.43926,29.366,8.81,209.0,217.81,37.88,3.963,,215.0,217.81,0.117,211.13,banda,223.27,1,1
QQQ,2020-06-19,PUT,2018-2025,2020-05-05,45,217.66,0.31243,23.878,7.163,197.84,205.0,29.08,13.114,,200.0,197.84,0.2204,195.54,delta,244.24,0,0
QQQ,2020-06-19,CALL,2018-2025,2020-05-05,45,217.66,0.31243,23.878,7.163,224.0,231.16,47.94,4.057,,230.0,231.16,0.2689,235.2,delta,244.24,1,1
QQQ,2020-07-17,PUT,2018-2025,2020-06-02,45,235.63,0.23927,19.796,5.939,214.06,220.0,21.32,5.359,,170.0,214.06,0.1793,215.89,banda,259.42,0,0
QQQ,2020-07-17,CALL,2018-2025,2020-06-02,45,235.63,0.23927,19.796,5.939,240.0,245.94,58.63,120.49,,245.0,245.94,0.2834,249.85,delta,259.42,1,1
QQQ,2020-08-21,PUT,2018-2025,2020-07-07,45,256.61,0.27829,25.074,7.522,229.48,237.0,27.91,13.485,,220.0,229.48,0.1724,232.8,banda,281.87,0,0
QQQ,2020-08-21,CALL,2018-2025,2020-07-07,45,256.61,0.27829,25.074,7.522,263.0,270.52,63.09,5.506,,270.0,270.52,0.2882,276.42,delta,281.87,1,1
QQQ,2020-09-18,PUT,2018-2025,2020-08-04,45,270.38,0.26853,25.493,7.648,257.35,265.0,24.61,38.778,,250.0,257.35,0.2996,247.12,delta,266.87,0,0
QQQ,2020-09-18,CALL,2018-2025,2020-08-04,45,270.38,0.26853,25.493,7.648,275.0,282.65,38.84,22.509,,288.0,282.65,0.3084,289.42,delta,266.87,0,1
QQQ,2020-10-16,PUT,2018-2025,2020-09-01,45,299.92,0.31731,33.416,10.025,259.98,270.0,27.51,4.798,,250.0,259.98,0.1409,270.11,banda,288.51,0,0
QQQ,2020-10-16,CALL,2018-2025,2020-09-01,45,299.92,0.31731,33.416,10.025,305.0,315.02,59.64,3.294,,310.0,315.02,0.3321,327.31,delta,288.51,0,0
QQQ,2020-11-20,PUT,2018-2025,2020-10-06,45,275.16,0.35633,34.427,10.328,249.67,260.0,36.4,5.136,,260.0,249.67,0.2251,246.04,delta,290.38,0,0
QQQ,2020-11-20,CALL,2018-2025,2020-10-06,45,275.16,0.35633,34.427,10.328,290.0,300.33,46.59,4.372,,300.0,300.33,0.2166,302.16,delta,290.38,0,0
QQQ,2020-12-18,PUT,2018-2025,2020-11-03,45,274.65,0.33195,32.011,9.603,250.4,260.0,27.65,8.736,,260.0,250.4,0.2308,246.17,delta,310.06,0,0
QQQ,2020-12-18,CALL,2018-2025,2020-11-03,45,274.65,0.33195,32.011,9.603,282.0,291.6,37.78,22.766,,280.0,291.6,0.2944,298.84,delta,310.06,1,1
QQQ,2021-01-15,PUT,2018-2025,2020-12-01,45,303.46,0.24414,26.014,7.804,274.2,282.0,29.27,29.609,,280.0,274.2,0.1588,280.16,banda,311.86,0,0
QQQ,2021-01-15,CALL,2018-2025,2020-12-01,45,303.46,0.24414,26.014,7.804,308.0,315.8,47.28,13.018,,310.0,315.8,0.3253,324.82,delta,311.86,0,1
QQQ,2021-02-19,PUT,2018-2025,2021-01-05,45,311.86,0.25389,27.802,8.341,287.66,296.0,35.14,3.555,,290.0,287.66,0.2131,285.74,delta,331.02,0,0
QQQ,2021-02-19,CALL,2018-2025,2021-01-05,45,311.86,0.25389,27.802,8.341,318.0,326.34,60.01,7.792,,324.0,326.34,0.2918,332.37,delta,331.02,1,1
QQQ,2021-03-19,PUT,2018-2025,2021-02-02,45,327.68,0.26365,30.335,9.101,306.9,316.0,29.55,85.405,,315.0,306.9,0.2541,299.49,delta,313.14,0,1
QQQ,2021-03-19,CALL,2018-2025,2021-02-02,45,327.68,0.26365,30.335,9.101,338.0,347.1,50.13,7.185,,345.0,347.1,0.2505,350.75,delta,313.14,0,0
QQQ,2021-04-16,PUT,2018-2025,2021-03-02,45,318.4,0.27341,30.567,9.17,282.83,292.0,25.74,3.245,,300.0,282.83,0.162,289.56,banda,342.01,0,0
QQQ,2021-04-16,CALL,2018-2025,2021-03-02,45,318.4,0.27341,30.567,9.17,328.0,337.17,46.51,9.441,,330.0,337.17,0.2412,340.81,delta,342.01,1,1
QQQ,2021-05-21,PUT,2018-2025,2021-04-06,45,330.82,0.21,24.393,7.318,302.68,310.0,31.41,4.406,,310.0,302.68,0.1609,307.76,banda,327.01,0,0
QQQ,2021-05-21,CALL,2018-2025,2021-04-06,45,330.82,0.21,24.393,7.318,335.0,342.32,44.08,11.306,,335.0,342.32,0.3266,350.79,delta,327.01,0,1
QQQ,2021-06-18,PUT,2018-2025,2021-05-04,45,330.14,0.22463,26.039,7.812,304.19,312.0,23.17,37.54,,310.0,304.19,0.1933,305.55,banda,342.63,0,0
QQQ,2021-06-18,CALL,2018-2025,2021-05-04,45,330.14,0.22463,26.039,7.812,335.0,342.81,37.75,3.791,,340.0,342.81,0.3087,349.51,delta,342.63,0,1
QQQ,2021-07-16,PUT,2018-2025,2021-06-01,45,332.82,0.19048,22.26,6.678,318.32,325.0,42.37,37.693,,320.0,318.32,0.2763,310.41,delta,357.6,0,0
QQQ,2021-07-16,CALL,2018-2025,2021-06-01,45,332.82,0.19048,22.26,6.678,339.0,345.68,39.11,7.291,,340.0,345.68,0.2611,349.65,delta,357.6,1,1
QQQ,2021-08-20,PUT,2018-2025,2021-07-06,45,360.19,0.18073,22.857,6.857,343.14,350.0,23.16,4.164,,350.0,343.14,0.2507,337.7,delta,367.73,0,0
QQQ,2021-08-20,CALL,2018-2025,2021-07-06,45,360.19,0.18073,22.857,6.857,365.0,371.86,50.36,38.975,,380.0,371.86,0.2972,377.28,delta,367.73,0,0
QQQ,2021-09-17,PUT,2018-2025,2021-08-03,45,366.81,0.17097,22.02,6.606,343.39,350.0,24.63,36.717,,350.0,343.39,0.1948,343.91,banda,373.83,0,0
QQQ,2021-09-17,CALL,2018-2025,2021-08-03,45,366.81,0.17097,22.02,6.606,374.0,380.61,56.42,82.886,,380.0,380.61,0.2532,383.38,delta,373.83,0,1
QQQ,2021-10-15,PUT,2018-2025,2021-08-31,45,379.95,0.15634,20.857,6.257,364.74,371.0,24.62,17.177,0.715,365.0,364.74,0.2686,357.15,delta,368.94,0,1
QQQ,2021-10-15,CALL,2018-2025,2021-08-31,45,379.95,0.15634,20.857,6.257,384.0,390.26,55.53,38.064,,385.0,390.26,0.2903,395.52,delta,368.94,0,0
QQQ,2021-11-19,PUT,2018-2025,2021-10-05,45,357.38,0.21975,27.575,8.273,341.73,350.0,55.25,19.972,0.229,350.0,341.73,0.2964,329.93,delta,403.99,0,0
QQQ,2021-11-19,CALL,2018-2025,2021-10-05,45,357.38,0.21975,27.575,8.273,372.0,380.27,42.9,7.632,,375.0,380.27,0.1581,376.82,banda,403.99,1,1
QQQ,2021-12-17,PUT,2018-2025,2021-11-02,45,389.05,0.17097,23.355,7.007,372.99,380.0,20.34,13.237,0.293,370.0,372.99,0.2624,365.71,delta,384.91,0,0
QQQ,2021-12-17,CALL,2018-2025,2021-11-02,45,389.05,0.17097,23.355,7.007,393.0,400.01,67.14,38.348,,400.0,400.01,0.3107,406.65,delta,384.91,0,1
QQQ,2022-01-21,PUT,2018-2025,2021-12-07,45,397.83,0.21975,30.696,9.209,368.79,378.0,26.7,20.275,,370.0,368.79,0.2116,367.28,delta,351.69,1,1
QQQ,2022-01-21,CALL,2018-2025,2021-12-07,45,397.83,0.21975,30.696,9.209,412.0,421.21,49.06,51.016,,420.0,421.21,0.1791,419.54,banda,351.69,0,0
QQQ,2022-02-18,PUT,2018-2025,2022-01-04,45,396.47,0.20024,27.875,8.363,379.64,388.0,38.91,11.686,0.171,380.0,379.64,0.2824,368.83,delta,341.51,1,1
QQQ,2022-02-18,CALL,2018-2025,2022-01-04,45,396.47,0.20024,27.875,8.363,402.0,410.36,42.81,9.288,,420.0,410.36,0.294,416.54,delta,341.51,0,0
QQQ,2022-03-18,PUT,2018-2025,2022-02-01,45,365.52,0.24901,31.959,9.588,349.41,359.0,34.58,6.235,0.155,350.0,349.41,0.3047,335.75,delta,351.49,0,1
QQQ,2022-03-18,CALL,2018-2025,2022-02-01,45,365.52,0.24901,31.959,9.588,371.0,380.59,42.23,23.342,0.452,375.0,380.59,0.3143,390.02,delta,351.49,0,0
QQQ,2022-04-14,PUT,2018-2025,2022-02-28,45,346.8,0.28804,35.075,10.522,319.48,330.0,53.84,6.573,,320.0,319.48,0.2309,314.62,delta,338.43,0,1
QQQ,2022-04-14,CALL,2018-2025,2022-02-28,45,346.8,0.28804,35.075,10.522,360.0,370.52,40.89,3.539,,400.0,370.52,0.2228,372.38,delta,338.43,0,1
QQQ,2022-05-20,PUT,2018-2025,2022-04-05,45,361.1,0.24414,30.955,9.286,335.71,345.0,25.04,3.614,,330.0,335.71,0.2256,331.79,delta,288.68,1,1
QQQ,2022-05-20,CALL,2018-2025,2022-04-05,45,361.1,0.24414,30.955,9.286,378.0,387.29,35.03,10.179,,395.0,387.29,0.1699,385.19,banda,288.68,0,0
QQQ,2022-06-17,PUT,2018-2025,2022-05-03,45,318.82,0.33194,37.16,11.148,298.85,310.0,49.96,99.615,0.251,300.0,298.85,0.2801,287.87,delta,274.69,1,1
QQQ,2022-06-17,CALL,2018-2025,2022-05-03,45,318.82,0.33194,37.16,11.148,339.0,350.15,32.77,22.852,,350.0,350.15,0.173,347.95,banda,274.69,0,0
QQQ,2022-07-15,PUT,2018-2025,2022-05-31,45,308.28,0.30268,32.763,9.829,290.17,300.0,40.74,5.057,,300.0,290.17,0.2851,279.24,delta,291.87,0,1
QQQ,2022-07-15,CALL,2018-2025,2022-05-31,45,308.28,0.30268,32.763,9.829,322.0,331.83,51.27,33.544,,330.0,331.83,0.2256,334.5,delta,291.87,0,0
QQQ,2022-08-19,PUT,2018-2025,2022-07-05,45,286.96,0.32219,32.463,9.739,270.26,280.0,41.55,12.369,,280.0,270.26,0.2887,259.32,delta,322.86,0,0
QQQ,2022-08-19,CALL,2018-2025,2022-07-05,45,286.96,0.32219,32.463,9.739,294.0,303.74,42.14,255.988,,300.0,303.74,0.3114,313.11,delta,322.86,1,1
QQQ,2022-09-16,PUT,2018-2025,2022-08-02,45,314.33,0.27829,30.714,9.214,296.79,306.0,40.19,6.874,,300.0,296.79,0.2753,287.36,delta,289.32,1,1
QQQ,2022-09-16,CALL,2018-2025,2022-08-02,45,314.33,0.27829,30.714,9.214,325.0,334.21,44.17,228.177,,330.0,334.21,0.2566,338.47,delta,289.32,0,1
QQQ,2022-10-21,PUT,2018-2025,2022-09-06,45,293.05,0.30756,31.646,9.494,278.51,288.0,49.4,26.708,,280.0,278.51,0.3076,265.95,delta,275.42,1,1
QQQ,2022-10-21,CALL,2018-2025,2022-09-06,45,293.05,0.30756,31.646,9.494,300.0,309.49,28.41,5.269,,300.0,309.49,0.3155,318.57,delta,275.42,0,1
QQQ,2022-11-18,PUT,2018-2025,2022-10-04,45,282.13,0.32219,31.917,9.575,266.42,276.0,51.07,7.619,,270.0,266.42,0.2869,256.27,delta,284.82,0,1
QQQ,2022-11-18,CALL,2018-2025,2022-10-04,45,282.13,0.32219,31.917,9.575,294.0,303.58,45.22,18.98,,300.0,303.58,0.2623,308.95,delta,284.82,0,0
QQQ,2022-12-16,PUT,2018-2025,2022-11-01,45,275.11,0.31243,30.18,9.054,260.95,270.0,38.6,27.431,,270.0,260.95,0.2934,251.11,delta,274.25,0,1
QQQ,2022-12-16,CALL,2018-2025,2022-11-01,45,275.11,0.31243,30.18,9.054,284.0,293.05,36.76,82.231,,290.0,293.05,0.2992,302.24,delta,274.25,0,1
QQQ,2023-01-20,PUT,2018-2025,2022-12-06,45,281.68,0.27341,27.041,8.112,263.89,272.0,39.74,12.0,,270.0,263.89,0.2357,259.94,delta,282.68,0,1
QQQ,2023-01-20,CALL,2018-2025,2022-12-06,45,281.68,0.27341,27.041,8.112,300.0,308.11,38.29,1254.047,,300.0,308.11,0.1553,304.82,banda,282.68,0,0
QQQ,2023-02-17,PUT,2018-2025,2023-01-03,45,264.48,0.29292,27.202,8.161,251.84,260.0,32.21,42.037,,260.0,251.84,0.2888,243.59,delta,301.16,0,0
QQQ,2023-02-17,CALL,2018-2025,2023-01-03,45,264.48,0.29292,27.202,8.161,282.0,290.16,35.97,7.913,,285.0,290.16,0.1698,287.31,banda,301.16,1,1
QQQ,2023-03-17,PUT,2018-2025,2023-01-31,45,294.62,0.24902,25.761,7.728,279.27,287.0,35.46,9.487,,280.0,279.27,0.2536,273.41,delta,305.36,0,0
QQQ,2023-03-17,CALL,2018-2025,2023-01-31,45,294.62,0.24902,25.761,7.728,299.0,306.73,38.48,309.093,,300.0,306.73,0.3442,316.68,delta,305.36,0,1
QQQ,2023-04-21,PUT,2018-2025,2023-03-07,45,296.34,0.23927,24.896,7.469,283.53,291.0,41.04,7.939,,290.0,283.53,0.2764,276.5,delta,316.61,0,0
QQQ,2023-04-21,CALL,2018-2025,2023-03-07,45,296.34,0.23927,24.896,7.469,310.0,317.47,41.26,2.871,,310.0,317.47,0.2059,317.96,delta,316.61,0,1
QQQ,2023-05-19,PUT,2018-2025,2023-04-04,45,319.07,0.22951,25.713,7.714,299.29,307.0,23.2,5.722,,300.0,299.29,0.215,297.81,delta,336.51,0,0
QQQ,2023-05-19,CALL,2018-2025,2023-04-04,45,319.07,0.22951,25.713,7.714,333.0,340.71,39.05,2.664,,325.0,340.71,0.208,341.18,delta,336.51,0,0
QQQ,2023-06-16,PUT,2018-2025,2023-05-02,45,319.38,0.21,23.55,7.065,298.94,306.0,31.3,6.617,,300.0,298.94,0.2007,298.86,delta,367.93,0,0
QQQ,2023-06-16,CALL,2018-2025,2023-05-02,45,319.38,0.21,23.55,7.065,330.0,337.06,34.04,200.91,,335.0,337.06,0.2211,338.55,delta,367.93,1,1
QQQ,2023-07-21,PUT,2018-2025,2023-06-06,45,354.84,0.17585,21.91,6.573,334.43,341.0,27.86,9.637,,340.0,334.43,0.1774,337.38,banda,375.63,0,0
QQQ,2023-07-21,CALL,2018-2025,2023-06-06,45,354.84,0.17585,21.91,6.573,364.0,370.57,49.34,10.429,,370.0,370.57,0.2652,373.94,delta,375.63,1,1
QQQ,2023-08-18,PUT,2018-2025,2023-07-03,46,370.29,0.18073,23.758,7.127,357.87,365.0,27.85,7.255,,360.0,357.87,0.2725,350.98,delta,358.13,0,1
QQQ,2023-08-18,CALL,2018-2025,2023-07-03,46,370.29,0.18073,23.758,7.127,380.0,387.13,50.34,11.093,,385.0,387.13,0.2753,392.92,delta,358.13,0,1
QQQ,2023-09-15,PUT,2018-2025,2023-08-01,45,382.79,0.18073,24.291,7.287,359.71,367.0,28.32,11.601,,360.0,359.71,0.1662,363.11,banda,370.81,0,1
QQQ,2023-09-15,CALL,2018-2025,2023-08-01,45,382.79,0.18073,24.291,7.287,393.0,400.29,45.59,10.145,,400.0,400.29,0.2594,404.77,delta,370.81,0,0
QQQ,2023-10-20,PUT,2018-2025,2023-09-05,45,378.07,0.18073,23.991,7.197,349.8,357.0,27.26,14.533,,350.0,349.8,0.1387,358.63,banda,354.6,0,0
QQQ,2023-10-20,CALL,2018-2025,2023-09-05,45,378.07,0.18073,23.991,7.197,385.0,392.2,45.79,9.683,,385.0,392.2,0.3073,398.56,delta,354.6,0,0
QQQ,2023-11-17,PUT,2018-2025,2023-10-03,45,354.92,0.22951,28.602,8.581,341.42,350.0,32.92,11.856,,350.0,341.42,0.287,332.32,delta,386.04,0,0
QQQ,2023-11-17,CALL,2018-2025,2023-10-03,45,354.92,0.22951,28.602,8.581,369.0,377.58,29.35,2.896,,375.0,377.58,0.2262,378.9,delta,386.04,1,1
QQQ,2023-12-15,PUT,2018-2025,2023-10-31,45,350.87,0.21487,26.472,7.942,332.06,340.0,31.69,7.609,,340.0,332.06,0.2269,329.38,delta,405.34,0,0
QQQ,2023-12-15,CALL,2018-2025,2023-10-31,45,350.87,0.21487,26.472,7.942,370.0,377.94,30.56,27.4,,370.0,377.94,0.1501,373.31,banda,405.34,1,1
QQQ,2024-01-19,PUT,2018-2025,2023-12-05,45,387.29,0.16609,22.587,6.776,369.22,376.0,32.16,16.593,,370.0,369.22,0.1988,369.33,banda,421.18,0,0
QQQ,2024-01-19,CALL,2018-2025,2023-12-05,45,387.29,0.16609,22.587,6.776,394.0,400.78,40.9,91.088,,395.0,400.78,0.2978,407.02,delta,421.18,1,1
QQQ,2024-02-16,PUT,2018-2025,2024-01-02,45,402.59,0.16609,23.479,7.044,384.74,391.78,36.16,4.704,,384.78,384.74,0.1979,403.14,banda,430.57,0,0
QQQ,2024-02-16,CALL,2018-2025,2024-01-02,45,402.59,0.16609,23.479,7.044,409.0,416.04,46.29,5.253,,409.78,416.04,0.0181,407.94,banda,430.57,1,1
QQQ,2024-03-15,PUT,2018-2025,2024-01-30,45,425.3,0.16609,24.803,7.441,404.56,412.0,22.61,9.753,,400.0,404.56,0.1921,405.58,banda,433.92,0,0
QQQ,2024-03-15,CALL,2018-2025,2024-01-30,45,425.3,0.16609,24.803,7.441,429.78,437.22,47.88,405.077,,429.78,437.22,0.3563,448.42,delta,433.92,0,1
QQQ,2024-04-19,PUT,2018-2025,2024-03-05,45,436.05,0.17585,26.924,8.077,411.92,420.0,28.01,325.542,,430.0,411.92,0.1748,414.73,banda,414.65,0,0
QQQ,2024-04-19,CALL,2018-2025,2024-03-05,45,436.05,0.17585,26.924,8.077,452.0,460.08,49.72,144.263,,455.0,460.08,0.211,461.15,delta,414.65,0,0
QQQ,2024-05-17,PUT,2018-2025,2024-04-02,45,441.11,0.17585,27.236,8.171,416.83,425.0,33.96,534.21,,425.0,416.83,0.1759,419.53,banda,451.76,0,1
QQQ,2024-05-17,CALL,2018-2025,2024-04-02,45,441.11,0.17585,27.236,8.171,459.78,467.95,51.52,110.413,,460.0,467.95,0.1754,466.14,banda,451.76,0,0
QQQ,2024-06-21,PUT,2018-2025,2024-05-07,45,440.32,0.16609,25.679,7.704,417.3,425.0,27.22,63.724,,425.0,417.3,0.1703,420.97,banda,480.18,0,0
QQQ,2024-06-21,CALL,2018-2025,2024-05-07,45,440.32,0.16609,25.679,7.704,444.78,452.48,33.05,16.756,,450.0,452.48,0.3681,464.17,delta,480.18,1,1
QQQ,2024-07-19,PUT,2018-2025,2024-06-04,45,454.37,0.15634,24.942,7.483,442.52,450.0,28.2,6.782,,450.0,442.52,0.2811,434.45,delta,475.24,0,0
QQQ,2024-07-19,CALL,2018-2025,2024-06-04,45,454.37,0.15634,24.942,7.483,460.0,467.48,41.41,269.953,,460.0,467.48,0.3401,476.15,delta,475.24,1,1
QQQ,2024-08-16,PUT,2018-2025,2024-07-02,45,486.98,0.15634,26.733,8.02,461.98,470.0,34.92,249.652,,470.0,461.98,0.1679,465.78,banda,475.03,0,1
QQQ,2024-08-16,CALL,2018-2025,2024-07-02,45,486.98,0.15634,26.733,8.02,495.0,503.02,73.09,105.528,,500.0,503.02,0.3114,511.41,delta,475.03,0,1
QQQ,2024-09-20,PUT,2018-2025,2024-08-06,45,439.53,0.28804,44.453,13.336,416.66,430.0,33.69,35.49,,430.0,416.66,0.2797,402.88,delta,482.44,0,0
QQQ,2024-09-20,CALL,2018-2025,2024-08-06,45,439.53,0.28804,44.453,13.336,474.78,488.12,41.13,134.323,,485.0,488.12,0.1088,475.02,banda,482.44,0,0
QQQ,2024-10-18,PUT,2018-2025,2024-09-03,45,461.81,0.21975,35.633,10.69,439.31,450.0,47.79,338.507,,440.0,439.31,0.2463,431.6,delta,494.47,0,0
QQQ,2024-10-18,CALL,2018-2025,2024-09-03,45,461.81,0.21975,35.633,10.69,475.0,485.69,39.79,294.407,,475.0,485.69,0.2552,491.07,delta,494.47,1,1
QQQ,2024-11-15,PUT,2018-2025,2024-10-01,45,481.27,0.21975,37.134,11.14,458.86,470.0,32.73,120.398,,470.0,458.86,0.2575,450.34,delta,496.57,0,0
QQQ,2024-11-15,CALL,2018-2025,2024-10-01,45,481.27,0.21975,37.134,11.14,490.0,501.14,60.42,936.887,,500.0,501.14,0.3151,511.81,delta,496.57,0,1
QQQ,2024-12-20,PUT,2018-2025,2024-11-05,45,492.21,0.21487,37.136,11.141,468.86,480.0,33.47,101.999,,480.0,468.86,0.2449,462.29,delta,518.66,0,0
QQQ,2024-12-20,CALL,2018-2025,2024-11-05,45,492.21,0.21487,37.136,11.141,509.78,520.92,44.63,16.614,,500.0,520.92,0.2217,523.43,delta,518.66,0,1
QQQ,2025-01-17,PUT,2018-2025,2024-12-03,45,516.87,0.15634,28.373,8.512,496.49,505.0,24.15,41.403,,500.0,496.49,0.2141,495.07,delta,521.74,0,0
QQQ,2025-01-17,CALL,2018-2025,2024-12-03,45,516.87,0.15634,28.373,8.512,524.78,533.29,42.18,780.367,,524.78,533.29,0.3127,541.13,delta,521.74,0,1
QQQ,2025-02-21,PUT,2018-2025,2025-01-07,45,515.18,0.19536,35.339,10.602,494.4,505.0,56.05,82.813,,500.0,494.4,0.2608,485.69,delta,526.08,0,0
QQQ,2025-02-21,CALL,2018-2025,2025-01-07,45,515.18,0.19536,35.339,10.602,530.0,540.6,49.6,11.843,,540.0,540.6,0.2457,544.33,delta,526.08,0,1
QQQ,2025-03-21,PUT,2018-2025,2025-02-04,45,524.47,0.19049,35.079,10.524,499.48,510.0,40.08,52.66,,500.0,499.48,0.2306,494.27,delta,480.84,1,1
QQQ,2025-03-21,CALL,2018-2025,2025-02-04,45,524.47,0.19049,35.079,10.524,545.0,555.52,42.96,955.7,,550.0,555.52,0.1702,552.94,banda,480.84,0,0
QQQ,2025-04-17,PUT,2018-2025,2025-03-03,45,497.05,0.24414,42.609,12.783,467.22,480.0,42.73,94.05,0.124,490.0,467.22,0.2279,461.61,delta,444.1,1,1
QQQ,2025-04-17,CALL,2018-2025,2025-03-03,45,497.05,0.24414,42.609,12.783,528.0,540.78,38.33,3.472,,540.0,540.78,0.1256,531.49,banda,444.1,0,0
QQQ,2025-05-16,PUT,2018-2025,2025-04-01,45,472.7,0.22951,38.093,11.428,448.57,460.0,30.63,4.93,0.38,425.0,448.57,0.2551,439.8,delta,521.51,0,1
QQQ,2025-05-16,CALL,2018-2025,2025-04-01,45,472.7,0.22951,38.093,11.428,490.0,501.43,49.34,32.697,,490.0,501.43,0.221,503.88,delta,521.51,1,1
QQQ,2025-06-20,PUT,2018-2025,2025-05-06,45,481.41,0.24902,42.093,12.628,457.37,470.0,39.8,105.631,,470.0,457.37,0.2685,446.15,delta,526.83,0,0
QQQ,2025-06-20,CALL,2018-2025,2025-05-06,45,481.41,0.24902,42.093,12.628,499.78,512.41,49.66,69.027,,500.0,512.41,0.2249,514.77,delta,526.83,1,1
QQQ,2025-07-18,PUT,2018-2025,2025-06-03,45,527.3,0.19049,35.268,10.58,499.42,510.0,29.18,4.807,,500.0,499.42,0.2225,495.68,delta,561.26,0,0
QQQ,2025-07-18,CALL,2018-2025,2025-06-03,45,527.3,0.19049,35.268,10.58,540.0,550.58,62.07,40.311,,540.0,550.58,0.2612,556.44,delta,561.26,1,1
QQQ,2025-08-15,PUT,2018-2025,2025-07-01,45,546.99,0.18561,35.647,10.694,519.31,530.0,31.47,164.554,,520.0,519.31,0.2189,515.68,delta,577.34,0,0
QQQ,2025-08-15,CALL,2018-2025,2025-07-01,45,546.99,0.18561,35.647,10.694,560.0,570.69,54.84,1013.689,,570.0,570.69,0.2657,577.76,delta,577.34,1,1
QQQ,2025-09-19,PUT,2018-2025,2025-08-05,45,560.27,0.17585,34.594,10.378,539.62,550.0,31.59,24.821,,550.0,539.62,0.2628,528.05,delta,599.35,0,0
QQQ,2025-09-19,CALL,2018-2025,2025-08-05,45,560.27,0.17585,34.594,10.378,566.0,576.38,34.99,13.027,0.647,567.0,576.38,0.3527,588.62,delta,599.35,1,1
QQQ,2025-10-17,PUT,2018-2025,2025-09-02,45,565.62,0.19049,37.831,11.349,528.65,540.0,28.09,3.756,,550.0,528.65,0.1755,533.09,banda,603.93,0,0
QQQ,2025-10-17,CALL,2018-2025,2025-09-02,45,565.62,0.19049,37.831,11.349,574.0,585.35,43.96,118.688,,575.0,585.35,0.3137,595.39,delta,603.93,1,1
QQQ,2025-11-21,PUT,2018-2025,2025-10-07,45,604.51,0.19048,40.431,12.129,573.87,586.0,28.75,117.122,0.616,540.0,573.87,0.2271,568.34,delta,590.07,0,0
QQQ,2025-11-21,CALL,2018-2025,2025-10-07,45,604.51,0.19048,40.431,12.129,618.0,630.13,56.7,4.825,,620.0,630.13,0.2819,639.1,delta,590.07,0,1
QQQ,2025-12-19,PUT,2018-2025,2025-11-04,45,619.25,0.21975,47.781,14.334,597.67,612.0,30.07,73.339,0.457,600.0,597.67,0.298,580.27,delta,610.54,0,1
QQQ,2025-12-19,CALL,2018-2025,2025-11-04,45,619.25,0.21975,47.781,14.334,636.0,650.33,39.81,2.051,,650.0,650.33,0.2726,659.72,delta,610.54,0,0
IWM,2013-02-16,PUT,2013-2017,2013-01-02,45,86.8,0.17097,5.211,1.563,81.44,83.0,25.39,167.724,,80.0,81.44,0.1893,81.75,banda,91.74,0,0
IWM,2013-02-16,CALL,2013-2017,2013-01-02,45,86.8,0.17097,5.211,1.563,88.0,89.56,60.2,109.11,,88.0,89.56,0.2893,90.73,delta,91.74,1,1
IWM,2013-03-16,PUT,2013-2017,2013-01-30,45,88.97,0.16121,5.036,1.511,84.49,86.0,31.44,935.417,,85.0,84.49,0.2159,84.09,delta,94.75,0,0
IWM,2013-03-16,CALL,2013-2017,2013-01-30,45,88.97,0.16121,5.036,1.511,90.0,91.51,69.87,8371.243,,90.0,91.51,0.2965,92.71,delta,94.75,1,1
IWM,2013-04-20,PUT,2013-2017,2013-03-06,45,92.43,0.14659,4.757,1.427,85.57,87.0,30.28,943.954,,87.0,85.57,0.1336,87.43,banda,90.61,0,0
IWM,2013-04-20,CALL,2013-2017,2013-03-06,45,92.43,0.14659,4.757,1.427,94.0,95.43,76.4,31.719,,94.0,95.43,0.2186,95.67,delta,90.61,0,0
IWM,2013-05-18,PUT,2013-2017,2013-04-03,45,91.13,0.17097,5.471,1.641,88.36,90.0,51.23,2023.479,0.203,90.0,88.36,0.3075,85.89,delta,99.05,0,0
IWM,2013-05-18,CALL,2013-2017,2013-04-03,45,91.13,0.17097,5.471,1.641,93.0,94.64,35.35,279.298,,94.0,94.64,0.2385,95.13,delta,99.05,1,1
IWM,2013-06-22,PUT,2013-2017,2013-05-08,45,96.43,0.17097,5.789,1.737,89.26,91.0,27.88,374.547,0.831,95.0,89.26,0.1467,91.12,banda,95.97,0,0
IWM,2013-06-22,CALL,2013-2017,2013-05-08,45,96.43,0.17097,5.789,1.737,98.0,99.74,71.75,96.406,,98.0,99.74,0.2588,100.54,delta,95.97,0,1
IWM,2013-07-20,PUT,2013-2017,2013-06-05,45,96.43,0.20511,6.945,2.083,91.92,94.0,51.4,178.444,,93.0,91.92,0.2704,89.92,delta,104.31,0,0
IWM,2013-07-20,CALL,2013-2017,2013-06-05,45,96.43,0.20511,6.945,2.083,99.0,101.08,62.94,119.633,,99.0,101.08,0.2101,101.24,delta,104.31,1,1
IWM,2013-08-17,PUT,2013-2017,2013-07-03,45,98.28,0.18561,6.405,1.921,93.08,95.0,25.36,2107.291,,95.0,93.08,0.2277,92.18,delta,101.68,0,0
IWM,2013-08-17,CALL,2013-2017,2013-07-03,45,98.28,0.18561,6.405,1.921,100.0,101.92,52.12,63.658,0.424,100.0,101.92,0.2712,103.2,delta,101.68,0,1
IWM,2013-09-21,PUT,2013-2017,2013-08-07,45,103.72,0.16122,5.871,1.761,100.24,102.0,28.35,457.108,,102.0,100.24,0.2842,98.02,delta,106.59,0,1
IWM,2013-09-21,CALL,2013-2017,2013-08-07,45,103.72,0.16122,5.871,1.761,106.0,107.76,54.42,210.089,,107.0,107.76,0.23,108.23,delta,106.59,0,0
IWM,2013-10-19,PUT,2013-2017,2013-09-04,45,101.95,0.19537,6.993,2.098,97.9,100.0,51.93,226.115,,98.0,97.9,0.294,95.11,delta,110.69,0,0
IWM,2013-10-19,CALL,2013-2017,2013-09-04,45,101.95,0.19537,6.993,2.098,105.0,107.1,60.8,55.852,,105.0,107.1,0.1991,107.08,banda,110.69,1,1
IWM,2013-11-16,PUT,2013-2017,2013-10-02,45,107.41,0.18561,7.0,2.1,102.9,105.0,40.77,2163.666,,100.0,102.9,0.2767,100.58,delta,110.83,0,0
IWM,2013-11-16,CALL,2013-2017,2013-10-02,45,107.41,0.18561,7.0,2.1,109.0,111.1,50.2,28.055,,110.0,111.1,0.2722,112.38,delta,110.83,0,1
IWM,2013-12-21,PUT,2013-2017,2013-11-06,45,109.12,0.16122,6.177,1.853,106.15,108.0,31.52,1369.766,,107.0,106.15,0.3116,103.51,delta,113.93,0,0
IWM,2013-12-21,CALL,2013-2017,2013-11-06,45,109.12,0.16122,6.177,1.853,111.0,112.85,42.93,48.193,,115.0,112.85,0.2604,113.94,delta,113.93,1,1
IWM,2014-01-18,PUT,2013-2017,2013-12-04,45,111.53,0.16609,6.504,1.951,108.05,110.0,30.51,435.249,0.51,105.0,108.05,0.3126,105.11,delta,115.93,0,0
IWM,2014-01-18,CALL,2013-2017,2013-12-04,45,111.53,0.16609,6.504,1.951,113.0,114.95,44.5,3.247,0.372,113.0,114.95,0.281,116.35,delta,115.93,1,1
IWM,2014-02-22,PUT,2013-2017,2014-01-08,45,114.86,0.15146,6.108,1.833,108.17,110.0,30.27,755.283,,109.0,108.17,0.1759,108.82,banda,115.66,0,1
IWM,2014-02-22,CALL,2013-2017,2014-01-08,45,114.86,0.15146,6.108,1.833,119.0,120.83,38.47,28.858,,120.0,120.83,0.1273,119.59,banda,115.66,0,0
IWM,2014-03-22,PUT,2013-2017,2014-02-05,45,108.65,0.21975,8.384,2.515,104.48,107.0,60.79,651.135,,105.0,104.48,0.3147,100.39,delta,118.61,0,0
IWM,2014-03-22,CALL,2013-2017,2014-02-05,45,108.65,0.21975,8.384,2.515,113.0,115.52,56.56,53.424,,115.0,115.52,0.1762,114.86,banda,118.61,1,1
IWM,2014-04-19,PUT,2013-2017,2014-03-05,45,119.76,0.16121,6.779,2.034,113.97,116.0,32.7,294.748,,110.0,113.97,0.2387,112.81,delta,112.92,1,1
IWM,2014-04-19,CALL,2013-2017,2014-03-05,45,119.76,0.16121,6.779,2.034,121.0,123.03,68.17,20.278,,122.0,123.03,0.3027,124.68,delta,112.92,0,0
IWM,2014-05-17,PUT,2013-2017,2014-04-02,45,118.4,0.16609,6.905,2.072,113.93,116.0,44.9,823.206,,116.0,113.93,0.2715,111.83,delta,109.57,1,1
IWM,2014-05-17,CALL,2013-2017,2014-04-02,45,118.4,0.16609,6.905,2.072,120.0,122.07,53.39,5.855,,120.0,122.07,0.2789,123.65,delta,109.57,0,0
IWM,2014-06-21,PUT,2013-2017,2014-05-07,45,110.14,0.19536,7.555,2.267,106.73,109.0,46.38,581.0,,107.0,106.73,0.3235,103.25,delta,118.25,0,0
IWM,2014-06-21,CALL,2013-2017,2014-05-07,45,110.14,0.19536,7.555,2.267,113.0,115.27,46.52,36.021,,115.0,115.27,0.2201,115.72,delta,118.25,1,1
IWM,2014-07-19,PUT,2013-2017,2014-06-04,45,112.42,0.17585,6.941,2.082,104.92,107.0,39.45,464.564,,105.0,104.92,0.1758,105.67,banda,114.23,0,0
IWM,2014-07-19,CALL,2013-2017,2014-06-04,45,112.42,0.17585,6.941,2.082,114.0,116.08,51.62,34.477,,114.0,116.08,0.2688,117.4,delta,114.23,0,1
IWM,2014-08-16,PUT,2013-2017,2014-07-02,45,119.1,0.15146,6.334,1.9,114.1,116.0,30.93,685.411,,115.0,114.1,0.2382,113.14,delta,113.39,1,1
IWM,2014-08-16,CALL,2013-2017,2014-07-02,45,119.1,0.15146,6.334,1.9,122.0,123.9,50.78,45.228,,122.0,123.9,0.1871,123.72,banda,113.39,0,0
IWM,2014-09-20,PUT,2013-2017,2014-08-06,45,111.73,0.19049,7.473,2.242,107.76,110.0,57.52,1222.907,,110.0,107.76,0.3073,104.28,delta,113.97,0,0
IWM,2014-09-20,CALL,2013-2017,2014-08-06,45,111.73,0.19049,7.473,2.242,115.0,117.24,36.71,14.83,,120.0,117.24,0.1909,117.03,banda,113.97,0,1
IWM,2014-10-18,PUT,2013-2017,2014-09-03,45,116.46,0.16121,6.592,1.978,112.02,114.0,28.92,925.27,0.436,113.0,112.02,0.269,110.05,delta,107.48,1,1
IWM,2014-10-18,CALL,2013-2017,2014-09-03,45,116.46,0.16121,6.592,1.978,119.0,120.98,57.37,260.898,,120.0,120.98,0.1946,120.9,banda,107.48,0,0
IWM,2014-11-22,PUT,2013-2017,2014-10-08,45,108.97,0.19536,7.475,2.242,104.76,107.0,50.11,2569.987,,105.0,104.76,0.293,101.9,delta,116.58,0,1
IWM,2014-11-22,CALL,2013-2017,2014-10-08,45,108.97,0.19536,7.475,2.242,111.0,113.24,38.86,65.548,,111.0,113.24,0.2683,114.5,delta,116.58,1,1
IWM,2014-12-20,PUT,2013-2017,2014-11-05,45,116.03,0.18561,7.562,2.269,107.73,110.0,41.54,546.246,,109.0,107.73,0.1707,108.78,banda,118.9,0,0
IWM,2014-12-20,CALL,2013-2017,2014-11-05,45,116.03,0.18561,7.562,2.269,118.0,120.27,67.93,647.251,,120.0,120.27,0.2735,121.66,delta,118.9,0,0
IWM,2015-01-17,PUT,2013-2017,2014-12-03,45,117.37,0.17097,7.046,2.114,109.89,112.0,33.6,352.254,,115.0,109.89,0.1951,110.06,banda,116.7,0,0
IWM,2015-01-17,CALL,2013-2017,2014-12-03,45,117.37,0.17097,7.046,2.114,119.0,121.11,61.37,99.996,,120.0,121.11,0.2735,122.58,delta,116.7,0,1
IWM,2015-02-20,PUT,2013-2017,2015-01-06,45,115.31,0.22463,9.095,2.728,110.27,113.0,35.05,327.624,,113.0,110.27,0.2952,106.62,delta,122.38,0,0
IWM,2015-02-20,CALL,2013-2017,2015-01-06,45,115.31,0.22463,9.095,2.728,119.0,121.73,46.44,203.014,,120.0,121.73,0.2101,121.93,delta,122.38,1,1
IWM,2015-03-20,PUT,2013-2017,2015-02-03,45,118.85,0.19536,8.153,2.446,109.55,112.0,34.56,611.243,,112.0,109.55,0.1684,110.85,banda,125.99,0,0
IWM,2015-03-20,CALL,2013-2017,2015-02-03,45,118.85,0.19536,8.153,2.446,122.0,124.45,52.88,100.058,,122.0,124.45,0.2178,124.87,delta,125.99,1,1
IWM,2015-04-17,PUT,2013-2017,2015-03-03,45,122.74,0.15634,6.738,2.021,117.98,120.0,47.34,576.345,,119.0,117.98,0.2655,115.99,delta,124.43,0,0
IWM,2015-04-17,CALL,2013-2017,2015-03-03,45,122.74,0.15634,6.738,2.021,124.0,126.02,63.12,42.18,,125.0,126.02,0.2932,127.41,delta,124.43,0,1
IWM,2015-05-15,PUT,2013-2017,2015-03-31,45,124.37,0.16609,7.253,2.176,119.82,122.0,42.16,62.491,0.21,122.0,119.82,0.2859,117.21,delta,123.65,0,0
IWM,2015-05-15,CALL,2013-2017,2015-03-31,45,124.37,0.16609,7.253,2.176,128.0,130.18,55.18,12.994,,130.0,130.18,0.169,129.62,banda,123.65,0,0
IWM,2015-06-19,PUT,2013-2017,2015-05-05,45,120.85,0.17585,7.462,2.239,116.76,119.0,50.68,349.817,,119.0,116.76,0.2993,113.86,delta,127.86,0,0
IWM,2015-06-19,CALL,2013-2017,2015-05-05,45,120.85,0.17585,7.462,2.239,124.0,126.24,40.15,12.523,,125.0,126.24,0.211,126.43,delta,127.86,1,1
IWM,2015-07-17,PUT,2013-2017,2015-06-02,45,124.52,0.15146,6.622,1.987,119.01,121.0,41.46,96.496,,120.0,119.01,0.2383,117.66,delta,125.76,0,0
IWM,2015-07-17,CALL,2013-2017,2015-06-02,45,124.52,0.15146,6.622,1.987,127.0,128.99,33.66,19.001,,128.0,128.99,0.1927,128.89,banda,125.76,0,1
IWM,2015-08-21,PUT,2013-2017,2015-07-07,45,123.88,0.18073,7.861,2.358,119.64,122.0,52.0,109.388,,120.0,119.64,0.3048,116.21,delta,115.03,1,1
IWM,2015-08-21,CALL,2013-2017,2015-07-07,45,123.88,0.18073,7.861,2.358,128.0,130.36,48.13,5.368,,129.0,130.36,0.1539,129.37,banda,115.03,0,0
IWM,2015-09-18,PUT,2013-2017,2015-08-04,45,122.06,0.15146,6.491,1.947,118.05,120.0,32.12,941.018,,120.0,118.05,0.2872,115.49,delta,115.72,1,1
IWM,2015-09-18,CALL,2013-2017,2015-08-04,45,122.06,0.15146,6.491,1.947,126.0,127.95,44.16,73.057,,127.0,127.95,0.1225,126.7,banda,115.72,0,0
IWM,2015-10-16,PUT,2013-2017,2015-09-01,45,111.9,0.27341,10.742,3.223,106.78,110.0,59.31,183.794,,110.0,106.78,0.3134,101.77,delta,115.42,0,0
IWM,2015-10-16,CALL,2013-2017,2015-09-01,45,111.9,0.27341,10.742,3.223,117.0,120.22,46.1,36.434,,118.0,120.22,0.1846,119.79,banda,115.42,0,0
IWM,2015-11-20,PUT,2013-2017,2015-10-06,45,112.49,0.21487,8.487,2.546,107.45,110.0,43.73,555.877,,110.0,107.45,0.282,104.65,delta,116.81,0,0
IWM,2015-11-20,CALL,2013-2017,2015-10-06,45,112.49,0.21487,8.487,2.546,114.0,116.55,38.31,82.365,,118.0,116.55,0.3006,118.41,delta,116.81,1,1
IWM,2015-12-18,PUT,2013-2017,2015-11-03,45,118.35,0.17585,7.308,2.192,113.81,116.0,34.02,280.782,,115.0,113.81,0.2847,111.25,delta,111.48,1,1
IWM,2015-12-18,CALL,2013-2017,2015-11-03,45,118.35,0.17585,7.308,2.192,120.0,122.19,76.76,259.625,,120.0,122.19,0.2812,123.6,delta,111.48,0,0
IWM,2016-01-15,PUT,2013-2017,2015-12-01,45,119.89,0.15634,6.581,1.974,111.03,113.0,22.99,111.946,,115.0,111.03,0.1498,113.0,banda,100.12,1,1
IWM,2016-01-15,CALL,2013-2017,2015-12-01,45,119.89,0.15634,6.581,1.974,122.0,123.97,40.02,196.875,,123.0,123.97,0.225,124.32,delta,100.12,0,0
IWM,2016-02-19,PUT,2013-2017,2016-01-05,45,110.25,0.20024,7.752,2.325,106.67,109.0,52.22,318.498,,108.0,106.67,0.3211,102.86,delta,100.45,1,1
IWM,2016-02-19,CALL,2013-2017,2016-01-05,45,110.25,0.20024,7.752,2.325,118.0,120.33,39.95,137.511,0.404,118.0,120.33,0.0542,116.17,banda,100.45,0,0
IWM,2016-03-18,PUT,2013-2017,2016-02-02,45,100.28,0.24902,8.768,2.63,95.37,98.0,43.18,131.39,,98.0,95.37,0.2835,92.6,delta,109.61,0,1
IWM,2016-03-18,CALL,2013-2017,2016-02-02,45,100.28,0.24902,8.768,2.63,103.0,105.63,41.47,674.037,,105.0,105.63,0.2582,107.03,delta,109.61,1,1
IWM,2016-04-15,PUT,2013-2017,2016-03-01,45,104.94,0.18561,6.839,2.052,97.95,100.0,35.66,84.964,,100.0,97.95,0.2013,97.91,delta,112.45,0,0
IWM,2016-04-15,CALL,2013-2017,2016-03-01,45,104.94,0.18561,6.839,2.052,106.0,108.05,60.38,41.976,,107.0,108.05,0.315,109.95,delta,112.45,1,1
IWM,2016-05-20,PUT,2013-2017,2016-04-05,45,108.94,0.18561,7.1,2.13,104.87,107.0,44.73,371.373,,106.0,104.87,0.2892,102.22,delta,110.79,0,0
IWM,2016-05-20,CALL,2013-2017,2016-04-05,45,108.94,0.18561,7.1,2.13,113.0,115.13,67.0,355.2,,114.0,115.13,0.1581,114.15,banda,110.79,0,0
IWM,2016-06-17,PUT,2013-2017,2016-05-03,45,111.62,0.18073,7.083,2.125,107.88,110.0,35.6,156.946,,110.0,107.88,0.3066,104.68,delta,114.06,0,0
IWM,2016-06-17,CALL,2013-2017,2016-05-03,45,111.62,0.18073,7.083,2.125,115.0,117.12,53.67,6103.221,,115.0,117.12,0.1904,116.95,banda,114.06,0,1
IWM,2016-07-15,PUT,2013-2017,2016-05-31,45,115.0,0.16121,6.51,1.953,109.05,111.0,35.96,1831.849,,110.0,109.05,0.2229,108.17,delta,119.7,0,1
IWM,2016-07-15,CALL,2013-2017,2016-05-31,45,115.0,0.16121,6.51,1.953,117.0,118.95,50.52,1073.514,,118.0,118.95,0.2426,119.55,delta,119.7,1,1
IWM,2016-08-19,PUT,2013-2017,2016-07-05,45,113.69,0.19049,7.604,2.281,109.72,112.0,40.49,1076.307,0.594,110.0,109.72,0.3131,106.08,delta,122.94,0,0
IWM,2016-08-19,CALL,2013-2017,2016-07-05,45,113.69,0.19049,7.604,2.281,120.0,122.28,50.22,175.553,,120.0,122.28,0.077,119.13,banda,122.94,1,1
IWM,2016-09-16,PUT,2013-2017,2016-08-02,45,119.48,0.17097,7.173,2.152,115.85,118.0,33.32,278.867,,118.0,115.85,0.3079,112.64,delta,121.86,0,0
IWM,2016-09-16,CALL,2013-2017,2016-08-02,45,119.48,0.17097,7.173,2.152,123.0,125.15,60.01,974.303,,125.0,125.15,0.1825,124.82,banda,121.86,0,1
IWM,2016-10-21,PUT,2013-2017,2016-09-06,45,124.63,0.15146,6.628,1.988,119.01,121.0,33.56,55.629,,121.0,119.01,0.2425,117.72,delta,121.07,0,0
IWM,2016-10-21,CALL,2013-2017,2016-09-06,45,124.63,0.15146,6.628,1.988,127.0,128.99,45.99,236.931,,128.0,128.99,0.2212,129.29,delta,121.07,0,0
IWM,2016-11-18,PUT,2013-2017,2016-10-04,45,123.21,0.18073,7.819,2.346,119.65,122.0,35.68,820.022,,122.0,119.65,0.3261,115.79,delta,130.99,0,1
IWM,2016-11-18,CALL,2013-2017,2016-10-04,45,123.21,0.18073,7.819,2.346,125.0,127.35,55.36,183.876,,125.0,127.35,0.2798,128.79,delta,130.99,1,1
IWM,2016-12-16,PUT,2013-2017,2016-11-01,45,117.05,0.21,8.631,2.589,112.41,115.0,34.02,345.983,,115.0,112.41,0.2961,109.21,delta,135.91,0,0
IWM,2016-12-16,CALL,2013-2017,2016-11-01,45,117.05,0.21,8.631,2.589,120.0,122.59,40.66,127.455,,121.0,122.59,0.2379,123.41,delta,135.91,1,1
IWM,2017-01-20,PUT,2013-2017,2016-12-06,45,134.59,0.15634,7.388,2.216,124.78,127.0,35.36,1319.486,,125.0,124.78,0.1527,126.9,banda,134.44,0,0
IWM,2017-01-20,CALL,2013-2017,2016-12-06,45,134.59,0.15634,7.388,2.216,136.0,138.22,61.14,334.569,,136.0,138.22,0.2793,139.75,delta,134.44,0,1
IWM,2017-02-17,PUT,2013-2017,2017-01-03,45,135.52,0.17585,8.368,2.51,129.49,132.0,38.05,85.744,,130.0,129.49,0.2532,127.47,delta,139.11,0,0
IWM,2017-02-17,CALL,2013-2017,2017-01-03,45,135.52,0.17585,8.368,2.51,139.0,141.51,36.05,136.677,,141.0,141.51,0.2358,142.34,delta,139.11,0,0
IWM,2017-03-17,PUT,2013-2017,2017-01-31,45,135.23,0.17097,8.118,2.435,129.56,132.0,49.15,670.747,0.13,132.0,129.56,0.2518,127.78,delta,138.46,0,0
IWM,2017-03-17,CALL,2013-2017,2017-01-31,45,135.23,0.17097,8.118,2.435,140.0,142.44,42.15,81.55,,140.0,142.44,0.175,141.73,banda,138.46,0,0
IWM,2017-04-21,PUT,2013-2017,2017-03-07,45,136.8,0.15634,7.509,2.253,129.75,132.0,36.93,32.688,,135.0,129.75,0.2016,129.7,delta,137.21,0,0
IWM,2017-04-21,CALL,2013-2017,2017-03-07,45,136.8,0.15634,7.509,2.253,140.0,142.25,48.48,130.959,,140.0,142.25,0.2116,142.52,delta,137.21,0,0
IWM,2017-05-19,PUT,2013-2017,2017-04-04,45,135.87,0.16122,7.691,2.307,130.69,133.0,40.21,383.212,0.234,133.0,130.69,0.2544,128.86,delta,136.03,0,0
IWM,2017-05-19,CALL,2013-2017,2017-04-04,45,135.87,0.16122,7.691,2.307,143.0,145.31,41.92,111.407,,140.0,145.31,0.0969,142.02,banda,136.03,0,0
IWM,2017-06-16,PUT,2013-2017,2017-05-02,45,139.15,0.1417,6.923,2.077,133.92,136.0,42.46,1014.582,0.293,135.0,133.92,0.2355,132.67,delta,140.19,0,0
IWM,2017-06-16,CALL,2013-2017,2017-05-02,45,139.15,0.1417,6.923,2.077,141.0,143.08,39.8,870.248,,150.0,143.08,0.2902,145.0,delta,140.19,0,0
IWM,2017-07-21,PUT,2013-2017,2017-06-06,45,138.85,0.14659,7.147,2.144,132.86,135.0,45.89,105.447,,135.0,132.86,0.2284,132.04,delta,142.55,0,0
IWM,2017-07-21,CALL,2013-2017,2017-06-06,45,138.85,0.14659,7.147,2.144,142.0,144.14,53.13,62.77,,143.0,144.14,0.2052,144.26,delta,142.55,0,0
IWM,2017-08-18,PUT,2013-2017,2017-07-03,46,142.1,0.13195,6.656,1.997,136.0,138.0,32.35,332.371,0.4,138.0,136.0,0.2186,135.15,delta,134.92,1,1
IWM,2017-08-18,CALL,2013-2017,2017-07-03,46,142.1,0.13195,6.656,1.997,144.0,146.0,46.83,234.438,,145.0,146.0,0.247,146.85,delta,134.92,0,0
IWM,2017-09-15,PUT,2013-2017,2017-08-01,45,141.78,0.12707,6.326,1.898,138.1,140.0,37.15,5237.189,0.348,140.0,138.1,0.2911,135.34,delta,142.41,0,1
IWM,2017-09-15,CALL,2013-2017,2017-08-01,45,141.78,0.12707,6.326,1.898,143.0,144.9,39.87,168.99,,143.0,144.9,0.3105,146.62,delta,142.41,0,0
IWM,2017-10-20,PUT,2013-2017,2017-09-05,45,139.17,0.14658,7.163,2.149,132.85,135.0,43.96,153.415,,134.0,132.85,0.2177,132.05,delta,149.98,0,0
IWM,2017-10-20,CALL,2013-2017,2017-09-05,45,139.17,0.14658,7.163,2.149,142.0,144.15,65.98,825.671,,144.0,144.15,0.2025,144.2,delta,149.98,1,1
IWM,2017-11-17,PUT,2013-2017,2017-10-03,45,150.33,0.13195,6.965,2.089,143.91,146.0,24.18,21.726,,145.0,143.91,0.1925,144.15,banda,148.45,0,0
IWM,2017-11-17,CALL,2013-2017,2017-10-03,45,150.33,0.13195,6.965,2.089,152.0,154.09,85.76,20.569,,152.0,154.09,0.2997,155.77,delta,148.45,0,0
IWM,2017-12-15,PUT,2013-2017,2017-10-31,45,149.26,0.1417,7.426,2.228,144.77,147.0,46.81,59.385,0.103,145.0,144.77,0.269,142.55,delta,152.24,0,1
IWM,2017-12-15,CALL,2013-2017,2017-10-31,45,149.26,0.1417,7.426,2.228,154.0,156.23,53.16,54.798,,155.0,156.23,0.1564,155.1,banda,152.24,0,0
IWM,2018-01-19,PUT,2018-2025,2017-12-05,45,150.93,0.15634,8.285,2.485,141.51,144.0,27.64,507.468,0.752,142.0,141.51,0.1711,142.81,banda,158.6,0,0
IWM,2018-01-19,CALL,2018-2025,2017-12-05,45,150.93,0.15634,8.285,2.485,153.0,155.49,48.14,20.379,0.399,154.0,155.49,0.2788,157.22,delta,158.6,1,1
IWM,2018-02-16,PUT,2018-2025,2018-01-02,45,153.9,0.12219,6.603,1.981,149.02,151.0,27.89,134.205,,148.0,149.02,0.2527,147.37,delta,153.34,0,1
IWM,2018-02-16,CALL,2018-2025,2018-01-02,45,153.9,0.12219,6.603,1.981,157.0,158.98,40.77,102.102,,157.0,158.98,0.2021,159.02,delta,153.34,0,1
IWM,2018-03-16,PUT,2018-2025,2018-01-30,45,157.18,0.16609,9.167,2.75,152.25,155.0,37.35,132.555,,154.0,152.25,0.2853,149.17,delta,157.8,0,1
IWM,2018-03-16,CALL,2018-2025,2018-01-30,45,157.18,0.16609,9.167,2.75,165.0,167.75,42.86,8.32,,165.0,167.75,0.1224,164.9,banda,157.8,0,0
IWM,2018-04-20,PUT,2018-2025,2018-03-06,45,155.37,0.15634,8.529,2.559,145.44,148.0,35.02,357.231,,148.0,145.44,0.1754,146.67,banda,155.55,0,0
IWM,2018-04-20,CALL,2018-2025,2018-03-06,45,155.37,0.15634,8.529,2.559,157.0,159.56,49.66,55.339,,157.0,159.56,0.3043,161.68,delta,155.55,0,1
IWM,2018-05-18,PUT,2018-2025,2018-04-03,45,150.25,0.19536,10.306,3.092,144.91,148.0,46.47,1270.527,,148.0,144.91,0.2965,140.78,delta,161.87,0,0
IWM,2018-05-18,CALL,2018-2025,2018-04-03,45,150.25,0.19536,10.306,3.092,156.0,159.09,44.96,138.222,,156.0,159.09,0.1861,158.66,banda,161.87,1,1
IWM,2018-06-15,PUT,2018-2025,2018-05-01,45,154.07,0.14658,7.93,2.379,149.62,152.0,35.53,148.392,0.512,152.0,149.62,0.2803,147.05,delta,167.81,0,0
IWM,2018-06-15,CALL,2018-2025,2018-05-01,45,154.07,0.14658,7.93,2.379,158.0,160.38,57.57,109.579,,160.0,160.38,0.1941,160.23,banda,167.81,1,1
IWM,2018-07-20,PUT,2018-2025,2018-06-05,45,165.73,0.12219,7.111,2.133,154.87,157.0,31.22,43.543,0.371,155.0,154.87,0.1287,159.03,banda,168.48,0,0
IWM,2018-07-20,CALL,2018-2025,2018-06-05,45,165.73,0.12219,7.111,2.133,168.0,170.13,62.57,145.098,,168.0,170.13,0.2578,171.32,delta,168.48,0,1
IWM,2018-08-17,PUT,2018-2025,2018-07-03,45,164.96,0.16122,9.338,2.801,157.2,160.0,28.83,48.059,,158.0,157.2,0.2151,156.38,delta,168.35,0,0
IWM,2018-08-17,CALL,2018-2025,2018-07-03,45,164.96,0.16122,9.338,2.801,168.0,170.8,38.8,7.335,,172.0,170.8,0.2524,172.11,delta,168.35,0,0
IWM,2018-09-21,PUT,2018-2025,2018-08-07,45,167.72,0.11732,6.909,2.073,163.93,166.0,27.26,184.675,0.513,165.0,163.93,0.2863,160.98,delta,170.4,0,0
IWM,2018-09-21,CALL,2018-2025,2018-08-07,45,167.72,0.11732,6.909,2.073,170.0,172.07,59.22,34.29,,170.0,172.07,0.2654,173.42,delta,170.4,0,1
IWM,2018-10-19,PUT,2018-2025,2018-09-04,45,172.25,0.12707,7.685,2.306,167.69,170.0,36.97,60.54,,169.0,167.69,0.2829,164.79,delta,153.36,1,1
IWM,2018-10-19,CALL,2018-2025,2018-09-04,45,172.25,0.12707,7.685,2.306,174.0,176.31,47.36,22.391,,175.0,176.31,0.3055,178.41,delta,153.36,0,0
IWM,2018-11-16,PUT,2018-2025,2018-10-02,45,164.53,0.14658,8.468,2.54,159.46,162.0,43.93,409.931,,160.0,159.46,0.2758,156.48,delta,151.94,1,1
IWM,2018-11-16,CALL,2018-2025,2018-10-02,45,164.53,0.14658,8.468,2.54,168.0,170.54,29.47,2.849,0.64,170.0,170.54,0.2345,171.21,delta,151.94,0,0
IWM,2018-12-21,PUT,2018-2025,2018-11-05,46,153.88,0.21975,12.005,3.601,144.4,148.0,34.72,54.919,,145.0,144.4,0.2258,143.06,delta,128.37,1,1
IWM,2018-12-21,CALL,2018-2025,2018-11-05,46,153.88,0.21975,12.005,3.601,169.0,172.6,29.03,2.466,0.447,169.0,172.6,0.0349,163.14,banda,128.37,0,0
IWM,2019-01-18,PUT,2018-2025,2018-12-04,45,147.52,0.21487,11.13,3.339,139.66,143.0,37.84,45.07,,140.0,139.66,0.2491,137.37,delta,147.33,0,1
IWM,2019-01-18,CALL,2018-2025,2018-12-04,45,147.52,0.21487,11.13,3.339,157.0,160.34,40.13,16.877,,160.0,160.34,0.1037,156.36,banda,147.33,0,0
IWM,2019-02-15,PUT,2018-2025,2018-12-31,46,133.9,0.26853,12.765,3.829,126.17,130.0,45.65,17.263,,130.0,126.17,0.254,123.35,delta,156.22,0,0
IWM,2019-02-15,CALL,2018-2025,2018-12-31,46,133.9,0.26853,12.765,3.829,143.0,146.83,34.91,63.55,,146.0,146.83,0.1462,144.79,banda,156.22,1,1
IWM,2019-03-15,PUT,2018-2025,2019-01-29,45,146.2,0.20024,10.279,3.084,137.92,141.0,38.96,71.656,,140.0,137.92,0.2124,137.16,delta,154.76,0,0
IWM,2019-03-15,CALL,2018-2025,2019-01-29,45,146.2,0.20024,10.279,3.084,148.0,151.08,52.12,37.139,,150.0,151.08,0.3302,154.52,delta,154.76,1,1
IWM,2019-04-18,PUT,2018-2025,2019-03-04,45,156.81,0.15634,8.608,2.582,149.42,152.0,30.15,58.354,,150.0,149.42,0.2184,148.6,delta,155.64,0,1
IWM,2019-04-18,CALL,2018-2025,2019-03-04,45,156.81,0.15634,8.608,2.582,164.0,166.58,41.01,40.775,,166.0,166.58,0.076,163.22,banda,155.64,0,0
IWM,2019-05-17,PUT,2018-2025,2019-04-02,45,154.36,0.16609,9.002,2.701,149.3,152.0,26.53,81.725,,145.0,149.3,0.2799,146.28,delta,152.84,0,0
IWM,2019-05-17,CALL,2018-2025,2019-04-02,45,154.36,0.16609,9.002,2.701,158.0,160.7,44.43,82.948,,162.0,160.7,0.2225,161.16,delta,152.84,0,1
IWM,2019-06-21,PUT,2018-2025,2019-05-07,45,157.53,0.19536,10.806,3.242,149.76,153.0,45.44,90.667,,150.0,149.76,0.2426,147.55,delta,153.95,0,1
IWM,2019-06-21,CALL,2018-2025,2019-05-07,45,157.53,0.19536,10.806,3.242,160.0,163.24,38.0,18.889,,160.0,163.24,0.3038,165.97,delta,153.95,0,0
IWM,2019-07-19,PUT,2018-2025,2019-06-04,45,150.16,0.18561,9.786,2.936,144.06,147.0,40.41,424.454,0.089,145.0,144.06,0.2697,141.18,delta,153.82,0,0
IWM,2019-07-19,CALL,2018-2025,2019-06-04,45,150.16,0.18561,9.786,2.936,156.0,158.94,45.27,22.657,,157.0,158.94,0.1452,157.49,banda,153.82,0,0
IWM,2019-08-16,PUT,2018-2025,2019-07-02,45,155.15,0.15146,8.251,2.475,149.52,152.0,41.67,7929.802,,150.0,149.52,0.2494,147.68,delta,148.63,1,1
IWM,2019-08-16,CALL,2018-2025,2019-07-02,45,155.15,0.15146,8.251,2.475,159.0,161.48,47.0,432.049,,160.0,161.48,0.2008,161.5,delta,148.63,0,0
IWM,2019-09-20,PUT,2018-2025,2019-08-06,45,149.36,0.21975,11.525,3.457,143.54,147.0,46.37,12.461,,145.0,143.54,0.2926,139.3,delta,155.43,0,0
IWM,2019-09-20,CALL,2018-2025,2019-08-06,45,149.36,0.21975,11.525,3.457,160.0,163.46,43.36,9.678,,160.0,163.46,0.0529,157.8,banda,155.43,0,0
IWM,2019-10-18,PUT,2018-2025,2019-09-04,44,147.84,0.19537,10.028,3.008,142.99,146.0,45.63,147.48,,140.0,142.99,0.3119,138.33,delta,152.61,0,0
IWM,2019-10-18,CALL,2018-2025,2019-09-04,44,147.84,0.19537,10.028,3.008,155.0,158.01,48.98,21.559,,156.0,158.01,0.1011,155.15,banda,152.61,0,1
IWM,2019-11-15,PUT,2018-2025,2019-10-01,45,148.37,0.21,10.94,3.282,142.72,146.0,46.24,1472.731,0.211,145.0,142.72,0.293,138.69,delta,158.92,0,0
IWM,2019-11-15,CALL,2018-2025,2019-10-01,45,148.37,0.21,10.94,3.282,153.0,156.28,30.49,2.338,,155.0,156.28,0.2131,156.71,delta,158.92,1,1
IWM,2019-12-20,PUT,2018-2025,2019-11-05,45,159.15,0.15146,8.464,2.539,152.46,155.0,28.72,13.254,,150.0,152.46,0.2362,151.06,delta,165.97,0,0
IWM,2019-12-20,CALL,2018-2025,2019-11-05,45,159.15,0.15146,8.464,2.539,163.0,165.54,53.4,5.853,,163.0,165.54,0.198,165.49,banda,165.97,1,1
IWM,2020-01-17,PUT,2018-2025,2019-12-03,45,159.68,0.17097,9.586,2.876,147.12,150.0,29.07,13.738,,150.0,147.12,0.1401,150.37,banda,169.07,0,0
IWM,2020-01-17,CALL,2018-2025,2019-12-03,45,159.68,0.17097,9.586,2.876,163.0,165.88,54.98,18.944,,165.0,165.88,0.2416,167.02,delta,169.07,1,1
IWM,2020-02-21,PUT,2018-2025,2020-01-07,45,164.8,0.1417,8.199,2.46,157.54,160.0,29.97,290.969,0.572,160.0,157.54,0.2142,156.84,delta,167.1,0,0
IWM,2020-02-21,CALL,2018-2025,2020-01-07,45,164.8,0.1417,8.199,2.46,170.0,172.46,75.32,694.592,,172.0,172.46,0.1402,171.23,banda,167.1,0,0
IWM,2020-03-20,PUT,2018-2025,2020-02-04,45,164.77,0.16122,9.327,2.798,157.2,160.0,35.24,55.829,,158.0,157.2,0.2303,155.99,delta,101.4,1,1
IWM,2020-03-20,CALL,2018-2025,2020-02-04,45,164.77,0.16122,9.327,2.798,168.0,170.8,58.78,129.01,,170.0,170.8,0.2422,171.85,delta,101.4,0,0
IWM,2020-04-17,PUT,2018-2025,2020-03-03,45,147.95,0.30268,15.724,4.717,139.28,144.0,49.24,45.954,,140.0,139.28,0.2875,133.49,delta,122.06,1,1
IWM,2020-04-17,CALL,2018-2025,2020-03-03,45,147.95,0.30268,15.724,4.717,156.0,160.72,47.45,5.755,,157.0,160.72,0.1567,159.11,banda,122.06,0,0
IWM,2020-05-15,PUT,2018-2025,2020-03-31,45,114.46,0.50755,20.398,6.119,88.88,95.0,29.94,2.83,0.635,90.0,88.88,0.1294,96.71,banda,125.08,0,0
IWM,2020-05-15,CALL,2018-2025,2020-03-31,45,114.46,0.50755,20.398,6.119,120.0,126.12,33.69,8.955,,126.0,126.12,0.2709,129.48,delta,125.08,0,1
IWM,2020-06-19,PUT,2018-2025,2020-05-05,45,126.65,0.40511,18.015,5.405,114.6,120.0,49.81,6.355,,120.0,114.6,0.25,111.14,delta,140.99,0,0
IWM,2020-06-19,CALL,2018-2025,2020-05-05,45,126.65,0.40511,18.015,5.405,130.0,135.4,49.61,15.63,,140.0,135.4,0.3129,140.3,delta,140.99,1,1
IWM,2020-07-17,PUT,2018-2025,2020-06-02,45,141.39,0.35146,17.448,5.234,129.77,135.0,35.84,5.593,,130.0,129.77,0.2549,125.82,delta,146.59,0,0
IWM,2020-07-17,CALL,2018-2025,2020-06-02,45,141.39,0.35146,17.448,5.234,150.0,155.23,45.9,46.196,,155.0,155.23,0.1707,153.84,banda,146.59,0,0
IWM,2020-08-21,PUT,2018-2025,2020-07-07,45,140.89,0.35145,17.386,5.216,129.78,135.0,42.13,19.83,,130.0,129.78,0.259,125.53,delta,154.61,0,0
IWM,2020-08-21,CALL,2018-2025,2020-07-07,45,140.89,0.35145,17.386,5.216,145.0,150.22,46.2,53.796,,145.0,150.22,0.2879,153.81,delta,154.61,1,1
IWM,2020-09-18,PUT,2018-2025,2020-08-04,45,150.79,0.28317,14.992,4.498,137.5,142.0,26.22,10.932,,145.0,137.5,0.209,136.8,delta,153.29,0,0
IWM,2020-09-18,CALL,2018-2025,2020-08-04,45,150.79,0.28317,14.992,4.498,154.0,158.5,36.45,505.525,,155.0,158.5,0.3038,162.44,delta,153.29,0,1
IWM,2020-10-16,PUT,2018-2025,2020-09-01,45,157.21,0.28804,15.9,4.77,145.23,150.0,32.09,11.959,0.387,140.0,145.23,0.2379,142.42,delta,162.35,0,1
IWM,2020-10-16,CALL,2018-2025,2020-09-01,45,157.21,0.28804,15.9,4.77,166.0,170.77,35.72,4.615,,170.0,170.77,0.1838,169.88,banda,162.35,0,0
IWM,2020-11-20,PUT,2018-2025,2020-10-06,45,156.62,0.32219,17.718,5.315,144.68,150.0,37.45,47.558,,140.0,144.68,0.2523,141.05,delta,177.5,0,0
IWM,2020-11-20,CALL,2018-2025,2020-10-06,45,156.62,0.32219,17.718,5.315,165.0,170.32,53.43,3.939,,160.0,170.32,0.2067,170.57,delta,177.5,1,1
IWM,2020-12-18,PUT,2018-2025,2020-11-03,45,160.24,0.3417,19.225,5.768,144.23,150.0,32.74,12.574,,140.0,144.23,0.2164,142.94,delta,195.34,0,0
IWM,2020-12-18,CALL,2018-2025,2020-11-03,45,160.24,0.3417,19.225,5.768,165.0,170.77,52.71,9.164,,170.0,170.77,0.2836,174.83,delta,195.34,1,1
IWM,2021-01-15,PUT,2018-2025,2020-12-01,45,182.7,0.27341,17.539,5.262,169.74,175.0,32.83,21.301,,172.0,169.74,0.2423,166.97,delta,210.75,0,0
IWM,2021-01-15,CALL,2018-2025,2020-12-01,45,182.7,0.27341,17.539,5.262,186.0,191.26,48.77,3.207,,190.0,191.26,0.3139,196.8,delta,210.75,1,1
IWM,2021-02-19,PUT,2018-2025,2021-01-05,45,196.49,0.28317,19.536,5.861,184.14,190.0,43.33,33.186,0.177,188.0,184.14,0.2658,178.7,delta,225.19,0,0
IWM,2021-02-19,CALL,2018-2025,2021-01-05,45,196.49,0.28317,19.536,5.861,205.0,210.86,52.39,3.878,,210.0,210.86,0.2128,211.66,delta,225.19,1,1
IWM,2021-03-19,PUT,2018-2025,2021-02-02,45,213.61,0.28804,21.604,6.481,203.52,210.0,33.51,25.299,,210.0,203.52,0.3158,193.79,delta,226.94,0,0
IWM,2021-03-19,CALL,2018-2025,2021-02-02,45,213.61,0.28804,21.604,6.481,219.0,225.48,47.42,2.969,,230.0,225.48,0.2917,230.83,delta,226.94,1,1
IWM,2021-04-16,PUT,2018-2025,2021-03-02,45,221.72,0.30756,23.943,7.183,208.82,216.0,40.54,4.464,,210.0,208.82,0.2938,199.68,delta,224.65,0,1
IWM,2021-04-16,CALL,2018-2025,2021-03-02,45,221.72,0.30756,23.943,7.183,228.0,235.18,61.07,6.563,,235.0,235.18,0.2804,240.2,delta,224.65,0,0
IWM,2021-05-21,PUT,2018-2025,2021-04-06,45,224.31,0.24414,19.229,5.769,209.23,215.0,44.35,69.382,,210.0,209.23,0.2283,207.08,delta,219.97,0,0
IWM,2021-05-21,CALL,2018-2025,2021-04-06,45,224.31,0.24414,19.229,5.769,235.0,240.77,60.1,4.618,,235.0,240.77,0.1783,239.35,banda,219.97,0,0
IWM,2021-06-18,PUT,2018-2025,2021-05-04,45,223.29,0.24901,19.523,5.857,214.14,220.0,36.05,41.709,0.28,215.0,214.14,0.3165,205.1,delta,222.13,0,1
IWM,2021-06-18,CALL,2018-2025,2021-05-04,45,223.29,0.24901,19.523,5.857,235.0,240.86,45.21,4.494,,230.0,240.86,0.149,238.25,banda,222.13,0,0
IWM,2021-07-16,PUT,2018-2025,2021-06-01,45,228.06,0.20512,16.425,4.928,211.07,216.0,43.77,232.973,,212.0,211.07,0.1919,212.16,banda,214.95,0,0
IWM,2021-07-16,CALL,2018-2025,2021-06-01,45,228.06,0.20512,16.425,4.928,234.0,238.93,45.15,137.329,0.188,250.0,238.93,0.2418,240.61,delta,214.95,0,0
IWM,2021-08-20,PUT,2018-2025,2021-07-06,45,225.86,0.20512,16.267,4.88,217.12,222.0,46.27,28.801,,220.0,217.12,0.3039,210.12,delta,215.52,1,1
IWM,2021-08-20,CALL,2018-2025,2021-07-06,45,225.86,0.20512,16.267,4.88,236.0,240.88,36.44,21.455,,230.0,240.88,0.1634,238.77,banda,215.52,0,0
IWM,2021-09-17,PUT,2018-2025,2021-08-03,45,220.86,0.23439,18.176,5.453,209.55,215.0,39.44,94.329,,210.0,209.55,0.2723,203.9,delta,222.48,0,0
IWM,2021-09-17,CALL,2018-2025,2021-08-03,45,220.86,0.23439,18.176,5.453,225.0,230.45,46.53,15.346,,225.0,230.45,0.2852,234.21,delta,222.48,0,0
IWM,2021-10-15,PUT,2018-2025,2021-08-31,45,225.92,0.20024,15.884,4.765,208.23,213.0,34.02,5.061,,213.0,208.23,0.1867,209.63,banda,225.16,0,0
IWM,2021-10-15,CALL,2018-2025,2021-08-31,45,225.92,0.20024,15.884,4.765,229.0,233.77,51.44,23.603,,230.0,233.77,0.2981,238.08,delta,225.16,0,0
IWM,2021-11-19,PUT,2018-2025,2021-10-05,45,221.02,0.23926,18.568,5.57,209.43,215.0,47.42,49.112,,210.0,209.43,0.2714,204.05,delta,232.72,0,0
IWM,2021-11-19,CALL,2018-2025,2021-10-05,45,221.02,0.23926,18.568,5.57,230.0,235.57,48.99,47.618,,230.0,235.57,0.1848,235.06,banda,232.72,0,1
IWM,2021-12-17,PUT,2018-2025,2021-11-02,45,234.45,0.20024,16.484,4.945,217.05,222.0,27.7,63.322,,220.0,217.05,0.1771,218.67,banda,215.14,1,1
IWM,2021-12-17,CALL,2018-2025,2021-11-02,45,234.45,0.20024,16.484,4.945,237.0,241.95,37.03,5.689,,245.0,241.95,0.3218,247.84,delta,215.14,0,1
IWM,2022-01-21,PUT,2018-2025,2021-12-07,45,224.1,0.24414,19.211,5.763,214.24,220.0,29.82,14.66,,220.0,214.24,0.3098,204.63,delta,196.99,1,1
IWM,2022-01-21,CALL,2018-2025,2021-12-07,45,224.1,0.24414,19.211,5.763,235.0,240.76,38.56,9.801,,240.0,240.76,0.1628,239.07,banda,196.99,0,0
IWM,2022-02-18,PUT,2018-2025,2022-01-04,45,224.98,0.20024,15.818,4.745,210.25,215.0,42.28,18.319,,215.0,210.25,0.2064,209.64,delta,199.47,1,1
IWM,2022-02-18,CALL,2018-2025,2022-01-04,45,224.98,0.20024,15.818,4.745,232.0,236.75,40.85,20.936,,235.0,236.75,0.2208,237.83,delta,199.47,0,0
IWM,2022-03-18,PUT,2018-2025,2022-02-01,45,203.36,0.25877,18.478,5.543,194.46,200.0,33.73,3.083,,200.0,194.46,0.3152,185.74,delta,207.27,0,1
IWM,2022-03-18,CALL,2018-2025,2022-02-01,45,203.36,0.25877,18.478,5.543,215.0,220.54,51.81,51.669,,215.0,220.54,0.1443,216.99,banda,207.27,0,0
IWM,2022-04-14,PUT,2018-2025,2022-02-28,45,203.32,0.30268,21.608,6.482,193.52,200.0,36.32,2.631,,200.0,193.52,0.3183,183.2,delta,198.96,0,1
IWM,2022-04-14,CALL,2018-2025,2022-02-28,45,203.32,0.30268,21.608,6.482,214.0,220.48,47.62,48.663,,220.0,220.48,0.1839,219.71,banda,198.96,0,0
IWM,2022-05-20,PUT,2018-2025,2022-04-05,45,202.99,0.23926,17.053,5.116,194.88,200.0,59.87,10.777,,200.0,194.88,0.3143,187.45,delta,176.08,1,1
IWM,2022-05-20,CALL,2018-2025,2022-04-05,45,202.99,0.23926,17.053,5.116,210.0,215.12,47.4,267.528,,210.0,215.12,0.2165,215.99,delta,176.08,0,0
IWM,2022-06-17,PUT,2018-2025,2022-05-03,45,188.49,0.30755,20.355,6.106,178.89,185.0,51.09,22.591,,185.0,178.89,0.307,171.04,delta,165.18,1,1
IWM,2022-06-17,CALL,2018-2025,2022-05-03,45,188.49,0.30755,20.355,6.106,199.0,205.11,49.92,62.312,,200.0,205.11,0.1794,203.84,banda,165.18,0,0
IWM,2022-07-15,PUT,2018-2025,2022-05-31,45,185.31,0.29292,19.059,5.718,169.28,175.0,61.69,12.764,,175.0,169.28,0.2083,168.46,delta,173.09,0,1
IWM,2022-07-15,CALL,2018-2025,2022-05-31,45,185.31,0.29292,19.059,5.718,200.0,205.72,51.47,11.451,,200.0,205.72,0.1069,199.8,banda,173.09,0,0
IWM,2022-08-19,PUT,2018-2025,2022-07-05,45,172.83,0.30756,18.664,5.599,159.4,165.0,41.58,4.841,,160.0,159.4,0.2344,157.08,delta,194.65,0,0
IWM,2022-08-19,CALL,2018-2025,2022-07-05,45,172.83,0.30756,18.664,5.599,178.0,183.6,34.22,11.958,,180.0,183.6,0.2833,187.71,delta,194.65,1,1
IWM,2022-09-16,PUT,2018-2025,2022-08-02,45,187.0,0.26365,17.311,5.193,164.81,170.0,45.05,7.976,,170.0,164.81,0.1308,171.67,banda,178.99,0,0
IWM,2022-09-16,CALL,2018-2025,2022-08-02,45,187.0,0.26365,17.311,5.193,190.0,195.19,44.93,83.546,,190.0,195.19,0.3321,201.36,delta,178.99,0,1
IWM,2022-10-21,PUT,2018-2025,2022-09-06,45,178.31,0.28804,18.034,5.41,169.59,175.0,53.69,607.947,,175.0,169.59,0.3019,163.02,delta,172.7,0,1
IWM,2022-10-21,CALL,2018-2025,2022-09-06,45,178.31,0.28804,18.034,5.41,185.0,190.41,40.2,3.714,,190.0,190.41,0.2502,193.13,delta,172.7,0,0
IWM,2022-11-18,PUT,2018-2025,2022-10-04,45,176.0,0.31731,19.609,5.883,164.12,170.0,44.0,42.706,,160.0,164.12,0.2568,159.87,delta,183.72,0,1
IWM,2022-11-18,CALL,2018-2025,2022-10-04,45,176.0,0.31731,19.609,5.883,185.0,190.88,54.08,50.024,,190.0,190.88,0.2298,192.74,delta,183.72,0,0
IWM,2022-12-16,PUT,2018-2025,2022-11-01,45,183.58,0.2978,19.196,5.759,169.24,175.0,36.89,2636.813,,180.0,169.24,0.2123,167.99,delta,174.37,0,0
IWM,2022-12-16,CALL,2018-2025,2022-11-01,45,183.58,0.2978,19.196,5.759,195.0,200.76,46.77,354.76,,200.0,200.76,0.1957,200.44,banda,174.37,0,0
IWM,2023-01-20,PUT,2018-2025,2022-12-06,45,180.07,0.24901,15.744,4.723,172.28,177.0,43.06,23.996,,175.0,172.28,0.2912,167.01,delta,185.04,0,1
IWM,2023-01-20,CALL,2018-2025,2022-12-06,45,180.07,0.24901,15.744,4.723,186.0,190.72,39.12,204.703,,190.0,190.72,0.2595,193.64,delta,185.04,0,0
IWM,2023-02-17,PUT,2018-2025,2023-01-03,45,173.4,0.25877,15.755,4.727,165.27,170.0,55.42,641.04,,170.0,165.27,0.2761,160.92,delta,193.13,0,0
IWM,2023-02-17,CALL,2018-2025,2023-01-03,45,173.4,0.25877,15.755,4.727,186.0,190.73,31.93,8.419,,190.0,190.73,0.1301,187.17,banda,193.13,1,1
IWM,2023-03-17,PUT,2018-2025,2023-01-31,45,191.48,0.21975,14.774,4.432,173.57,178.0,34.77,6.437,,175.0,173.57,0.1295,179.13,banda,171.23,1,1
IWM,2023-03-17,CALL,2018-2025,2023-01-31,45,191.48,0.21975,14.774,4.432,194.0,198.43,50.93,333.605,,195.0,198.43,0.3461,204.11,delta,171.23,0,1
IWM,2023-04-21,PUT,2018-2025,2023-03-07,45,186.51,0.21975,14.391,4.317,177.68,182.0,59.73,21.496,,180.0,177.68,0.2489,174.92,delta,177.56,1,1
IWM,2023-04-21,CALL,2018-2025,2023-03-07,45,186.51,0.21975,14.391,4.317,190.0,194.32,44.01,16.051,,200.0,194.32,0.3103,198.87,delta,177.56,0,0
IWM,2023-05-19,PUT,2018-2025,2023-04-04,45,175.35,0.23439,14.431,4.329,165.67,170.0,39.77,12.247,,170.0,165.67,0.2382,163.24,delta,176.11,0,0
IWM,2023-05-19,CALL,2018-2025,2023-04-04,45,175.35,0.23439,14.431,4.329,178.0,182.33,43.09,20.21,0.501,180.0,182.33,0.3404,187.62,delta,176.11,0,0
IWM,2023-06-16,PUT,2018-2025,2023-05-02,45,171.7,0.21975,13.249,3.975,164.03,168.0,55.58,31.08,0.343,165.0,164.03,0.2695,159.85,delta,185.94,0,0
IWM,2023-06-16,CALL,2018-2025,2023-05-02,45,171.7,0.21975,13.249,3.975,178.0,181.97,38.44,79.646,,180.0,181.97,0.2011,182.0,delta,185.94,1,1
IWM,2023-07-21,PUT,2018-2025,2023-06-06,45,184.31,0.18561,12.012,3.603,169.4,173.0,47.24,16.745,,170.0,169.4,0.1276,174.32,banda,194.46,0,0
IWM,2023-07-21,CALL,2018-2025,2023-06-06,45,184.31,0.18561,12.012,3.603,187.0,190.6,58.73,43.061,,190.0,190.6,0.3356,195.44,delta,194.46,1,1
IWM,2023-08-18,PUT,2018-2025,2023-07-03,46,187.65,0.17585,11.714,3.514,174.49,178.0,43.4,814.488,,180.0,174.49,0.1361,178.63,banda,184.65,0,0
IWM,2023-08-18,CALL,2018-2025,2023-07-03,46,187.65,0.17585,11.714,3.514,190.0,193.51,44.85,1325.313,,190.0,193.51,0.3554,198.69,delta,184.65,0,1
IWM,2023-09-15,PUT,2018-2025,2023-08-01,45,197.8,0.18073,12.552,3.766,186.23,190.0,33.18,19.698,,190.0,186.23,0.1729,187.63,banda,183.61,1,1
IWM,2023-09-15,CALL,2018-2025,2023-08-01,45,197.8,0.18073,12.552,3.766,202.0,205.77,40.98,544.422,,205.0,205.77,0.2902,209.16,delta,183.61,0,0
IWM,2023-10-20,PUT,2018-2025,2023-09-05,45,186.83,0.16609,10.896,3.269,179.73,183.0,47.5,84.278,,181.0,179.73,0.2485,177.22,delta,166.44,1,1
IWM,2023-10-20,CALL,2018-2025,2023-09-05,45,186.83,0.16609,10.896,3.269,190.0,193.27,45.3,335.566,,190.0,193.27,0.3133,196.95,delta,166.44,0,0
IWM,2023-11-17,PUT,2018-2025,2023-10-03,45,171.14,0.21975,13.205,3.962,165.04,169.0,72.94,95.016,,168.0,165.04,0.2901,160.65,delta,178.29,0,1
IWM,2023-11-17,CALL,2018-2025,2023-10-03,45,171.14,0.21975,13.205,3.962,175.0,178.96,33.37,48.88,0.406,175.0,178.96,0.3061,182.66,delta,178.29,0,1
IWM,2023-12-15,PUT,2018-2025,2023-10-31,45,164.52,0.21487,12.413,3.724,156.28,160.0,42.86,15.664,,160.0,156.28,0.2322,154.73,delta,197.04,0,0
IWM,2023-12-15,CALL,2018-2025,2023-10-31,45,164.52,0.21487,12.413,3.724,175.0,178.72,28.85,100.678,,175.0,178.72,0.1213,175.38,banda,197.04,1,1
IWM,2024-01-19,PUT,2018-2025,2023-12-05,45,184.39,0.18561,12.017,3.605,169.39,173.0,30.62,20.31,,170.0,169.39,0.1203,174.83,banda,192.43,0,0
IWM,2024-01-19,CALL,2018-2025,2023-12-05,45,184.39,0.18561,12.017,3.605,190.0,193.61,43.64,11325.515,,190.0,193.61,0.2635,196.19,delta,192.43,0,1
IWM,2024-02-16,PUT,2018-2025,2024-01-02,45,199.52,0.20512,14.37,4.311,189.69,194.0,56.47,326.151,,190.0,189.69,0.221,188.27,delta,201.66,0,1
IWM,2024-02-16,CALL,2018-2025,2024-01-02,45,199.52,0.20512,14.37,4.311,206.0,210.31,36.12,6.164,,210.0,210.31,0.2676,213.61,delta,201.66,0,0
IWM,2024-03-15,PUT,2018-2025,2024-01-30,45,197.71,0.20999,14.578,4.373,185.63,190.0,30.83,13.835,,190.0,185.63,0.1735,187.05,banda,202.41,0,0
IWM,2024-03-15,CALL,2018-2025,2024-01-30,45,197.71,0.20999,14.578,4.373,200.0,204.37,40.67,19.737,,200.0,204.37,0.3772,212.6,delta,202.41,0,1
IWM,2024-04-19,PUT,2018-2025,2024-03-05,45,203.73,0.21487,15.371,4.611,191.39,196.0,38.41,17.2,,196.0,191.39,0.1939,191.75,banda,193.14,0,1
IWM,2024-04-19,CALL,2018-2025,2024-03-05,45,203.73,0.21487,15.371,4.611,211.0,215.61,46.65,15.755,,215.0,215.61,0.2603,218.8,delta,193.14,0,0
IWM,2024-05-17,PUT,2018-2025,2024-04-02,45,204.49,0.20512,14.728,4.418,193.58,198.0,42.98,54.863,,198.0,193.58,0.2022,193.46,delta,208.08,0,1
IWM,2024-05-17,CALL,2018-2025,2024-04-02,45,204.49,0.20512,14.728,4.418,207.0,211.42,37.85,5.411,,210.0,211.42,0.365,218.93,delta,208.08,0,0
IWM,2024-06-21,PUT,2018-2025,2024-05-07,45,204.97,0.19537,14.06,4.218,191.78,196.0,38.03,35.461,,200.0,191.78,0.1622,193.92,banda,200.35,0,0
IWM,2024-06-21,CALL,2018-2025,2024-05-07,45,204.97,0.19537,14.06,4.218,209.0,213.22,33.95,3.988,,210.0,213.22,0.3134,218.08,delta,200.35,0,0
IWM,2024-07-19,PUT,2018-2025,2024-06-04,45,201.97,0.18073,12.816,3.845,191.16,195.0,51.5,194.373,,195.0,191.16,0.1916,191.58,banda,216.84,0,0
IWM,2024-07-19,CALL,2018-2025,2024-06-04,45,201.97,0.18073,12.816,3.845,214.0,217.84,30.85,3.209,,215.0,217.84,0.1313,214.23,banda,216.84,0,1
IWM,2024-08-16,PUT,2018-2025,2024-07-02,45,201.88,0.17097,12.119,3.636,189.36,193.0,39.31,161.413,,192.0,189.36,0.1455,192.51,banda,212.6,0,0
IWM,2024-08-16,CALL,2018-2025,2024-07-02,45,201.88,0.17097,12.119,3.636,208.0,211.64,50.85,14.69,,210.0,211.64,0.2455,213.48,delta,212.6,1,1
IWM,2024-09-20,PUT,2018-2025,2024-08-06,45,204.4,0.30268,21.723,6.517,188.48,195.0,39.9,4.46,,200.0,188.48,0.2119,187.18,delta,221.57,0,0
IWM,2024-09-20,CALL,2018-2025,2024-08-06,45,204.4,0.30268,21.723,6.517,214.0,220.52,33.83,4.512,,210.0,220.52,0.241,223.02,delta,221.57,1,1
IWM,2024-10-18,PUT,2018-2025,2024-09-03,45,213.35,0.22951,17.193,5.158,204.84,210.0,54.46,20.985,,210.0,204.84,0.2859,199.25,delta,225.65,0,1
IWM,2024-10-18,CALL,2018-2025,2024-09-03,45,213.35,0.22951,17.193,5.158,220.0,225.16,45.26,4.919,,220.0,225.16,0.2728,229.13,delta,225.65,1,1
IWM,2024-11-15,PUT,2018-2025,2024-10-01,45,217.89,0.24902,19.052,5.715,206.28,212.0,43.03,28.333,0.414,210.0,206.28,0.2515,202.33,delta,228.48,0,0
IWM,2024-11-15,CALL,2018-2025,2024-10-01,45,217.89,0.24902,19.052,5.715,225.0,230.72,56.43,5.342,,230.0,230.72,0.2758,235.34,delta,228.48,0,1
IWM,2024-12-20,PUT,2018-2025,2024-11-05,45,224.23,0.25877,20.374,6.112,204.89,211.0,34.55,16.17,,210.0,204.89,0.1592,208.47,banda,221.92,0,0
IWM,2024-12-20,CALL,2018-2025,2024-11-05,45,224.23,0.25877,20.374,6.112,229.0,235.11,42.14,30.596,,230.0,235.11,0.3337,243.82,delta,221.92,0,1
IWM,2025-01-17,PUT,2018-2025,2024-12-03,45,240.03,0.20511,17.287,5.186,224.81,230.0,39.3,40.309,,230.0,224.81,0.1871,225.7,banda,225.46,0,1
IWM,2025-01-17,CALL,2018-2025,2024-12-03,45,240.03,0.20511,17.287,5.186,245.0,250.19,57.51,13.345,,250.0,250.19,0.308,255.94,delta,225.46,0,0
IWM,2025-02-21,PUT,2018-2025,2025-01-07,45,222.72,0.21,16.422,4.927,209.07,214.0,48.53,1138.255,,214.0,209.07,0.1954,209.36,banda,217.8,0,0
IWM,2025-02-21,CALL,2018-2025,2025-01-07,45,222.72,0.21,16.422,4.927,226.0,230.93,34.71,6.472,,235.0,230.93,0.3433,238.15,delta,217.8,0,0
IWM,2025-03-21,PUT,2018-2025,2025-02-04,45,226.93,0.20512,16.344,4.903,213.1,218.0,43.76,15.166,,215.0,213.1,0.1957,213.72,banda,203.79,1,1
IWM,2025-03-21,CALL,2018-2025,2025-02-04,45,226.93,0.20512,16.344,4.903,231.0,235.9,32.82,28.262,,235.0,235.9,0.3204,241.15,delta,203.79,0,0
IWM,2025-04-17,PUT,2018-2025,2025-03-03,45,208.78,0.24902,18.255,5.477,199.52,205.0,77.44,41.212,,205.0,199.52,0.2794,194.25,delta,186.48,1,1
IWM,2025-04-17,CALL,2018-2025,2025-03-03,45,208.78,0.24902,18.255,5.477,220.0,225.48,42.2,25.958,,222.0,225.48,0.1752,224.38,banda,186.48,0,0
IWM,2025-05-16,PUT,2018-2025,2025-04-01,45,199.51,0.24414,17.103,5.131,189.87,195.0,70.29,12.338,,190.0,189.87,0.2647,185.62,delta,209.85,0,1
IWM,2025-05-16,CALL,2018-2025,2025-04-01,45,199.51,0.24414,17.103,5.131,210.0,215.13,35.66,26.132,,215.0,215.13,0.1924,214.68,banda,209.85,0,0
IWM,2025-06-20,PUT,2018-2025,2025-05-06,45,196.77,0.25877,17.879,5.364,184.64,190.0,50.77,17.078,,190.0,184.64,0.2443,181.43,delta,209.21,0,0
IWM,2025-06-20,CALL,2018-2025,2025-05-06,45,196.77,0.25877,17.879,5.364,210.0,215.36,33.04,34.586,,210.0,215.36,0.1441,211.73,banda,209.21,0,1
IWM,2025-07-18,PUT,2018-2025,2025-06-03,45,209.03,0.21975,16.129,4.839,197.16,202.0,28.26,4.235,,200.0,197.16,0.2262,195.48,delta,222.33,0,0
IWM,2025-07-18,CALL,2018-2025,2025-06-03,45,209.03,0.21975,16.129,4.839,220.0,224.84,44.03,925.202,,220.0,224.84,0.1652,223.21,banda,222.33,0,1
IWM,2025-08-15,PUT,2018-2025,2025-07-01,45,218.01,0.21487,16.448,4.935,203.07,208.0,30.84,5.754,,205.0,203.07,0.1796,204.4,banda,227.13,0,0
IWM,2025-08-15,CALL,2018-2025,2025-07-01,45,218.01,0.21487,16.448,4.935,230.0,234.93,45.22,492.041,0.047,230.0,234.93,0.1829,233.95,banda,227.13,0,0
IWM,2025-09-19,PUT,2018-2025,2025-08-05,45,220.85,0.22951,17.797,5.339,209.66,215.0,49.58,11.572,,210.0,209.66,0.2562,205.48,delta,242.98,0,0
IWM,2025-09-19,CALL,2018-2025,2025-08-05,45,220.85,0.22951,17.797,5.339,230.0,235.34,56.17,23.515,,230.0,235.34,0.2141,236.15,delta,242.98,1,1
IWM,2025-10-17,PUT,2018-2025,2025-09-02,45,233.9,0.21975,18.048,5.414,219.59,225.0,39.03,13.011,,215.0,219.59,0.2075,218.74,delta,243.41,0,0
IWM,2025-10-17,CALL,2018-2025,2025-09-02,45,233.9,0.21975,18.048,5.414,240.0,245.41,56.89,3.761,,240.0,245.41,0.2836,250.12,delta,243.41,0,1
IWM,2025-11-21,PUT,2018-2025,2025-10-07,45,244.16,0.21487,18.421,5.526,229.47,235.0,43.13,153.041,,235.0,229.47,0.2006,229.43,delta,235.6,0,1
IWM,2025-11-21,CALL,2018-2025,2025-10-07,45,244.16,0.21487,18.421,5.526,250.0,255.53,67.63,657.326,,250.0,255.53,0.2946,261.02,delta,235.6,0,0
IWM,2025-12-19,PUT,2018-2025,2025-11-04,45,241.2,0.24414,20.676,6.203,229.8,236.0,39.1,8.645,,235.0,229.8,0.2705,224.29,delta,251.93,0,1
IWM,2025-12-19,CALL,2018-2025,2025-11-04,45,241.2,0.24414,20.676,6.203,249.0,255.2,49.95,13.739,,250.0,255.2,0.2641,258.58,delta,251.93,0,1
